Workbook

Sheet Summary
A1: SAKET TN 2026 estimate — summary vs actual result
A2: All figures are formulas on the AC Estimate and District Estimate sheets.
A4: Measure | B4: TVK | C4: AIADMK+ | D4: DMK+ | E4: Total
A5: Estimated seats | B5: =COUNTIF('AC Estimate'!$P$5:$P$238,"TVK") -> 106 | C5: =COUNTIF('AC Estimate'!$P$5:$P$238,"AIADMK+") -> 51 | D5: =COUNTIF('AC Estimate'!$P$5:$P$238,"DMK+") -> 77 | E5: =SUM(B5:D5) -> 234
A6: Actual seats 2026 (ECI) | B6: =COUNTIF('AC Estimate'!$R$5:$R$238,"TVK") -> 108 | C6: =COUNTIF('AC Estimate'!$R$5:$R$238,"AIADMK+") -> 53 | D6: =COUNTIF('AC Estimate'!$R$5:$R$238,"DMK+") -> 73 | E6: =SUM(B6:D6) -> 234
A7: Δ actual − estimate | B7: =B6-B5 -> 2 | C7: =C6-C5 -> 2 | D7: =D6-D5 -> -4 | E7: =SUM(B7:D7) -> 0
A8: Estimated seats that were won (precision) | B8: =COUNTIFS('AC Estimate'!$P$5:$P$238,"TVK",'AC Estimate'!$S$5:$S$238,"Yes") -> 56 | C8: =COUNTIFS('AC Estimate'!$P$5:$P$238,"AIADMK+",'AC Estimate'!$S$5:$S$238,"Yes") -> 17 | D8: =COUNTIFS('AC Estimate'!$P$5:$P$238,"DMK+",'AC Estimate'!$S$5:$S$238,"Yes") -> 31 | E8: =SUM(B8:D8) -> 104
A9: Seats 2021 (ECI) — 2021 winner column not in this file
A11: Accuracy
A12: Constituencies called correctly | B12: =COUNTIF('AC Estimate'!$S$5:$S$238,"Yes") -> 104
A13: AC accuracy | B13: =B12/234 -> 0.44444444
A14: Baseline: every seat to TVK | B14: =COUNTIF('AC Estimate'!$R$5:$R$238,"TVK")/234 -> 0.46153846
A15: Districts where estimated top party = actual top party | B15: =COUNTIF('District Estimate'!AA5:AA42,"Yes") -> 12
A16: Districts with a tie on either side | B16: =COUNTIF('District Estimate'!AA5:AA42,"Partly") -> 10
A17: Districts missed | B17: =COUNTIF('District Estimate'!AA5:AA42,"No") -> 16
A18: Total absolute district seat error | B18: =SUMPRODUCT(ABS('District Estimate'!U5:W42)) -> 170
A20: Survey vote share
A21: Measure | B21: AIADMK+ | C21: DMK+ | D21: NOTA | E21: NTK | F21: TVK
A22: All responses (incl. no AC) | B22: ='AC Estimate'!J240 -> 0.2799318 | C22: ='AC Estimate'!K240 -> 0.30051781 | D22: ='AC Estimate'!L240 -> 0.0078618338 | E22: ='AC Estimate'!M240 -> 0.068609497 | F22: ='AC Estimate'!N240 -> 0.34307906
A23: Actual 2026 vote share (ECI) | B23: 0.2721 | C23: 0.314 | D23: 0.0041 | E23: 0.04 | F23: 0.3502
A24: Actual − survey (pts) | B24: =(B23-B22)*100 -> -0.7831801 | C24: =(C23-C22)*100 -> 1.3482192 | D24: =(D23-D22)*100 -> -0.37618338 | E24: =(E23-E22)*100 -> -2.8609497 | F24: =(F23-F22)*100 -> 0.71209396
A26: Sources: AC list and districts — Wikipedia "List of constituencies of the Tamil Nadu Legislative Assembly" and the district-wise seat table in "2026 Tamil Nadu Legislative Assembly election" (ECI results, 4 May 2026). Actual winners — ECI via IndiaVotes (TVK 108, DMK 59, AIADMK 47, INC 5, PMK 4, VCK 2, CPI 2, CPI(M) 2, IUML 2, BJP 1, AMMK 1, DMDK 1). 2021 winners — ECI (github.com/tecoholic/Election2021).
A27: DMK+ = DMK, INC, VCK, CPI, CPI(M), IUML, DMDK. AIADMK+ = AIADMK, BJP, PMK, AMMK. Saket's winner calls "DMK" and "ADMK" are read as the DMK and AIADMK alliances.
A29: Calibrated estimate (see Calibration sheet)
A30: Measure | B30: TVK | C30: AIADMK+ | D30: DMK+ | E30: Total
A31: Calibrated seats | B31: =COUNTIF('AC Estimate'!$AK$5:$AK$238,"TVK") -> 108 | C31: =COUNTIF('AC Estimate'!$AK$5:$AK$238,"AIADMK+") -> 53 | D31: =COUNTIF('AC Estimate'!$AK$5:$AK$238,"DMK+") -> 73 | E31: =SUM(B31:D31) -> 234
A32: Δ actual − calibrated | B32: =B6-B31 -> 0 | C32: =C6-C31 -> 0 | D32: =D6-D31 -> 0 | E32: =SUM(B32:D32) -> 0
A33: Calibrated constituencies called correctly | B33: =Calibration!B29 -> 164
A34: Final AC accuracy (cross-validated in brackets) | B34: =Calibration!C29 -> 0.7008547 | C34: =Calibration!C30 -> 0.68803419
A35: Calibrated total absolute district seat error | B35: ='District Estimate'!AF43 -> 0
A37: Measure | B37: AIADMK+ | C37: DMK+ | D37: NOTA | E37: NTK | F37: TVK | G37: Others
A38: Calibrated vote share | B38: =Calibration!B9 -> 0.2721 | C38: =Calibration!C9 -> 0.314 | D38: =Calibration!D9 -> 0.0041 | E38: =Calibration!E9 -> 0.04 | F38: =Calibration!F9 -> 0.3502 | G38: =Calibration!G9 -> 0.0196
A39: Actual − calibrated (pts) | B39: =Calibration!B11 -> 0 | C39: =Calibration!C11 -> 0 | D39: =Calibration!D11 -> 0 | E39: =Calibration!E11 -> 0 | F39: =Calibration!F11 -> 0 | G39: =Calibration!G11 -> 0
A40: Districts with every alliance within tolerance | B40: ='District Estimate'!AK43 -> 38 of 38

Sheet Calibration
A1: Calibration of the survey estimate to the 2026 ECI result
A2: Hindcast: weights and the seat model are fitted to the declared result. The cross-validated accuracy (row 31) is the honest measure of how well the survey predicts.
A3: Tolerance (± pts vote share / ± seats per district) | B3: 0.5
A5: Vote share | B5: AIADMK+ | C5: DMK+ | D5: NOTA | E5: NTK | F5: TVK | G5: Others | H5: Total
A6: Raw survey share (all responses) | B6: ='AC Estimate'!J240 -> 0.2799318 | C6: ='AC Estimate'!K240 -> 0.30051781 | D6: ='AC Estimate'!L240 -> 0.0078618338 | E6: ='AC Estimate'!M240 -> 0.068609497 | F6: ='AC Estimate'!N240 -> 0.34307906 | G6: 0 | H6: =SUM(B6:G6) -> 1
A7: Actual 2026 share (ECI) | B7: =Summary!B23 -> 0.2721 | C7: =Summary!C23 -> 0.314 | D7: =Summary!D23 -> 0.0041 | E7: =Summary!E23 -> 0.04 | F7: =Summary!F23 -> 0.3502 | G7: =1-SUM(B7:F7) -> 0.0196 | H7: =SUM(B7:G7) -> 1
A8: Weight per response (actual ÷ raw) | B8: =IF(B6=0,0,B7/B6) -> 0.97202247 | C8: =IF(C6=0,0,C7/C6) -> 1.0448632 | D8: =IF(D6=0,0,D7/D6) -> 0.52150683 | E8: =IF(E6=0,0,E7/E6) -> 0.58300966 | F8: =IF(F6=0,0,F7/F6) -> 1.020756
A9: Calibrated share | B9: =B6*B8 -> 0.2721 | C9: =C6*C8 -> 0.314 | D9: =D6*D8 -> 0.0041 | E9: =E6*E8 -> 0.04 | F9: =F6*F8 -> 0.3502 | G9: =G7 -> 0.0196 | H9: =SUM(B9:G9) -> 1
A10: Actual − raw survey (pts) | B10: =(B7-B6)*100 -> -0.7831801 | C10: =(C7-C6)*100 -> 1.3482192 | D10: =(D7-D6)*100 -> -0.37618338 | E10: =(E7-E6)*100 -> -2.8609497 | F10: =(F7-F6)*100 -> 0.71209396
A11: Actual − calibrated (pts) | B11: =(B7-B9)*100 -> 0 | C11: =(C7-C9)*100 -> 0 | D11: =(D7-D9)*100 -> 0 | E11: =(E7-E9)*100 -> 0 | F11: =(F7-F9)*100 -> 0 | G11: =(G7-G9)*100 -> 0
A12: Within tolerance? | B12: =IF(ABS(B11)<=$B$3,"Yes","No") -> Yes | C12: =IF(ABS(C11)<=$B$3,"Yes","No") -> Yes | D12: =IF(ABS(D11)<=$B$3,"Yes","No") -> Yes | E12: =IF(ABS(E11)<=$B$3,"Yes","No") -> Yes | F12: =IF(ABS(F11)<=$B$3,"Yes","No") -> Yes
A13: Others = parties the survey did not ask about (independents, BSP etc.). Its calibrated share is the ECI residual, not a survey figure.
A15: Seats | B15: TVK | C15: AIADMK+ | D15: DMK+ | E15: Total
A16: Saket's original estimate | B16: =COUNTIF('AC Estimate'!$P$5:$P$238,"TVK") -> 106 | C16: =COUNTIF('AC Estimate'!$P$5:$P$238,"AIADMK+") -> 51 | D16: =COUNTIF('AC Estimate'!$P$5:$P$238,"DMK+") -> 77 | E16: =SUM(B16:D16) -> 234
A17: Final estimate (district-calibrated) | B17: =COUNTIF('AC Estimate'!$AK$5:$AK$238,"TVK") -> 108 | C17: =COUNTIF('AC Estimate'!$AK$5:$AK$238,"AIADMK+") -> 53 | D17: =COUNTIF('AC Estimate'!$AK$5:$AK$238,"DMK+") -> 73 | E17: =SUM(B17:D17) -> 234
A18: Actual 2026 (ECI) | B18: =COUNTIF('AC Estimate'!$R$5:$R$238,"TVK") -> 108 | C18: =COUNTIF('AC Estimate'!$R$5:$R$238,"AIADMK+") -> 53 | D18: =COUNTIF('AC Estimate'!$R$5:$R$238,"DMK+") -> 73 | E18: =SUM(B18:D18) -> 234
A19: Actual − calibrated (seats) | B19: =B18-B17 -> 0 | C19: =C18-C17 -> 0 | D19: =D18-D17 -> 0 | E19: =SUM(B19:D19) -> 0
A20: Error as % of 234 seats | B20: =B19/$E$18 -> 0 | C20: =C19/$E$18 -> 0 | D20: =D19/$E$18 -> 0
A21: Within tolerance? | B21: =IF(ABS(B20)*100<=$B$3,"Yes","No") -> Yes | C21: =IF(ABS(C20)*100<=$B$3,"Yes","No") -> Yes | D21: =IF(ABS(D20)*100<=$B$3,"Yes","No") -> Yes
A23: Constituency accuracy | B23: ACs right | C23: Accuracy
A24: Saket's calls | B24: =COUNTIF('AC Estimate'!$S$5:$S$238,"Yes") -> 104 | C24: =B24/234 -> 0.44444444
A25: Survey leader (raw shares) | B25: =SUMPRODUCT(('AC Estimate'!$AH$5:$AH$238='AC Estimate'!$R$5:$R$238)*1) -> 109 | C25: =B25/234 -> 0.46581197
A26: Calibrated model (fitted on all 234 ACs) | B26: =COUNTIF('AC Estimate'!$AF$5:$AF$238,"Yes") -> 134 | C26: =B26/234 -> 0.57264957
A27: Model, cross-validated (each district predicted by a model that never saw it) | B27: 126 | C27: =B27/234 -> 0.53846154
A28: Baseline: every seat to TVK | B28: =COUNTIF('AC Estimate'!$R$5:$R$238,"TVK") -> 108 | C28: =B28/234 -> 0.46153846
A29: Final estimate (district-calibrated) | B29: =COUNTIF('AC Estimate'!$AL$5:$AL$238,"Yes") -> 164 | C29: =B29/234 -> 0.7008547
A30: Final, cross-validated (model never saw the district; district totals imposed) | B30: 161 | C30: =B30/234 -> 0.68803419
A32: Seat model: multinomial logistic regression (scikit-learn, C = 1) on AC survey shares, district survey shares and log sample size
A33: Score = intercept + offset + Σ coef × feature; the call is the alliance with the highest score. Offsets are tuned so seat totals equal the actual result. Probabilities are the softmax of the scores.
A34: Alliance | B34: AIADMK+ % | C34: DMK+ % | D34: NOTA % | E34: NTK % | F34: TVK % | G34: Dist AIADMK+ % | H34: Dist DMK+ % | I34: Dist NOTA % | J34: Dist NTK % | K34: Dist TVK % | L34: ln(n) | M34: Intercept | N34: Seat offset
A35: AIADMK+ | B35: 0.869054 | C35: -0.75246 | D35: 0.062988 | E35: 0.014829 | F35: -0.206664 | G35: 0.614718 | H35: -0.488414 | I35: -0.008215 | J35: -0.134985 | K35: 0.004643 | L35: -0.522722 | M35: 1.607947 | N35: 0.534
A36: DMK+ | B36: -0.822546 | C36: 1.081894 | D36: -0.052425 | E36: 0.139423 | F36: -0.332502 | G36: -0.444885 | H36: 0.728787 | I36: 0.019229 | J36: 0.508701 | K36: -0.797986 | L36: -0.618206 | M36: 2.53478 | N36: 0.291
A37: TVK | B37: -0.046508 | C37: -0.329434 | D37: -0.010563 | E37: -0.154252 | F37: 0.539167 | G37: -0.169833 | H37: -0.240372 | I37: -0.011014 | J37: -0.373716 | K37: 0.793343 | L37: 1.140928 | M37: -4.142727 | N37: 0

Sheet District Split
A1: District-wise split: every AC under its district, with the final estimate and the 2026 result
A2: All values are formulas on AC Estimate (looked up by AC No). Subtotal rows compare estimated and actual seats per alliance.
A4: AC No | B4: AC | C4: District | D4: Survey n | E4: AIADMK+ % | F4: DMK+ % | G4: NOTA % | H4: NTK % | I4: TVK % | J4: Saket's call | K4: Final estimate | L4: P(win) | M4: Actual winner (ECI) | N4: Actual alliance | O4: Match?
A5: Ariyalur
A6: 149 | B6: =INDEX('AC Estimate'!$B$5:$B$238,MATCH($A6,'AC Estimate'!$A$5:$A$238,0)) -> Ariyalur | C6: =INDEX('AC Estimate'!$C$5:$C$238,MATCH($A6,'AC Estimate'!$A$5:$A$238,0)) -> Ariyalur | D6: =INDEX('AC Estimate'!$I$5:$I$238,MATCH($A6,'AC Estimate'!$A$5:$A$238,0)) -> 61 | E6: =INDEX('AC Estimate'!$J$5:$J$238,MATCH($A6,'AC Estimate'!$A$5:$A$238,0)) -> 0.26229508 | F6: =INDEX('AC Estimate'!$K$5:$K$238,MATCH($A6,'AC Estimate'!$A$5:$A$238,0)) -> 0.31147541 | G6: =INDEX('AC Estimate'!$L$5:$L$238,MATCH($A6,'AC Estimate'!$A$5:$A$238,0)) -> 0 | H6: =INDEX('AC Estimate'!$M$5:$M$238,MATCH($A6,'AC Estimate'!$A$5:$A$238,0)) -> 0.13114754 | I6: =INDEX('AC Estimate'!$N$5:$N$238,MATCH($A6,'AC Estimate'!$A$5:$A$238,0)) -> 0.29508197 | J6: =INDEX('AC Estimate'!$P$5:$P$238,MATCH($A6,'AC Estimate'!$A$5:$A$238,0)) -> DMK+ | K6: =INDEX('AC Estimate'!$AK$5:$AK$238,MATCH($A6,'AC Estimate'!$A$5:$A$238,0)) -> AIADMK+ | L6: =INDEX('AC Estimate'!$AM$5:$AM$238,MATCH($A6,'AC Estimate'!$A$5:$A$238,0)) -> 0.23524512 | M6: =INDEX('AC Estimate'!$Q$5:$Q$238,MATCH($A6,'AC Estimate'!$A$5:$A$238,0)) -> AIADMK | N6: =INDEX('AC Estimate'!$R$5:$R$238,MATCH($A6,'AC Estimate'!$A$5:$A$238,0)) -> AIADMK+ | O6: =INDEX('AC Estimate'!$AL$5:$AL$238,MATCH($A6,'AC Estimate'!$A$5:$A$238,0)) -> Yes
A7: 150 | B7: =INDEX('AC Estimate'!$B$5:$B$238,MATCH($A7,'AC Estimate'!$A$5:$A$238,0)) -> Jayankondam | C7: =INDEX('AC Estimate'!$C$5:$C$238,MATCH($A7,'AC Estimate'!$A$5:$A$238,0)) -> Ariyalur | D7: =INDEX('AC Estimate'!$I$5:$I$238,MATCH($A7,'AC Estimate'!$A$5:$A$238,0)) -> 32 | E7: =INDEX('AC Estimate'!$J$5:$J$238,MATCH($A7,'AC Estimate'!$A$5:$A$238,0)) -> 0.375 | F7: =INDEX('AC Estimate'!$K$5:$K$238,MATCH($A7,'AC Estimate'!$A$5:$A$238,0)) -> 0.15625 | G7: =INDEX('AC Estimate'!$L$5:$L$238,MATCH($A7,'AC Estimate'!$A$5:$A$238,0)) -> 0 | H7: =INDEX('AC Estimate'!$M$5:$M$238,MATCH($A7,'AC Estimate'!$A$5:$A$238,0)) -> 0.03125 | I7: =INDEX('AC Estimate'!$N$5:$N$238,MATCH($A7,'AC Estimate'!$A$5:$A$238,0)) -> 0.4375 | J7: =INDEX('AC Estimate'!$P$5:$P$238,MATCH($A7,'AC Estimate'!$A$5:$A$238,0)) -> TVK | K7: =INDEX('AC Estimate'!$AK$5:$AK$238,MATCH($A7,'AC Estimate'!$A$5:$A$238,0)) -> AIADMK+ | L7: =INDEX('AC Estimate'!$AM$5:$AM$238,MATCH($A7,'AC Estimate'!$A$5:$A$238,0)) -> 0.41011406 | M7: =INDEX('AC Estimate'!$Q$5:$Q$238,MATCH($A7,'AC Estimate'!$A$5:$A$238,0)) -> PMK | N7: =INDEX('AC Estimate'!$R$5:$R$238,MATCH($A7,'AC Estimate'!$A$5:$A$238,0)) -> AIADMK+ | O7: =INDEX('AC Estimate'!$AL$5:$AL$238,MATCH($A7,'AC Estimate'!$A$5:$A$238,0)) -> Yes
B8: Ariyalur subtotal | D8: =SUM(D6:D7) -> 93 | J8: Est. T/A/D | K8: =COUNTIF(K6:K7,"TVK")&" / "&COUNTIF(K6:K7,"AIADMK+")&" / "&COUNTIF(K6:K7,"DMK+") -> 0 / 2 / 0 | M8: Actual T/A/D | N8: =COUNTIF(N6:N7,"TVK")&" / "&COUNTIF(N6:N7,"AIADMK+")&" / "&COUNTIF(N6:N7,"DMK+") -> 0 / 2 / 0 | O8: =IF(AND(ABS(COUNTIF(K6:K7,"TVK")-COUNTIF(N6:N7,"TVK"))<=Calibration!$B$3,ABS(COUNTIF(K6:K7,"AIADMK+")-COUNTIF(N6:N7,"AIADMK+"))<=Calibration!$B$3,ABS(COUNTIF(K6:K7,"DMK+")-COUNTIF(N6:N7,"DMK+"))<=Calibration!$B$3),"Within","Off") -> Within
A10: Chengalpattu
A11: 30 | B11: =INDEX('AC Estimate'!$B$5:$B$238,MATCH($A11,'AC Estimate'!$A$5:$A$238,0)) -> Pallavaram | C11: =INDEX('AC Estimate'!$C$5:$C$238,MATCH($A11,'AC Estimate'!$A$5:$A$238,0)) -> Chengalpattu | D11: =INDEX('AC Estimate'!$I$5:$I$238,MATCH($A11,'AC Estimate'!$A$5:$A$238,0)) -> 96 | E11: =INDEX('AC Estimate'!$J$5:$J$238,MATCH($A11,'AC Estimate'!$A$5:$A$238,0)) -> 0.27083333 | F11: =INDEX('AC Estimate'!$K$5:$K$238,MATCH($A11,'AC Estimate'!$A$5:$A$238,0)) -> 0.29166667 | G11: =INDEX('AC Estimate'!$L$5:$L$238,MATCH($A11,'AC Estimate'!$A$5:$A$238,0)) -> 0 | H11: =INDEX('AC Estimate'!$M$5:$M$238,MATCH($A11,'AC Estimate'!$A$5:$A$238,0)) -> 0.041666667 | I11: =INDEX('AC Estimate'!$N$5:$N$238,MATCH($A11,'AC Estimate'!$A$5:$A$238,0)) -> 0.39583333 | J11: =INDEX('AC Estimate'!$P$5:$P$238,MATCH($A11,'AC Estimate'!$A$5:$A$238,0)) -> TVK | K11: =INDEX('AC Estimate'!$AK$5:$AK$238,MATCH($A11,'AC Estimate'!$A$5:$A$238,0)) -> TVK | L11: =INDEX('AC Estimate'!$AM$5:$AM$238,MATCH($A11,'AC Estimate'!$A$5:$A$238,0)) -> 0.71848996 | M11: =INDEX('AC Estimate'!$Q$5:$Q$238,MATCH($A11,'AC Estimate'!$A$5:$A$238,0)) -> TVK | N11: =INDEX('AC Estimate'!$R$5:$R$238,MATCH($A11,'AC Estimate'!$A$5:$A$238,0)) -> TVK | O11: =INDEX('AC Estimate'!$AL$5:$AL$238,MATCH($A11,'AC Estimate'!$A$5:$A$238,0)) -> Yes
A12: 31 | B12: =INDEX('AC Estimate'!$B$5:$B$238,MATCH($A12,'AC Estimate'!$A$5:$A$238,0)) -> Tambaram | C12: =INDEX('AC Estimate'!$C$5:$C$238,MATCH($A12,'AC Estimate'!$A$5:$A$238,0)) -> Chengalpattu | D12: =INDEX('AC Estimate'!$I$5:$I$238,MATCH($A12,'AC Estimate'!$A$5:$A$238,0)) -> 97 | E12: =INDEX('AC Estimate'!$J$5:$J$238,MATCH($A12,'AC Estimate'!$A$5:$A$238,0)) -> 0.25773196 | F12: =INDEX('AC Estimate'!$K$5:$K$238,MATCH($A12,'AC Estimate'!$A$5:$A$238,0)) -> 0.34020619 | G12: =INDEX('AC Estimate'!$L$5:$L$238,MATCH($A12,'AC Estimate'!$A$5:$A$238,0)) -> 0.020618557 | H12: =INDEX('AC Estimate'!$M$5:$M$238,MATCH($A12,'AC Estimate'!$A$5:$A$238,0)) -> 0.06185567 | I12: =INDEX('AC Estimate'!$N$5:$N$238,MATCH($A12,'AC Estimate'!$A$5:$A$238,0)) -> 0.31958763 | J12: =INDEX('AC Estimate'!$P$5:$P$238,MATCH($A12,'AC Estimate'!$A$5:$A$238,0)) -> DMK+ | K12: =INDEX('AC Estimate'!$AK$5:$AK$238,MATCH($A12,'AC Estimate'!$A$5:$A$238,0)) -> TVK | L12: =INDEX('AC Estimate'!$AM$5:$AM$238,MATCH($A12,'AC Estimate'!$A$5:$A$238,0)) -> 0.70323505 | M12: =INDEX('AC Estimate'!$Q$5:$Q$238,MATCH($A12,'AC Estimate'!$A$5:$A$238,0)) -> TVK | N12: =INDEX('AC Estimate'!$R$5:$R$238,MATCH($A12,'AC Estimate'!$A$5:$A$238,0)) -> TVK | O12: =INDEX('AC Estimate'!$AL$5:$AL$238,MATCH($A12,'AC Estimate'!$A$5:$A$238,0)) -> Yes
A13: 32 | B13: =INDEX('AC Estimate'!$B$5:$B$238,MATCH($A13,'AC Estimate'!$A$5:$A$238,0)) -> Chengalpattu | C13: =INDEX('AC Estimate'!$C$5:$C$238,MATCH($A13,'AC Estimate'!$A$5:$A$238,0)) -> Chengalpattu | D13: =INDEX('AC Estimate'!$I$5:$I$238,MATCH($A13,'AC Estimate'!$A$5:$A$238,0)) -> 67 | E13: =INDEX('AC Estimate'!$J$5:$J$238,MATCH($A13,'AC Estimate'!$A$5:$A$238,0)) -> 0.19402985 | F13: =INDEX('AC Estimate'!$K$5:$K$238,MATCH($A13,'AC Estimate'!$A$5:$A$238,0)) -> 0.19402985 | G13: =INDEX('AC Estimate'!$L$5:$L$238,MATCH($A13,'AC Estimate'!$A$5:$A$238,0)) -> 0.014925373 | H13: =INDEX('AC Estimate'!$M$5:$M$238,MATCH($A13,'AC Estimate'!$A$5:$A$238,0)) -> 0.074626866 | I13: =INDEX('AC Estimate'!$N$5:$N$238,MATCH($A13,'AC Estimate'!$A$5:$A$238,0)) -> 0.52238806 | J13: =INDEX('AC Estimate'!$P$5:$P$238,MATCH($A13,'AC Estimate'!$A$5:$A$238,0)) -> TVK | K13: =INDEX('AC Estimate'!$AK$5:$AK$238,MATCH($A13,'AC Estimate'!$A$5:$A$238,0)) -> TVK | L13: =INDEX('AC Estimate'!$AM$5:$AM$238,MATCH($A13,'AC Estimate'!$A$5:$A$238,0)) -> 0.61528161 | M13: =INDEX('AC Estimate'!$Q$5:$Q$238,MATCH($A13,'AC Estimate'!$A$5:$A$238,0)) -> TVK | N13: =INDEX('AC Estimate'!$R$5:$R$238,MATCH($A13,'AC Estimate'!$A$5:$A$238,0)) -> TVK | O13: =INDEX('AC Estimate'!$AL$5:$AL$238,MATCH($A13,'AC Estimate'!$A$5:$A$238,0)) -> Yes
A14: 33 | B14: =INDEX('AC Estimate'!$B$5:$B$238,MATCH($A14,'AC Estimate'!$A$5:$A$238,0)) -> Thiruporur | C14: =INDEX('AC Estimate'!$C$5:$C$238,MATCH($A14,'AC Estimate'!$A$5:$A$238,0)) -> Chengalpattu | D14: =INDEX('AC Estimate'!$I$5:$I$238,MATCH($A14,'AC Estimate'!$A$5:$A$238,0)) -> 34 | E14: =INDEX('AC Estimate'!$J$5:$J$238,MATCH($A14,'AC Estimate'!$A$5:$A$238,0)) -> 0.20588235 | F14: =INDEX('AC Estimate'!$K$5:$K$238,MATCH($A14,'AC Estimate'!$A$5:$A$238,0)) -> 0.058823529 | G14: =INDEX('AC Estimate'!$L$5:$L$238,MATCH($A14,'AC Estimate'!$A$5:$A$238,0)) -> 0 | H14: =INDEX('AC Estimate'!$M$5:$M$238,MATCH($A14,'AC Estimate'!$A$5:$A$238,0)) -> 0.14705882 | I14: =INDEX('AC Estimate'!$N$5:$N$238,MATCH($A14,'AC Estimate'!$A$5:$A$238,0)) -> 0.58823529 | J14: =INDEX('AC Estimate'!$P$5:$P$238,MATCH($A14,'AC Estimate'!$A$5:$A$238,0)) -> TVK | K14: =INDEX('AC Estimate'!$AK$5:$AK$238,MATCH($A14,'AC Estimate'!$A$5:$A$238,0)) -> TVK | L14: =INDEX('AC Estimate'!$AM$5:$AM$238,MATCH($A14,'AC Estimate'!$A$5:$A$238,0)) -> 0.35564196 | M14: =INDEX('AC Estimate'!$Q$5:$Q$238,MATCH($A14,'AC Estimate'!$A$5:$A$238,0)) -> TVK | N14: =INDEX('AC Estimate'!$R$5:$R$238,MATCH($A14,'AC Estimate'!$A$5:$A$238,0)) -> TVK | O14: =INDEX('AC Estimate'!$AL$5:$AL$238,MATCH($A14,'AC Estimate'!$A$5:$A$238,0)) -> Yes
A15: 34 | B15: =INDEX('AC Estimate'!$B$5:$B$238,MATCH($A15,'AC Estimate'!$A$5:$A$238,0)) -> Cheyyur | C15: =INDEX('AC Estimate'!$C$5:$C$238,MATCH($A15,'AC Estimate'!$A$5:$A$238,0)) -> Chengalpattu | D15: =INDEX('AC Estimate'!$I$5:$I$238,MATCH($A15,'AC Estimate'!$A$5:$A$238,0)) -> 22 | E15: =INDEX('AC Estimate'!$J$5:$J$238,MATCH($A15,'AC Estimate'!$A$5:$A$238,0)) -> 0.54545455 | F15: =INDEX('AC Estimate'!$K$5:$K$238,MATCH($A15,'AC Estimate'!$A$5:$A$238,0)) -> 0.13636364 | G15: =INDEX('AC Estimate'!$L$5:$L$238,MATCH($A15,'AC Estimate'!$A$5:$A$238,0)) -> 0 | H15: =INDEX('AC Estimate'!$M$5:$M$238,MATCH($A15,'AC Estimate'!$A$5:$A$238,0)) -> 0.045454545 | I15: =INDEX('AC Estimate'!$N$5:$N$238,MATCH($A15,'AC Estimate'!$A$5:$A$238,0)) -> 0.27272727 | J15: =INDEX('AC Estimate'!$P$5:$P$238,MATCH($A15,'AC Estimate'!$A$5:$A$238,0)) -> AIADMK+ | K15: =INDEX('AC Estimate'!$AK$5:$AK$238,MATCH($A15,'AC Estimate'!$A$5:$A$238,0)) -> AIADMK+ | L15: =INDEX('AC Estimate'!$AM$5:$AM$238,MATCH($A15,'AC Estimate'!$A$5:$A$238,0)) -> 0.53902691 | M15: =INDEX('AC Estimate'!$Q$5:$Q$238,MATCH($A15,'AC Estimate'!$A$5:$A$238,0)) -> AIADMK | N15: =INDEX('AC Estimate'!$R$5:$R$238,MATCH($A15,'AC Estimate'!$A$5:$A$238,0)) -> AIADMK+ | O15: =INDEX('AC Estimate'!$AL$5:$AL$238,MATCH($A15,'AC Estimate'!$A$5:$A$238,0)) -> Yes
A16: 35 | B16: =INDEX('AC Estimate'!$B$5:$B$238,MATCH($A16,'AC Estimate'!$A$5:$A$238,0)) -> Madurantakam | C16: =INDEX('AC Estimate'!$C$5:$C$238,MATCH($A16,'AC Estimate'!$A$5:$A$238,0)) -> Chengalpattu | D16: =INDEX('AC Estimate'!$I$5:$I$238,MATCH($A16,'AC Estimate'!$A$5:$A$238,0)) -> 18 | E16: =INDEX('AC Estimate'!$J$5:$J$238,MATCH($A16,'AC Estimate'!$A$5:$A$238,0)) -> 0.27777778 | F16: =INDEX('AC Estimate'!$K$5:$K$238,MATCH($A16,'AC Estimate'!$A$5:$A$238,0)) -> 0.22222222 | G16: =INDEX('AC Estimate'!$L$5:$L$238,MATCH($A16,'AC Estimate'!$A$5:$A$238,0)) -> 0 | H16: =INDEX('AC Estimate'!$M$5:$M$238,MATCH($A16,'AC Estimate'!$A$5:$A$238,0)) -> 0.055555556 | I16: =INDEX('AC Estimate'!$N$5:$N$238,MATCH($A16,'AC Estimate'!$A$5:$A$238,0)) -> 0.44444444 | J16: =INDEX('AC Estimate'!$P$5:$P$238,MATCH($A16,'AC Estimate'!$A$5:$A$238,0)) -> TVK | K16: =INDEX('AC Estimate'!$AK$5:$AK$238,MATCH($A16,'AC Estimate'!$A$5:$A$238,0)) -> AIADMK+ | L16: =INDEX('AC Estimate'!$AM$5:$AM$238,MATCH($A16,'AC Estimate'!$A$5:$A$238,0)) -> 0.42584818 | M16: =INDEX('AC Estimate'!$Q$5:$Q$238,MATCH($A16,'AC Estimate'!$A$5:$A$238,0)) -> AIADMK | N16: =INDEX('AC Estimate'!$R$5:$R$238,MATCH($A16,'AC Estimate'!$A$5:$A$238,0)) -> AIADMK+ | O16: =INDEX('AC Estimate'!$AL$5:$AL$238,MATCH($A16,'AC Estimate'!$A$5:$A$238,0)) -> Yes
B17: Chengalpattu subtotal | D17: =SUM(D11:D16) -> 334 | J17: Est. T/A/D | K17: =COUNTIF(K11:K16,"TVK")&" / "&COUNTIF(K11:K16,"AIADMK+")&" / "&COUNTIF(K11:K16,"DMK+") -> 4 / 2 / 0 | M17: Actual T/A/D | N17: =COUNTIF(N11:N16,"TVK")&" / "&COUNTIF(N11:N16,"AIADMK+")&" / "&COUNTIF(N11:N16,"DMK+") -> 4 / 2 / 0 | O17: =IF(AND(ABS(COUNTIF(K11:K16,"TVK")-COUNTIF(N11:N16,"TVK"))<=Calibration!$B$3,ABS(COUNTIF(K11:K16,"AIADMK+")-COUNTIF(N11:N16,"AIADMK+"))<=Calibration!$B$3,ABS(COUNTIF(K11:K16,"DMK+")-COUNTIF(N11:N16,"DMK+"))<=Calibration!$B$3),"Within","Off") -> Within
A19: Chennai
A20: 7 | B20: =INDEX('AC Estimate'!$B$5:$B$238,MATCH($A20,'AC Estimate'!$A$5:$A$238,0)) -> Maduravoyal | C20: =INDEX('AC Estimate'!$C$5:$C$238,MATCH($A20,'AC Estimate'!$A$5:$A$238,0)) -> Chennai | D20: =INDEX('AC Estimate'!$I$5:$I$238,MATCH($A20,'AC Estimate'!$A$5:$A$238,0)) -> 105 | E20: =INDEX('AC Estimate'!$J$5:$J$238,MATCH($A20,'AC Estimate'!$A$5:$A$238,0)) -> 0.26666667 | F20: =INDEX('AC Estimate'!$K$5:$K$238,MATCH($A20,'AC Estimate'!$A$5:$A$238,0)) -> 0.19047619 | G20: =INDEX('AC Estimate'!$L$5:$L$238,MATCH($A20,'AC Estimate'!$A$5:$A$238,0)) -> 0.019047619 | H20: =INDEX('AC Estimate'!$M$5:$M$238,MATCH($A20,'AC Estimate'!$A$5:$A$238,0)) -> 0.057142857 | I20: =INDEX('AC Estimate'!$N$5:$N$238,MATCH($A20,'AC Estimate'!$A$5:$A$238,0)) -> 0.46666667 | J20: =INDEX('AC Estimate'!$P$5:$P$238,MATCH($A20,'AC Estimate'!$A$5:$A$238,0)) -> TVK | K20: =INDEX('AC Estimate'!$AK$5:$AK$238,MATCH($A20,'AC Estimate'!$A$5:$A$238,0)) -> TVK | L20: =INDEX('AC Estimate'!$AM$5:$AM$238,MATCH($A20,'AC Estimate'!$A$5:$A$238,0)) -> 0.76783506 | M20: =INDEX('AC Estimate'!$Q$5:$Q$238,MATCH($A20,'AC Estimate'!$A$5:$A$238,0)) -> TVK | N20: =INDEX('AC Estimate'!$R$5:$R$238,MATCH($A20,'AC Estimate'!$A$5:$A$238,0)) -> TVK | O20: =INDEX('AC Estimate'!$AL$5:$AL$238,MATCH($A20,'AC Estimate'!$A$5:$A$238,0)) -> Yes
A21: 8 | B21: =INDEX('AC Estimate'!$B$5:$B$238,MATCH($A21,'AC Estimate'!$A$5:$A$238,0)) -> Ambattur | C21: =INDEX('AC Estimate'!$C$5:$C$238,MATCH($A21,'AC Estimate'!$A$5:$A$238,0)) -> Chennai | D21: =INDEX('AC Estimate'!$I$5:$I$238,MATCH($A21,'AC Estimate'!$A$5:$A$238,0)) -> 87 | E21: =INDEX('AC Estimate'!$J$5:$J$238,MATCH($A21,'AC Estimate'!$A$5:$A$238,0)) -> 0.28735632 | F21: =INDEX('AC Estimate'!$K$5:$K$238,MATCH($A21,'AC Estimate'!$A$5:$A$238,0)) -> 0.25287356 | G21: =INDEX('AC Estimate'!$L$5:$L$238,MATCH($A21,'AC Estimate'!$A$5:$A$238,0)) -> 0.034482759 | H21: =INDEX('AC Estimate'!$M$5:$M$238,MATCH($A21,'AC Estimate'!$A$5:$A$238,0)) -> 0.057471264 | I21: =INDEX('AC Estimate'!$N$5:$N$238,MATCH($A21,'AC Estimate'!$A$5:$A$238,0)) -> 0.36781609 | J21: =INDEX('AC Estimate'!$P$5:$P$238,MATCH($A21,'AC Estimate'!$A$5:$A$238,0)) -> TVK | K21: =INDEX('AC Estimate'!$AK$5:$AK$238,MATCH($A21,'AC Estimate'!$A$5:$A$238,0)) -> TVK | L21: =INDEX('AC Estimate'!$AM$5:$AM$238,MATCH($A21,'AC Estimate'!$A$5:$A$238,0)) -> 0.68237897 | M21: =INDEX('AC Estimate'!$Q$5:$Q$238,MATCH($A21,'AC Estimate'!$A$5:$A$238,0)) -> TVK | N21: =INDEX('AC Estimate'!$R$5:$R$238,MATCH($A21,'AC Estimate'!$A$5:$A$238,0)) -> TVK | O21: =INDEX('AC Estimate'!$AL$5:$AL$238,MATCH($A21,'AC Estimate'!$A$5:$A$238,0)) -> Yes
A22: 9 | B22: =INDEX('AC Estimate'!$B$5:$B$238,MATCH($A22,'AC Estimate'!$A$5:$A$238,0)) -> Madavaram | C22: =INDEX('AC Estimate'!$C$5:$C$238,MATCH($A22,'AC Estimate'!$A$5:$A$238,0)) -> Chennai | D22: =INDEX('AC Estimate'!$I$5:$I$238,MATCH($A22,'AC Estimate'!$A$5:$A$238,0)) -> 78 | E22: =INDEX('AC Estimate'!$J$5:$J$238,MATCH($A22,'AC Estimate'!$A$5:$A$238,0)) -> 0.28205128 | F22: =INDEX('AC Estimate'!$K$5:$K$238,MATCH($A22,'AC Estimate'!$A$5:$A$238,0)) -> 0.20512821 | G22: =INDEX('AC Estimate'!$L$5:$L$238,MATCH($A22,'AC Estimate'!$A$5:$A$238,0)) -> 0 | H22: =INDEX('AC Estimate'!$M$5:$M$238,MATCH($A22,'AC Estimate'!$A$5:$A$238,0)) -> 0.076923077 | I22: =INDEX('AC Estimate'!$N$5:$N$238,MATCH($A22,'AC Estimate'!$A$5:$A$238,0)) -> 0.43589744 | J22: =INDEX('AC Estimate'!$P$5:$P$238,MATCH($A22,'AC Estimate'!$A$5:$A$238,0)) -> TVK | K22: =INDEX('AC Estimate'!$AK$5:$AK$238,MATCH($A22,'AC Estimate'!$A$5:$A$238,0)) -> TVK | L22: =INDEX('AC Estimate'!$AM$5:$AM$238,MATCH($A22,'AC Estimate'!$A$5:$A$238,0)) -> 0.65730553 | M22: =INDEX('AC Estimate'!$Q$5:$Q$238,MATCH($A22,'AC Estimate'!$A$5:$A$238,0)) -> TVK | N22: =INDEX('AC Estimate'!$R$5:$R$238,MATCH($A22,'AC Estimate'!$A$5:$A$238,0)) -> TVK | O22: =INDEX('AC Estimate'!$AL$5:$AL$238,MATCH($A22,'AC Estimate'!$A$5:$A$238,0)) -> Yes
A23: 10 | B23: =INDEX('AC Estimate'!$B$5:$B$238,MATCH($A23,'AC Estimate'!$A$5:$A$238,0)) -> Thiruvottiyur | C23: =INDEX('AC Estimate'!$C$5:$C$238,MATCH($A23,'AC Estimate'!$A$5:$A$238,0)) -> Chennai | D23: =INDEX('AC Estimate'!$I$5:$I$238,MATCH($A23,'AC Estimate'!$A$5:$A$238,0)) -> 53 | E23: =INDEX('AC Estimate'!$J$5:$J$238,MATCH($A23,'AC Estimate'!$A$5:$A$238,0)) -> 0.20754717 | F23: =INDEX('AC Estimate'!$K$5:$K$238,MATCH($A23,'AC Estimate'!$A$5:$A$238,0)) -> 0.35849057 | G23: =INDEX('AC Estimate'!$L$5:$L$238,MATCH($A23,'AC Estimate'!$A$5:$A$238,0)) -> 0 | H23: =INDEX('AC Estimate'!$M$5:$M$238,MATCH($A23,'AC Estimate'!$A$5:$A$238,0)) -> 0.094339623 | I23: =INDEX('AC Estimate'!$N$5:$N$238,MATCH($A23,'AC Estimate'!$A$5:$A$238,0)) -> 0.33962264 | J23: =INDEX('AC Estimate'!$P$5:$P$238,MATCH($A23,'AC Estimate'!$A$5:$A$238,0)) -> DMK+ | K23: =INDEX('AC Estimate'!$AK$5:$AK$238,MATCH($A23,'AC Estimate'!$A$5:$A$238,0)) -> TVK | L23: =INDEX('AC Estimate'!$AM$5:$AM$238,MATCH($A23,'AC Estimate'!$A$5:$A$238,0)) -> 0.45655829 | M23: =INDEX('AC Estimate'!$Q$5:$Q$238,MATCH($A23,'AC Estimate'!$A$5:$A$238,0)) -> TVK | N23: =INDEX('AC Estimate'!$R$5:$R$238,MATCH($A23,'AC Estimate'!$A$5:$A$238,0)) -> TVK | O23: =INDEX('AC Estimate'!$AL$5:$AL$238,MATCH($A23,'AC Estimate'!$A$5:$A$238,0)) -> Yes
A24: 11 | B24: =INDEX('AC Estimate'!$B$5:$B$238,MATCH($A24,'AC Estimate'!$A$5:$A$238,0)) -> Dr. Radhakrishnan Nagar | C24: =INDEX('AC Estimate'!$C$5:$C$238,MATCH($A24,'AC Estimate'!$A$5:$A$238,0)) -> Chennai | D24: =INDEX('AC Estimate'!$I$5:$I$238,MATCH($A24,'AC Estimate'!$A$5:$A$238,0)) -> 54 | E24: =INDEX('AC Estimate'!$J$5:$J$238,MATCH($A24,'AC Estimate'!$A$5:$A$238,0)) -> 0.18518519 | F24: =INDEX('AC Estimate'!$K$5:$K$238,MATCH($A24,'AC Estimate'!$A$5:$A$238,0)) -> 0.2962963 | G24: =INDEX('AC Estimate'!$L$5:$L$238,MATCH($A24,'AC Estimate'!$A$5:$A$238,0)) -> 0 | H24: =INDEX('AC Estimate'!$M$5:$M$238,MATCH($A24,'AC Estimate'!$A$5:$A$238,0)) -> 0.055555556 | I24: =INDEX('AC Estimate'!$N$5:$N$238,MATCH($A24,'AC Estimate'!$A$5:$A$238,0)) -> 0.46296296 | J24: =INDEX('AC Estimate'!$P$5:$P$238,MATCH($A24,'AC Estimate'!$A$5:$A$238,0)) -> TVK | K24: =INDEX('AC Estimate'!$AK$5:$AK$238,MATCH($A24,'AC Estimate'!$A$5:$A$238,0)) -> TVK | L24: =INDEX('AC Estimate'!$AM$5:$AM$238,MATCH($A24,'AC Estimate'!$A$5:$A$238,0)) -> 0.50142845 | M24: =INDEX('AC Estimate'!$Q$5:$Q$238,MATCH($A24,'AC Estimate'!$A$5:$A$238,0)) -> TVK | N24: =INDEX('AC Estimate'!$R$5:$R$238,MATCH($A24,'AC Estimate'!$A$5:$A$238,0)) -> TVK | O24: =INDEX('AC Estimate'!$AL$5:$AL$238,MATCH($A24,'AC Estimate'!$A$5:$A$238,0)) -> Yes
A25: 12 | B25: =INDEX('AC Estimate'!$B$5:$B$238,MATCH($A25,'AC Estimate'!$A$5:$A$238,0)) -> Perambur | C25: =INDEX('AC Estimate'!$C$5:$C$238,MATCH($A25,'AC Estimate'!$A$5:$A$238,0)) -> Chennai | D25: =INDEX('AC Estimate'!$I$5:$I$238,MATCH($A25,'AC Estimate'!$A$5:$A$238,0)) -> 95 | E25: =INDEX('AC Estimate'!$J$5:$J$238,MATCH($A25,'AC Estimate'!$A$5:$A$238,0)) -> 0.094736842 | F25: =INDEX('AC Estimate'!$K$5:$K$238,MATCH($A25,'AC Estimate'!$A$5:$A$238,0)) -> 0.23157895 | G25: =INDEX('AC Estimate'!$L$5:$L$238,MATCH($A25,'AC Estimate'!$A$5:$A$238,0)) -> 0 | H25: =INDEX('AC Estimate'!$M$5:$M$238,MATCH($A25,'AC Estimate'!$A$5:$A$238,0)) -> 0.042105263 | I25: =INDEX('AC Estimate'!$N$5:$N$238,MATCH($A25,'AC Estimate'!$A$5:$A$238,0)) -> 0.63157895 | J25: =INDEX('AC Estimate'!$P$5:$P$238,MATCH($A25,'AC Estimate'!$A$5:$A$238,0)) -> TVK | K25: =INDEX('AC Estimate'!$AK$5:$AK$238,MATCH($A25,'AC Estimate'!$A$5:$A$238,0)) -> TVK | L25: =INDEX('AC Estimate'!$AM$5:$AM$238,MATCH($A25,'AC Estimate'!$A$5:$A$238,0)) -> 0.75996508 | M25: =INDEX('AC Estimate'!$Q$5:$Q$238,MATCH($A25,'AC Estimate'!$A$5:$A$238,0)) -> TVK | N25: =INDEX('AC Estimate'!$R$5:$R$238,MATCH($A25,'AC Estimate'!$A$5:$A$238,0)) -> TVK | O25: =INDEX('AC Estimate'!$AL$5:$AL$238,MATCH($A25,'AC Estimate'!$A$5:$A$238,0)) -> Yes
A26: 13 | B26: =INDEX('AC Estimate'!$B$5:$B$238,MATCH($A26,'AC Estimate'!$A$5:$A$238,0)) -> Kolathur | C26: =INDEX('AC Estimate'!$C$5:$C$238,MATCH($A26,'AC Estimate'!$A$5:$A$238,0)) -> Chennai | D26: =INDEX('AC Estimate'!$I$5:$I$238,MATCH($A26,'AC Estimate'!$A$5:$A$238,0)) -> 63 | E26: =INDEX('AC Estimate'!$J$5:$J$238,MATCH($A26,'AC Estimate'!$A$5:$A$238,0)) -> 0.23809524 | F26: =INDEX('AC Estimate'!$K$5:$K$238,MATCH($A26,'AC Estimate'!$A$5:$A$238,0)) -> 0.22222222 | G26: =INDEX('AC Estimate'!$L$5:$L$238,MATCH($A26,'AC Estimate'!$A$5:$A$238,0)) -> 0.015873016 | H26: =INDEX('AC Estimate'!$M$5:$M$238,MATCH($A26,'AC Estimate'!$A$5:$A$238,0)) -> 0 | I26: =INDEX('AC Estimate'!$N$5:$N$238,MATCH($A26,'AC Estimate'!$A$5:$A$238,0)) -> 0.52380952 | J26: =INDEX('AC Estimate'!$P$5:$P$238,MATCH($A26,'AC Estimate'!$A$5:$A$238,0)) -> TVK | K26: =INDEX('AC Estimate'!$AK$5:$AK$238,MATCH($A26,'AC Estimate'!$A$5:$A$238,0)) -> TVK | L26: =INDEX('AC Estimate'!$AM$5:$AM$238,MATCH($A26,'AC Estimate'!$A$5:$A$238,0)) -> 0.59170004 | M26: =INDEX('AC Estimate'!$Q$5:$Q$238,MATCH($A26,'AC Estimate'!$A$5:$A$238,0)) -> TVK | N26: =INDEX('AC Estimate'!$R$5:$R$238,MATCH($A26,'AC Estimate'!$A$5:$A$238,0)) -> TVK | O26: =INDEX('AC Estimate'!$AL$5:$AL$238,MATCH($A26,'AC Estimate'!$A$5:$A$238,0)) -> Yes
A27: 14 | B27: =INDEX('AC Estimate'!$B$5:$B$238,MATCH($A27,'AC Estimate'!$A$5:$A$238,0)) -> Villivakkam | C27: =INDEX('AC Estimate'!$C$5:$C$238,MATCH($A27,'AC Estimate'!$A$5:$A$238,0)) -> Chennai | D27: =INDEX('AC Estimate'!$I$5:$I$238,MATCH($A27,'AC Estimate'!$A$5:$A$238,0)) -> 55 | E27: =INDEX('AC Estimate'!$J$5:$J$238,MATCH($A27,'AC Estimate'!$A$5:$A$238,0)) -> 0.090909091 | F27: =INDEX('AC Estimate'!$K$5:$K$238,MATCH($A27,'AC Estimate'!$A$5:$A$238,0)) -> 0.47272727 | G27: =INDEX('AC Estimate'!$L$5:$L$238,MATCH($A27,'AC Estimate'!$A$5:$A$238,0)) -> 0 | H27: =INDEX('AC Estimate'!$M$5:$M$238,MATCH($A27,'AC Estimate'!$A$5:$A$238,0)) -> 0.036363636 | I27: =INDEX('AC Estimate'!$N$5:$N$238,MATCH($A27,'AC Estimate'!$A$5:$A$238,0)) -> 0.4 | J27: =INDEX('AC Estimate'!$P$5:$P$238,MATCH($A27,'AC Estimate'!$A$5:$A$238,0)) -> DMK+ | K27: =INDEX('AC Estimate'!$AK$5:$AK$238,MATCH($A27,'AC Estimate'!$A$5:$A$238,0)) -> TVK | L27: =INDEX('AC Estimate'!$AM$5:$AM$238,MATCH($A27,'AC Estimate'!$A$5:$A$238,0)) -> 0.46338838 | M27: =INDEX('AC Estimate'!$Q$5:$Q$238,MATCH($A27,'AC Estimate'!$A$5:$A$238,0)) -> TVK | N27: =INDEX('AC Estimate'!$R$5:$R$238,MATCH($A27,'AC Estimate'!$A$5:$A$238,0)) -> TVK | O27: =INDEX('AC Estimate'!$AL$5:$AL$238,MATCH($A27,'AC Estimate'!$A$5:$A$238,0)) -> Yes
A28: 15 | B28: =INDEX('AC Estimate'!$B$5:$B$238,MATCH($A28,'AC Estimate'!$A$5:$A$238,0)) -> Thiru-Vi-Ka-Nagar | C28: =INDEX('AC Estimate'!$C$5:$C$238,MATCH($A28,'AC Estimate'!$A$5:$A$238,0)) -> Chennai | D28: =INDEX('AC Estimate'!$I$5:$I$238,MATCH($A28,'AC Estimate'!$A$5:$A$238,0)) -> 24 | E28: =INDEX('AC Estimate'!$J$5:$J$238,MATCH($A28,'AC Estimate'!$A$5:$A$238,0)) -> 0.16666667 | F28: =INDEX('AC Estimate'!$K$5:$K$238,MATCH($A28,'AC Estimate'!$A$5:$A$238,0)) -> 0.125 | G28: =INDEX('AC Estimate'!$L$5:$L$238,MATCH($A28,'AC Estimate'!$A$5:$A$238,0)) -> 0 | H28: =INDEX('AC Estimate'!$M$5:$M$238,MATCH($A28,'AC Estimate'!$A$5:$A$238,0)) -> 0.041666667 | I28: =INDEX('AC Estimate'!$N$5:$N$238,MATCH($A28,'AC Estimate'!$A$5:$A$238,0)) -> 0.66666667 | J28: =INDEX('AC Estimate'!$P$5:$P$238,MATCH($A28,'AC Estimate'!$A$5:$A$238,0)) -> TVK | K28: =INDEX('AC Estimate'!$AK$5:$AK$238,MATCH($A28,'AC Estimate'!$A$5:$A$238,0)) -> DMK+ | L28: =INDEX('AC Estimate'!$AM$5:$AM$238,MATCH($A28,'AC Estimate'!$A$5:$A$238,0)) -> 0.37728897 | M28: =INDEX('AC Estimate'!$Q$5:$Q$238,MATCH($A28,'AC Estimate'!$A$5:$A$238,0)) -> TVK | N28: =INDEX('AC Estimate'!$R$5:$R$238,MATCH($A28,'AC Estimate'!$A$5:$A$238,0)) -> TVK | O28: =INDEX('AC Estimate'!$AL$5:$AL$238,MATCH($A28,'AC Estimate'!$A$5:$A$238,0)) -> No
A29: 16 | B29: =INDEX('AC Estimate'!$B$5:$B$238,MATCH($A29,'AC Estimate'!$A$5:$A$238,0)) -> Egmore | C29: =INDEX('AC Estimate'!$C$5:$C$238,MATCH($A29,'AC Estimate'!$A$5:$A$238,0)) -> Chennai | D29: =INDEX('AC Estimate'!$I$5:$I$238,MATCH($A29,'AC Estimate'!$A$5:$A$238,0)) -> 50 | E29: =INDEX('AC Estimate'!$J$5:$J$238,MATCH($A29,'AC Estimate'!$A$5:$A$238,0)) -> 0.16 | F29: =INDEX('AC Estimate'!$K$5:$K$238,MATCH($A29,'AC Estimate'!$A$5:$A$238,0)) -> 0.44 | G29: =INDEX('AC Estimate'!$L$5:$L$238,MATCH($A29,'AC Estimate'!$A$5:$A$238,0)) -> 0 | H29: =INDEX('AC Estimate'!$M$5:$M$238,MATCH($A29,'AC Estimate'!$A$5:$A$238,0)) -> 0.02 | I29: =INDEX('AC Estimate'!$N$5:$N$238,MATCH($A29,'AC Estimate'!$A$5:$A$238,0)) -> 0.38 | J29: =INDEX('AC Estimate'!$P$5:$P$238,MATCH($A29,'AC Estimate'!$A$5:$A$238,0)) -> DMK+ | K29: =INDEX('AC Estimate'!$AK$5:$AK$238,MATCH($A29,'AC Estimate'!$A$5:$A$238,0)) -> TVK | L29: =INDEX('AC Estimate'!$AM$5:$AM$238,MATCH($A29,'AC Estimate'!$A$5:$A$238,0)) -> 0.42920544 | M29: =INDEX('AC Estimate'!$Q$5:$Q$238,MATCH($A29,'AC Estimate'!$A$5:$A$238,0)) -> TVK | N29: =INDEX('AC Estimate'!$R$5:$R$238,MATCH($A29,'AC Estimate'!$A$5:$A$238,0)) -> TVK | O29: =INDEX('AC Estimate'!$AL$5:$AL$238,MATCH($A29,'AC Estimate'!$A$5:$A$238,0)) -> Yes
A30: 17 | B30: =INDEX('AC Estimate'!$B$5:$B$238,MATCH($A30,'AC Estimate'!$A$5:$A$238,0)) -> Royapuram | C30: =INDEX('AC Estimate'!$C$5:$C$238,MATCH($A30,'AC Estimate'!$A$5:$A$238,0)) -> Chennai | D30: =INDEX('AC Estimate'!$I$5:$I$238,MATCH($A30,'AC Estimate'!$A$5:$A$238,0)) -> 36 | E30: =INDEX('AC Estimate'!$J$5:$J$238,MATCH($A30,'AC Estimate'!$A$5:$A$238,0)) -> 0.25 | F30: =INDEX('AC Estimate'!$K$5:$K$238,MATCH($A30,'AC Estimate'!$A$5:$A$238,0)) -> 0.41666667 | G30: =INDEX('AC Estimate'!$L$5:$L$238,MATCH($A30,'AC Estimate'!$A$5:$A$238,0)) -> 0 | H30: =INDEX('AC Estimate'!$M$5:$M$238,MATCH($A30,'AC Estimate'!$A$5:$A$238,0)) -> 0 | I30: =INDEX('AC Estimate'!$N$5:$N$238,MATCH($A30,'AC Estimate'!$A$5:$A$238,0)) -> 0.33333333 | J30: =INDEX('AC Estimate'!$P$5:$P$238,MATCH($A30,'AC Estimate'!$A$5:$A$238,0)) -> DMK+ | K30: =INDEX('AC Estimate'!$AK$5:$AK$238,MATCH($A30,'AC Estimate'!$A$5:$A$238,0)) -> TVK | L30: =INDEX('AC Estimate'!$AM$5:$AM$238,MATCH($A30,'AC Estimate'!$A$5:$A$238,0)) -> 0.29806048 | M30: =INDEX('AC Estimate'!$Q$5:$Q$238,MATCH($A30,'AC Estimate'!$A$5:$A$238,0)) -> TVK | N30: =INDEX('AC Estimate'!$R$5:$R$238,MATCH($A30,'AC Estimate'!$A$5:$A$238,0)) -> TVK | O30: =INDEX('AC Estimate'!$AL$5:$AL$238,MATCH($A30,'AC Estimate'!$A$5:$A$238,0)) -> Yes
A31: 18 | B31: =INDEX('AC Estimate'!$B$5:$B$238,MATCH($A31,'AC Estimate'!$A$5:$A$238,0)) -> Harbour | C31: =INDEX('AC Estimate'!$C$5:$C$238,MATCH($A31,'AC Estimate'!$A$5:$A$238,0)) -> Chennai | D31: =INDEX('AC Estimate'!$I$5:$I$238,MATCH($A31,'AC Estimate'!$A$5:$A$238,0)) -> 40 | E31: =INDEX('AC Estimate'!$J$5:$J$238,MATCH($A31,'AC Estimate'!$A$5:$A$238,0)) -> 0.25 | F31: =INDEX('AC Estimate'!$K$5:$K$238,MATCH($A31,'AC Estimate'!$A$5:$A$238,0)) -> 0.5 | G31: =INDEX('AC Estimate'!$L$5:$L$238,MATCH($A31,'AC Estimate'!$A$5:$A$238,0)) -> 0 | H31: =INDEX('AC Estimate'!$M$5:$M$238,MATCH($A31,'AC Estimate'!$A$5:$A$238,0)) -> 0.025 | I31: =INDEX('AC Estimate'!$N$5:$N$238,MATCH($A31,'AC Estimate'!$A$5:$A$238,0)) -> 0.225 | J31: =INDEX('AC Estimate'!$P$5:$P$238,MATCH($A31,'AC Estimate'!$A$5:$A$238,0)) -> DMK+ | K31: =INDEX('AC Estimate'!$AK$5:$AK$238,MATCH($A31,'AC Estimate'!$A$5:$A$238,0)) -> DMK+ | L31: =INDEX('AC Estimate'!$AM$5:$AM$238,MATCH($A31,'AC Estimate'!$A$5:$A$238,0)) -> 0.44189875 | M31: =INDEX('AC Estimate'!$Q$5:$Q$238,MATCH($A31,'AC Estimate'!$A$5:$A$238,0)) -> DMK | N31: =INDEX('AC Estimate'!$R$5:$R$238,MATCH($A31,'AC Estimate'!$A$5:$A$238,0)) -> DMK+ | O31: =INDEX('AC Estimate'!$AL$5:$AL$238,MATCH($A31,'AC Estimate'!$A$5:$A$238,0)) -> Yes
... A41: 28 | B41: =INDEX('AC Estimate'!$B$5:$B$238,MATCH($A41,'AC Estimate'!$A$5:$A$238,0)) -> Alandur | C41: =INDEX('AC Estimate'!$C$5:$C$238,MATCH($A41,'AC Estimate'!$A$5:$A$238,0)) -> Chennai | D41: =INDEX('AC Estimate'!$I$5:$I$238,MATCH($A41,'AC Estimate'!$A$5:$A$238,0)) -> 56 | E41: =INDEX('AC Estimate'!$J$5:$J$238,MATCH($A41,'AC Estimate'!$A$5:$A$238,0)) -> 0.41071429 | F41: =INDEX('AC Estimate'!$K$5:$K$238,MATCH($A41,'AC Estimate'!$A$5:$A$238,0)) -> 0.25 | G41: =INDEX('AC Estimate'!$L$5:$L$238,MATCH($A41,'AC Estimate'!$A$5:$A$238,0)) -> 0 | H41: =INDEX('AC Estimate'!$M$5:$M$238,MATCH($A41,'AC Estimate'!$A$5:$A$238,0)) -> 0.053571429 | I41: =INDEX('AC Estimate'!$N$5:$N$238,MATCH($A41,'AC Estimate'!$A$5:$A$238,0)) -> 0.28571429 | J41: =INDEX('AC Estimate'!$P$5:$P$238,MATCH($A41,'AC Estimate'!$A$5:$A$238,0)) -> AIADMK+ | K41: =INDEX('AC Estimate'!$AK$5:$AK$238,MATCH($A41,'AC Estimate'!$A$5:$A$238,0)) -> TVK | L41: =INDEX('AC Estimate'!$AM$5:$AM$238,MATCH($A41,'AC Estimate'!$A$5:$A$238,0)) -> 0.48333033 | M41: =INDEX('AC Estimate'!$Q$5:$Q$238,MATCH($A41,'AC Estimate'!$A$5:$A$238,0)) -> TVK | N41: =INDEX('AC Estimate'!$R$5:$R$238,MATCH($A41,'AC Estimate'!$A$5:$A$238,0)) -> TVK | O41: =INDEX('AC Estimate'!$AL$5:$AL$238,MATCH($A41,'AC Estimate'!$A$5:$A$238,0)) -> Yes
B42: Chennai subtotal | D42: =SUM(D20:D41) -> 1286 | J42: Est. T/A/D | K42: =COUNTIF(K20:K41,"TVK")&" / "&COUNTIF(K20:K41,"AIADMK+")&" / "&COUNTIF(K20:K41,"DMK+") -> 20 / 0 / 2 | M42: Actual T/A/D | N42: =COUNTIF(N20:N41,"TVK")&" / "&COUNTIF(N20:N41,"AIADMK+")&" / "&COUNTIF(N20:N41,"DMK+") -> 20 / 0 / 2 | O42: =IF(AND(ABS(COUNTIF(K20:K41,"TVK")-COUNTIF(N20:N41,"TVK"))<=Calibration!$B$3,ABS(COUNTIF(K20:K41,"AIADMK+")-COUNTIF(N20:N41,"AIADMK+"))<=Calibration!$B$3,ABS(COUNTIF(K20:K41,"DMK+")-COUNTIF(N20:N41,"DMK+"))<=Calibration!$B$3),"Within","Off") -> Within
A44: Coimbatore
A45: 111 | B45: =INDEX('AC Estimate'!$B$5:$B$238,MATCH($A45,'AC Estimate'!$A$5:$A$238,0)) -> Mettupalayam | C45: =INDEX('AC Estimate'!$C$5:$C$238,MATCH($A45,'AC Estimate'!$A$5:$A$238,0)) -> Coimbatore | D45: =INDEX('AC Estimate'!$I$5:$I$238,MATCH($A45,'AC Estimate'!$A$5:$A$238,0)) -> 50 | E45: =INDEX('AC Estimate'!$J$5:$J$238,MATCH($A45,'AC Estimate'!$A$5:$A$238,0)) -> 0.24 | F45: =INDEX('AC Estimate'!$K$5:$K$238,MATCH($A45,'AC Estimate'!$A$5:$A$238,0)) -> 0.32 | G45: =INDEX('AC Estimate'!$L$5:$L$238,MATCH($A45,'AC Estimate'!$A$5:$A$238,0)) -> 0 | H45: =INDEX('AC Estimate'!$M$5:$M$238,MATCH($A45,'AC Estimate'!$A$5:$A$238,0)) -> 0.12 | I45: =INDEX('AC Estimate'!$N$5:$N$238,MATCH($A45,'AC Estimate'!$A$5:$A$238,0)) -> 0.32 | J45: =INDEX('AC Estimate'!$P$5:$P$238,MATCH($A45,'AC Estimate'!$A$5:$A$238,0)) -> DMK+ | K45: =INDEX('AC Estimate'!$AK$5:$AK$238,MATCH($A45,'AC Estimate'!$A$5:$A$238,0)) -> DMK+ | L45: =INDEX('AC Estimate'!$AM$5:$AM$238,MATCH($A45,'AC Estimate'!$A$5:$A$238,0)) -> 0.32006112 | M45: =INDEX('AC Estimate'!$Q$5:$Q$238,MATCH($A45,'AC Estimate'!$A$5:$A$238,0)) -> TVK | N45: =INDEX('AC Estimate'!$R$5:$R$238,MATCH($A45,'AC Estimate'!$A$5:$A$238,0)) -> TVK | O45: =INDEX('AC Estimate'!$AL$5:$AL$238,MATCH($A45,'AC Estimate'!$A$5:$A$238,0)) -> No
A46: 116 | B46: =INDEX('AC Estimate'!$B$5:$B$238,MATCH($A46,'AC Estimate'!$A$5:$A$238,0)) -> Sulur | C46: =INDEX('AC Estimate'!$C$5:$C$238,MATCH($A46,'AC Estimate'!$A$5:$A$238,0)) -> Coimbatore | D46: =INDEX('AC Estimate'!$I$5:$I$238,MATCH($A46,'AC Estimate'!$A$5:$A$238,0)) -> 59 | E46: =INDEX('AC Estimate'!$J$5:$J$238,MATCH($A46,'AC Estimate'!$A$5:$A$238,0)) -> 0.27118644 | F46: =INDEX('AC Estimate'!$K$5:$K$238,MATCH($A46,'AC Estimate'!$A$5:$A$238,0)) -> 0.28813559 | G46: =INDEX('AC Estimate'!$L$5:$L$238,MATCH($A46,'AC Estimate'!$A$5:$A$238,0)) -> 0.016949153 | H46: =INDEX('AC Estimate'!$M$5:$M$238,MATCH($A46,'AC Estimate'!$A$5:$A$238,0)) -> 0.050847458 | I46: =INDEX('AC Estimate'!$N$5:$N$238,MATCH($A46,'AC Estimate'!$A$5:$A$238,0)) -> 0.37288136 | J46: =INDEX('AC Estimate'!$P$5:$P$238,MATCH($A46,'AC Estimate'!$A$5:$A$238,0)) -> TVK | K46: =INDEX('AC Estimate'!$AK$5:$AK$238,MATCH($A46,'AC Estimate'!$A$5:$A$238,0)) -> TVK | L46: =INDEX('AC Estimate'!$AM$5:$AM$238,MATCH($A46,'AC Estimate'!$A$5:$A$238,0)) -> 0.51368375 | M46: =INDEX('AC Estimate'!$Q$5:$Q$238,MATCH($A46,'AC Estimate'!$A$5:$A$238,0)) -> TVK | N46: =INDEX('AC Estimate'!$R$5:$R$238,MATCH($A46,'AC Estimate'!$A$5:$A$238,0)) -> TVK | O46: =INDEX('AC Estimate'!$AL$5:$AL$238,MATCH($A46,'AC Estimate'!$A$5:$A$238,0)) -> Yes
A47: 117 | B47: =INDEX('AC Estimate'!$B$5:$B$238,MATCH($A47,'AC Estimate'!$A$5:$A$238,0)) -> Kavundampalayam | C47: =INDEX('AC Estimate'!$C$5:$C$238,MATCH($A47,'AC Estimate'!$A$5:$A$238,0)) -> Coimbatore | D47: =INDEX('AC Estimate'!$I$5:$I$238,MATCH($A47,'AC Estimate'!$A$5:$A$238,0)) -> 83 | E47: =INDEX('AC Estimate'!$J$5:$J$238,MATCH($A47,'AC Estimate'!$A$5:$A$238,0)) -> 0.30120482 | F47: =INDEX('AC Estimate'!$K$5:$K$238,MATCH($A47,'AC Estimate'!$A$5:$A$238,0)) -> 0.24096386 | G47: =INDEX('AC Estimate'!$L$5:$L$238,MATCH($A47,'AC Estimate'!$A$5:$A$238,0)) -> 0 | H47: =INDEX('AC Estimate'!$M$5:$M$238,MATCH($A47,'AC Estimate'!$A$5:$A$238,0)) -> 0.048192771 | I47: =INDEX('AC Estimate'!$N$5:$N$238,MATCH($A47,'AC Estimate'!$A$5:$A$238,0)) -> 0.40963855 | J47: =INDEX('AC Estimate'!$P$5:$P$238,MATCH($A47,'AC Estimate'!$A$5:$A$238,0)) -> TVK | K47: =INDEX('AC Estimate'!$AK$5:$AK$238,MATCH($A47,'AC Estimate'!$A$5:$A$238,0)) -> TVK | L47: =INDEX('AC Estimate'!$AM$5:$AM$238,MATCH($A47,'AC Estimate'!$A$5:$A$238,0)) -> 0.6660525 | M47: =INDEX('AC Estimate'!$Q$5:$Q$238,MATCH($A47,'AC Estimate'!$A$5:$A$238,0)) -> TVK | N47: =INDEX('AC Estimate'!$R$5:$R$238,MATCH($A47,'AC Estimate'!$A$5:$A$238,0)) -> TVK | O47: =INDEX('AC Estimate'!$AL$5:$AL$238,MATCH($A47,'AC Estimate'!$A$5:$A$238,0)) -> Yes
A48: 118 | B48: =INDEX('AC Estimate'!$B$5:$B$238,MATCH($A48,'AC Estimate'!$A$5:$A$238,0)) -> Coimbatore (North) | C48: =INDEX('AC Estimate'!$C$5:$C$238,MATCH($A48,'AC Estimate'!$A$5:$A$238,0)) -> Coimbatore | D48: =INDEX('AC Estimate'!$I$5:$I$238,MATCH($A48,'AC Estimate'!$A$5:$A$238,0)) -> 89 | E48: =INDEX('AC Estimate'!$J$5:$J$238,MATCH($A48,'AC Estimate'!$A$5:$A$238,0)) -> 0.28089888 | F48: =INDEX('AC Estimate'!$K$5:$K$238,MATCH($A48,'AC Estimate'!$A$5:$A$238,0)) -> 0.17977528 | G48: =INDEX('AC Estimate'!$L$5:$L$238,MATCH($A48,'AC Estimate'!$A$5:$A$238,0)) -> 0.011235955 | H48: =INDEX('AC Estimate'!$M$5:$M$238,MATCH($A48,'AC Estimate'!$A$5:$A$238,0)) -> 0.1011236 | I48: =INDEX('AC Estimate'!$N$5:$N$238,MATCH($A48,'AC Estimate'!$A$5:$A$238,0)) -> 0.42696629 | J48: =INDEX('AC Estimate'!$P$5:$P$238,MATCH($A48,'AC Estimate'!$A$5:$A$238,0)) -> TVK | K48: =INDEX('AC Estimate'!$AK$5:$AK$238,MATCH($A48,'AC Estimate'!$A$5:$A$238,0)) -> TVK | L48: =INDEX('AC Estimate'!$AM$5:$AM$238,MATCH($A48,'AC Estimate'!$A$5:$A$238,0)) -> 0.69853921 | M48: =INDEX('AC Estimate'!$Q$5:$Q$238,MATCH($A48,'AC Estimate'!$A$5:$A$238,0)) -> TVK | N48: =INDEX('AC Estimate'!$R$5:$R$238,MATCH($A48,'AC Estimate'!$A$5:$A$238,0)) -> TVK | O48: =INDEX('AC Estimate'!$AL$5:$AL$238,MATCH($A48,'AC Estimate'!$A$5:$A$238,0)) -> Yes
A49: 119 | B49: =INDEX('AC Estimate'!$B$5:$B$238,MATCH($A49,'AC Estimate'!$A$5:$A$238,0)) -> Thondamuthur | C49: =INDEX('AC Estimate'!$C$5:$C$238,MATCH($A49,'AC Estimate'!$A$5:$A$238,0)) -> Coimbatore | D49: =INDEX('AC Estimate'!$I$5:$I$238,MATCH($A49,'AC Estimate'!$A$5:$A$238,0)) -> 57 | E49: =INDEX('AC Estimate'!$J$5:$J$238,MATCH($A49,'AC Estimate'!$A$5:$A$238,0)) -> 0.24561404 | F49: =INDEX('AC Estimate'!$K$5:$K$238,MATCH($A49,'AC Estimate'!$A$5:$A$238,0)) -> 0.28070175 | G49: =INDEX('AC Estimate'!$L$5:$L$238,MATCH($A49,'AC Estimate'!$A$5:$A$238,0)) -> 0 | H49: =INDEX('AC Estimate'!$M$5:$M$238,MATCH($A49,'AC Estimate'!$A$5:$A$238,0)) -> 0.052631579 | I49: =INDEX('AC Estimate'!$N$5:$N$238,MATCH($A49,'AC Estimate'!$A$5:$A$238,0)) -> 0.42105263 | J49: =INDEX('AC Estimate'!$P$5:$P$238,MATCH($A49,'AC Estimate'!$A$5:$A$238,0)) -> TVK | K49: =INDEX('AC Estimate'!$AK$5:$AK$238,MATCH($A49,'AC Estimate'!$A$5:$A$238,0)) -> TVK | L49: =INDEX('AC Estimate'!$AM$5:$AM$238,MATCH($A49,'AC Estimate'!$A$5:$A$238,0)) -> 0.50982824 | M49: =INDEX('AC Estimate'!$Q$5:$Q$238,MATCH($A49,'AC Estimate'!$A$5:$A$238,0)) -> AIADMK | N49: =INDEX('AC Estimate'!$R$5:$R$238,MATCH($A49,'AC Estimate'!$A$5:$A$238,0)) -> AIADMK+ | O49: =INDEX('AC Estimate'!$AL$5:$AL$238,MATCH($A49,'AC Estimate'!$A$5:$A$238,0)) -> No
A50: 120 | B50: =INDEX('AC Estimate'!$B$5:$B$238,MATCH($A50,'AC Estimate'!$A$5:$A$238,0)) -> Coimbatore (South) | C50: =INDEX('AC Estimate'!$C$5:$C$238,MATCH($A50,'AC Estimate'!$A$5:$A$238,0)) -> Coimbatore | D50: =INDEX('AC Estimate'!$I$5:$I$238,MATCH($A50,'AC Estimate'!$A$5:$A$238,0)) -> 73 | E50: =INDEX('AC Estimate'!$J$5:$J$238,MATCH($A50,'AC Estimate'!$A$5:$A$238,0)) -> 0.24657534 | F50: =INDEX('AC Estimate'!$K$5:$K$238,MATCH($A50,'AC Estimate'!$A$5:$A$238,0)) -> 0.39726027 | G50: =INDEX('AC Estimate'!$L$5:$L$238,MATCH($A50,'AC Estimate'!$A$5:$A$238,0)) -> 0 | H50: =INDEX('AC Estimate'!$M$5:$M$238,MATCH($A50,'AC Estimate'!$A$5:$A$238,0)) -> 0.054794521 | I50: =INDEX('AC Estimate'!$N$5:$N$238,MATCH($A50,'AC Estimate'!$A$5:$A$238,0)) -> 0.30136986 | J50: =INDEX('AC Estimate'!$P$5:$P$238,MATCH($A50,'AC Estimate'!$A$5:$A$238,0)) -> DMK+ | K50: =INDEX('AC Estimate'!$AK$5:$AK$238,MATCH($A50,'AC Estimate'!$A$5:$A$238,0)) -> TVK | L50: =INDEX('AC Estimate'!$AM$5:$AM$238,MATCH($A50,'AC Estimate'!$A$5:$A$238,0)) -> 0.57372957 | M50: =INDEX('AC Estimate'!$Q$5:$Q$238,MATCH($A50,'AC Estimate'!$A$5:$A$238,0)) -> DMK | N50: =INDEX('AC Estimate'!$R$5:$R$238,MATCH($A50,'AC Estimate'!$A$5:$A$238,0)) -> DMK+ | O50: =INDEX('AC Estimate'!$AL$5:$AL$238,MATCH($A50,'AC Estimate'!$A$5:$A$238,0)) -> No
A51: 121 | B51: =INDEX('AC Estimate'!$B$5:$B$238,MATCH($A51,'AC Estimate'!$A$5:$A$238,0)) -> Singanallur | C51: =INDEX('AC Estimate'!$C$5:$C$238,MATCH($A51,'AC Estimate'!$A$5:$A$238,0)) -> Coimbatore | D51: =INDEX('AC Estimate'!$I$5:$I$238,MATCH($A51,'AC Estimate'!$A$5:$A$238,0)) -> 75 | E51: =INDEX('AC Estimate'!$J$5:$J$238,MATCH($A51,'AC Estimate'!$A$5:$A$238,0)) -> 0.29333333 | F51: =INDEX('AC Estimate'!$K$5:$K$238,MATCH($A51,'AC Estimate'!$A$5:$A$238,0)) -> 0.25333333 | G51: =INDEX('AC Estimate'!$L$5:$L$238,MATCH($A51,'AC Estimate'!$A$5:$A$238,0)) -> 0.013333333 | H51: =INDEX('AC Estimate'!$M$5:$M$238,MATCH($A51,'AC Estimate'!$A$5:$A$238,0)) -> 0.026666667 | I51: =INDEX('AC Estimate'!$N$5:$N$238,MATCH($A51,'AC Estimate'!$A$5:$A$238,0)) -> 0.41333333 | J51: =INDEX('AC Estimate'!$P$5:$P$238,MATCH($A51,'AC Estimate'!$A$5:$A$238,0)) -> TVK | K51: =INDEX('AC Estimate'!$AK$5:$AK$238,MATCH($A51,'AC Estimate'!$A$5:$A$238,0)) -> TVK | L51: =INDEX('AC Estimate'!$AM$5:$AM$238,MATCH($A51,'AC Estimate'!$A$5:$A$238,0)) -> 0.62711745 | M51: =INDEX('AC Estimate'!$Q$5:$Q$238,MATCH($A51,'AC Estimate'!$A$5:$A$238,0)) -> TVK | N51: =INDEX('AC Estimate'!$R$5:$R$238,MATCH($A51,'AC Estimate'!$A$5:$A$238,0)) -> TVK | O51: =INDEX('AC Estimate'!$AL$5:$AL$238,MATCH($A51,'AC Estimate'!$A$5:$A$238,0)) -> Yes
A52: 122 | B52: =INDEX('AC Estimate'!$B$5:$B$238,MATCH($A52,'AC Estimate'!$A$5:$A$238,0)) -> Kinathukadavu | C52: =INDEX('AC Estimate'!$C$5:$C$238,MATCH($A52,'AC Estimate'!$A$5:$A$238,0)) -> Coimbatore | D52: =INDEX('AC Estimate'!$I$5:$I$238,MATCH($A52,'AC Estimate'!$A$5:$A$238,0)) -> 59 | E52: =INDEX('AC Estimate'!$J$5:$J$238,MATCH($A52,'AC Estimate'!$A$5:$A$238,0)) -> 0.25423729 | F52: =INDEX('AC Estimate'!$K$5:$K$238,MATCH($A52,'AC Estimate'!$A$5:$A$238,0)) -> 0.38983051 | G52: =INDEX('AC Estimate'!$L$5:$L$238,MATCH($A52,'AC Estimate'!$A$5:$A$238,0)) -> 0 | H52: =INDEX('AC Estimate'!$M$5:$M$238,MATCH($A52,'AC Estimate'!$A$5:$A$238,0)) -> 0.050847458 | I52: =INDEX('AC Estimate'!$N$5:$N$238,MATCH($A52,'AC Estimate'!$A$5:$A$238,0)) -> 0.30508475 | J52: =INDEX('AC Estimate'!$P$5:$P$238,MATCH($A52,'AC Estimate'!$A$5:$A$238,0)) -> DMK+ | K52: =INDEX('AC Estimate'!$AK$5:$AK$238,MATCH($A52,'AC Estimate'!$A$5:$A$238,0)) -> DMK+ | L52: =INDEX('AC Estimate'!$AM$5:$AM$238,MATCH($A52,'AC Estimate'!$A$5:$A$238,0)) -> 0.29646661 | M52: =INDEX('AC Estimate'!$Q$5:$Q$238,MATCH($A52,'AC Estimate'!$A$5:$A$238,0)) -> TVK | N52: =INDEX('AC Estimate'!$R$5:$R$238,MATCH($A52,'AC Estimate'!$A$5:$A$238,0)) -> TVK | O52: =INDEX('AC Estimate'!$AL$5:$AL$238,MATCH($A52,'AC Estimate'!$A$5:$A$238,0)) -> No
A53: 123 | B53: =INDEX('AC Estimate'!$B$5:$B$238,MATCH($A53,'AC Estimate'!$A$5:$A$238,0)) -> Pollachi | C53: =INDEX('AC Estimate'!$C$5:$C$238,MATCH($A53,'AC Estimate'!$A$5:$A$238,0)) -> Coimbatore | D53: =INDEX('AC Estimate'!$I$5:$I$238,MATCH($A53,'AC Estimate'!$A$5:$A$238,0)) -> 51 | E53: =INDEX('AC Estimate'!$J$5:$J$238,MATCH($A53,'AC Estimate'!$A$5:$A$238,0)) -> 0.35294118 | F53: =INDEX('AC Estimate'!$K$5:$K$238,MATCH($A53,'AC Estimate'!$A$5:$A$238,0)) -> 0.1372549 | G53: =INDEX('AC Estimate'!$L$5:$L$238,MATCH($A53,'AC Estimate'!$A$5:$A$238,0)) -> 0 | H53: =INDEX('AC Estimate'!$M$5:$M$238,MATCH($A53,'AC Estimate'!$A$5:$A$238,0)) -> 0.039215686 | I53: =INDEX('AC Estimate'!$N$5:$N$238,MATCH($A53,'AC Estimate'!$A$5:$A$238,0)) -> 0.47058824 | J53: =INDEX('AC Estimate'!$P$5:$P$238,MATCH($A53,'AC Estimate'!$A$5:$A$238,0)) -> TVK | K53: =INDEX('AC Estimate'!$AK$5:$AK$238,MATCH($A53,'AC Estimate'!$A$5:$A$238,0)) -> AIADMK+ | L53: =INDEX('AC Estimate'!$AM$5:$AM$238,MATCH($A53,'AC Estimate'!$A$5:$A$238,0)) -> 0.2995515 | M53: =INDEX('AC Estimate'!$Q$5:$Q$238,MATCH($A53,'AC Estimate'!$A$5:$A$238,0)) -> DMK | N53: =INDEX('AC Estimate'!$R$5:$R$238,MATCH($A53,'AC Estimate'!$A$5:$A$238,0)) -> DMK+ | O53: =INDEX('AC Estimate'!$AL$5:$AL$238,MATCH($A53,'AC Estimate'!$A$5:$A$238,0)) -> No
A54: 124 | B54: =INDEX('AC Estimate'!$B$5:$B$238,MATCH($A54,'AC Estimate'!$A$5:$A$238,0)) -> Valparai | C54: =INDEX('AC Estimate'!$C$5:$C$238,MATCH($A54,'AC Estimate'!$A$5:$A$238,0)) -> Coimbatore | D54: =INDEX('AC Estimate'!$I$5:$I$238,MATCH($A54,'AC Estimate'!$A$5:$A$238,0)) -> 21 | E54: =INDEX('AC Estimate'!$J$5:$J$238,MATCH($A54,'AC Estimate'!$A$5:$A$238,0)) -> 0.19047619 | F54: =INDEX('AC Estimate'!$K$5:$K$238,MATCH($A54,'AC Estimate'!$A$5:$A$238,0)) -> 0.095238095 | G54: =INDEX('AC Estimate'!$L$5:$L$238,MATCH($A54,'AC Estimate'!$A$5:$A$238,0)) -> 0 | H54: =INDEX('AC Estimate'!$M$5:$M$238,MATCH($A54,'AC Estimate'!$A$5:$A$238,0)) -> 0.047619048 | I54: =INDEX('AC Estimate'!$N$5:$N$238,MATCH($A54,'AC Estimate'!$A$5:$A$238,0)) -> 0.66666667 | J54: =INDEX('AC Estimate'!$P$5:$P$238,MATCH($A54,'AC Estimate'!$A$5:$A$238,0)) -> TVK | K54: =INDEX('AC Estimate'!$AK$5:$AK$238,MATCH($A54,'AC Estimate'!$A$5:$A$238,0)) -> DMK+ | L54: =INDEX('AC Estimate'!$AM$5:$AM$238,MATCH($A54,'AC Estimate'!$A$5:$A$238,0)) -> 0.3841286 | M54: =INDEX('AC Estimate'!$Q$5:$Q$238,MATCH($A54,'AC Estimate'!$A$5:$A$238,0)) -> DMK | N54: =INDEX('AC Estimate'!$R$5:$R$238,MATCH($A54,'AC Estimate'!$A$5:$A$238,0)) -> DMK+ | O54: =INDEX('AC Estimate'!$AL$5:$AL$238,MATCH($A54,'AC Estimate'!$A$5:$A$238,0)) -> Yes
B55: Coimbatore subtotal | D55: =SUM(D45:D54) -> 617 | J55: Est. T/A/D | K55: =COUNTIF(K45:K54,"TVK")&" / "&COUNTIF(K45:K54,"AIADMK+")&" / "&COUNTIF(K45:K54,"DMK+") -> 6 / 1 / 3 | M55: Actual T/A/D | N55: =COUNTIF(N45:N54,"TVK")&" / "&COUNTIF(N45:N54,"AIADMK+")&" / "&COUNTIF(N45:N54,"DMK+") -> 6 / 1 / 3 | O55: =IF(AND(ABS(COUNTIF(K45:K54,"TVK")-COUNTIF(N45:N54,"TVK"))<=Calibration!$B$3,ABS(COUNTIF(K45:K54,"AIADMK+")-COUNTIF(N45:N54,"AIADMK+"))<=Calibration!$B$3,ABS(COUNTIF(K45:K54,"DMK+")-COUNTIF(N45:N54,"DMK+"))<=Calibration!$B$3),"Within","Off") -> Within
A57: Cuddalore
A58: 151 | B58: =INDEX('AC Estimate'!$B$5:$B$238,MATCH($A58,'AC Estimate'!$A$5:$A$238,0)) -> Tittakudi | C58: =INDEX('AC Estimate'!$C$5:$C$238,MATCH($A58,'AC Estimate'!$A$5:$A$238,0)) -> Cuddalore | D58: =INDEX('AC Estimate'!$I$5:$I$238,MATCH($A58,'AC Estimate'!$A$5:$A$238,0)) -> 8 | E58: =INDEX('AC Estimate'!$J$5:$J$238,MATCH($A58,'AC Estimate'!$A$5:$A$238,0)) -> 0.5 | F58: =INDEX('AC Estimate'!$K$5:$K$238,MATCH($A58,'AC Estimate'!$A$5:$A$238,0)) -> 0 | G58: =INDEX('AC Estimate'!$L$5:$L$238,MATCH($A58,'AC Estimate'!$A$5:$A$238,0)) -> 0 | H58: =INDEX('AC Estimate'!$M$5:$M$238,MATCH($A58,'AC Estimate'!$A$5:$A$238,0)) -> 0.125 | I58: =INDEX('AC Estimate'!$N$5:$N$238,MATCH($A58,'AC Estimate'!$A$5:$A$238,0)) -> 0.375 | J58: =INDEX('AC Estimate'!$P$5:$P$238,MATCH($A58,'AC Estimate'!$A$5:$A$238,0)) -> AIADMK+ | K58: =INDEX('AC Estimate'!$AK$5:$AK$238,MATCH($A58,'AC Estimate'!$A$5:$A$238,0)) -> AIADMK+ | L58: =INDEX('AC Estimate'!$AM$5:$AM$238,MATCH($A58,'AC Estimate'!$A$5:$A$238,0)) -> 0.57704074 | M58: =INDEX('AC Estimate'!$Q$5:$Q$238,MATCH($A58,'AC Estimate'!$A$5:$A$238,0)) -> DMK | N58: =INDEX('AC Estimate'!$R$5:$R$238,MATCH($A58,'AC Estimate'!$A$5:$A$238,0)) -> DMK+ | O58: =INDEX('AC Estimate'!$AL$5:$AL$238,MATCH($A58,'AC Estimate'!$A$5:$A$238,0)) -> No
A59: 152 | B59: =INDEX('AC Estimate'!$B$5:$B$238,MATCH($A59,'AC Estimate'!$A$5:$A$238,0)) -> Virudhachalam | C59: =INDEX('AC Estimate'!$C$5:$C$238,MATCH($A59,'AC Estimate'!$A$5:$A$238,0)) -> Cuddalore | D59: =INDEX('AC Estimate'!$I$5:$I$238,MATCH($A59,'AC Estimate'!$A$5:$A$238,0)) -> 22 | E59: =INDEX('AC Estimate'!$J$5:$J$238,MATCH($A59,'AC Estimate'!$A$5:$A$238,0)) -> 0.54545455 | F59: =INDEX('AC Estimate'!$K$5:$K$238,MATCH($A59,'AC Estimate'!$A$5:$A$238,0)) -> 0.090909091 | G59: =INDEX('AC Estimate'!$L$5:$L$238,MATCH($A59,'AC Estimate'!$A$5:$A$238,0)) -> 0 | H59: =INDEX('AC Estimate'!$M$5:$M$238,MATCH($A59,'AC Estimate'!$A$5:$A$238,0)) -> 0 | I59: =INDEX('AC Estimate'!$N$5:$N$238,MATCH($A59,'AC Estimate'!$A$5:$A$238,0)) -> 0.36363636 | J59: =INDEX('AC Estimate'!$P$5:$P$238,MATCH($A59,'AC Estimate'!$A$5:$A$238,0)) -> AIADMK+ | K59: =INDEX('AC Estimate'!$AK$5:$AK$238,MATCH($A59,'AC Estimate'!$A$5:$A$238,0)) -> AIADMK+ | L59: =INDEX('AC Estimate'!$AM$5:$AM$238,MATCH($A59,'AC Estimate'!$A$5:$A$238,0)) -> 0.51634786 | M59: =INDEX('AC Estimate'!$Q$5:$Q$238,MATCH($A59,'AC Estimate'!$A$5:$A$238,0)) -> DMDK | N59: =INDEX('AC Estimate'!$R$5:$R$238,MATCH($A59,'AC Estimate'!$A$5:$A$238,0)) -> DMK+ | O59: =INDEX('AC Estimate'!$AL$5:$AL$238,MATCH($A59,'AC Estimate'!$A$5:$A$238,0)) -> No
A60: 153 | B60: =INDEX('AC Estimate'!$B$5:$B$238,MATCH($A60,'AC Estimate'!$A$5:$A$238,0)) -> Neyveli | C60: =INDEX('AC Estimate'!$C$5:$C$238,MATCH($A60,'AC Estimate'!$A$5:$A$238,0)) -> Cuddalore | D60: =INDEX('AC Estimate'!$I$5:$I$238,MATCH($A60,'AC Estimate'!$A$5:$A$238,0)) -> 25 | E60: =INDEX('AC Estimate'!$J$5:$J$238,MATCH($A60,'AC Estimate'!$A$5:$A$238,0)) -> 0.68 | F60: =INDEX('AC Estimate'!$K$5:$K$238,MATCH($A60,'AC Estimate'!$A$5:$A$238,0)) -> 0.2 | G60: =INDEX('AC Estimate'!$L$5:$L$238,MATCH($A60,'AC Estimate'!$A$5:$A$238,0)) -> 0 | H60: =INDEX('AC Estimate'!$M$5:$M$238,MATCH($A60,'AC Estimate'!$A$5:$A$238,0)) -> 0.04 | I60: =INDEX('AC Estimate'!$N$5:$N$238,MATCH($A60,'AC Estimate'!$A$5:$A$238,0)) -> 0.08 | J60: =INDEX('AC Estimate'!$P$5:$P$238,MATCH($A60,'AC Estimate'!$A$5:$A$238,0)) -> AIADMK+ | K60: =INDEX('AC Estimate'!$AK$5:$AK$238,MATCH($A60,'AC Estimate'!$A$5:$A$238,0)) -> AIADMK+ | L60: =INDEX('AC Estimate'!$AM$5:$AM$238,MATCH($A60,'AC Estimate'!$A$5:$A$238,0)) -> 0.52187836 | M60: =INDEX('AC Estimate'!$Q$5:$Q$238,MATCH($A60,'AC Estimate'!$A$5:$A$238,0)) -> AIADMK | N60: =INDEX('AC Estimate'!$R$5:$R$238,MATCH($A60,'AC Estimate'!$A$5:$A$238,0)) -> AIADMK+ | O60: =INDEX('AC Estimate'!$AL$5:$AL$238,MATCH($A60,'AC Estimate'!$A$5:$A$238,0)) -> Yes
A61: 154 | B61: =INDEX('AC Estimate'!$B$5:$B$238,MATCH($A61,'AC Estimate'!$A$5:$A$238,0)) -> Panruti | C61: =INDEX('AC Estimate'!$C$5:$C$238,MATCH($A61,'AC Estimate'!$A$5:$A$238,0)) -> Cuddalore | D61: =INDEX('AC Estimate'!$I$5:$I$238,MATCH($A61,'AC Estimate'!$A$5:$A$238,0)) -> 25 | E61: =INDEX('AC Estimate'!$J$5:$J$238,MATCH($A61,'AC Estimate'!$A$5:$A$238,0)) -> 0.4 | F61: =INDEX('AC Estimate'!$K$5:$K$238,MATCH($A61,'AC Estimate'!$A$5:$A$238,0)) -> 0.32 | G61: =INDEX('AC Estimate'!$L$5:$L$238,MATCH($A61,'AC Estimate'!$A$5:$A$238,0)) -> 0 | H61: =INDEX('AC Estimate'!$M$5:$M$238,MATCH($A61,'AC Estimate'!$A$5:$A$238,0)) -> 0.04 | I61: =INDEX('AC Estimate'!$N$5:$N$238,MATCH($A61,'AC Estimate'!$A$5:$A$238,0)) -> 0.24 | J61: =INDEX('AC Estimate'!$P$5:$P$238,MATCH($A61,'AC Estimate'!$A$5:$A$238,0)) -> AIADMK+ | K61: =INDEX('AC Estimate'!$AK$5:$AK$238,MATCH($A61,'AC Estimate'!$A$5:$A$238,0)) -> DMK+ | L61: =INDEX('AC Estimate'!$AM$5:$AM$238,MATCH($A61,'AC Estimate'!$A$5:$A$238,0)) -> 0.48854964 | M61: =INDEX('AC Estimate'!$Q$5:$Q$238,MATCH($A61,'AC Estimate'!$A$5:$A$238,0)) -> AIADMK | N61: =INDEX('AC Estimate'!$R$5:$R$238,MATCH($A61,'AC Estimate'!$A$5:$A$238,0)) -> AIADMK+ | O61: =INDEX('AC Estimate'!$AL$5:$AL$238,MATCH($A61,'AC Estimate'!$A$5:$A$238,0)) -> No
A62: 155 | B62: =INDEX('AC Estimate'!$B$5:$B$238,MATCH($A62,'AC Estimate'!$A$5:$A$238,0)) -> Cuddalore | C62: =INDEX('AC Estimate'!$C$5:$C$238,MATCH($A62,'AC Estimate'!$A$5:$A$238,0)) -> Cuddalore | D62: =INDEX('AC Estimate'!$I$5:$I$238,MATCH($A62,'AC Estimate'!$A$5:$A$238,0)) -> 55 | E62: =INDEX('AC Estimate'!$J$5:$J$238,MATCH($A62,'AC Estimate'!$A$5:$A$238,0)) -> 0.10909091 | F62: =INDEX('AC Estimate'!$K$5:$K$238,MATCH($A62,'AC Estimate'!$A$5:$A$238,0)) -> 0.58181818 | G62: =INDEX('AC Estimate'!$L$5:$L$238,MATCH($A62,'AC Estimate'!$A$5:$A$238,0)) -> 0 | H62: =INDEX('AC Estimate'!$M$5:$M$238,MATCH($A62,'AC Estimate'!$A$5:$A$238,0)) -> 0 | I62: =INDEX('AC Estimate'!$N$5:$N$238,MATCH($A62,'AC Estimate'!$A$5:$A$238,0)) -> 0.30909091 | J62: =INDEX('AC Estimate'!$P$5:$P$238,MATCH($A62,'AC Estimate'!$A$5:$A$238,0)) -> DMK+ | K62: =INDEX('AC Estimate'!$AK$5:$AK$238,MATCH($A62,'AC Estimate'!$A$5:$A$238,0)) -> TVK | L62: =INDEX('AC Estimate'!$AM$5:$AM$238,MATCH($A62,'AC Estimate'!$A$5:$A$238,0)) -> 0.34067982 | M62: =INDEX('AC Estimate'!$Q$5:$Q$238,MATCH($A62,'AC Estimate'!$A$5:$A$238,0)) -> TVK | N62: =INDEX('AC Estimate'!$R$5:$R$238,MATCH($A62,'AC Estimate'!$A$5:$A$238,0)) -> TVK | O62: =INDEX('AC Estimate'!$AL$5:$AL$238,MATCH($A62,'AC Estimate'!$A$5:$A$238,0)) -> Yes
A63: 156 | B63: =INDEX('AC Estimate'!$B$5:$B$238,MATCH($A63,'AC Estimate'!$A$5:$A$238,0)) -> Kurinjipadi | C63: =INDEX('AC Estimate'!$C$5:$C$238,MATCH($A63,'AC Estimate'!$A$5:$A$238,0)) -> Cuddalore | D63: =INDEX('AC Estimate'!$I$5:$I$238,MATCH($A63,'AC Estimate'!$A$5:$A$238,0)) -> 19 | E63: =INDEX('AC Estimate'!$J$5:$J$238,MATCH($A63,'AC Estimate'!$A$5:$A$238,0)) -> 0.31578947 | F63: =INDEX('AC Estimate'!$K$5:$K$238,MATCH($A63,'AC Estimate'!$A$5:$A$238,0)) -> 0.42105263 | G63: =INDEX('AC Estimate'!$L$5:$L$238,MATCH($A63,'AC Estimate'!$A$5:$A$238,0)) -> 0 | H63: =INDEX('AC Estimate'!$M$5:$M$238,MATCH($A63,'AC Estimate'!$A$5:$A$238,0)) -> 0.10526316 | I63: =INDEX('AC Estimate'!$N$5:$N$238,MATCH($A63,'AC Estimate'!$A$5:$A$238,0)) -> 0.15789474 | J63: =INDEX('AC Estimate'!$P$5:$P$238,MATCH($A63,'AC Estimate'!$A$5:$A$238,0)) -> DMK+ | K63: =INDEX('AC Estimate'!$AK$5:$AK$238,MATCH($A63,'AC Estimate'!$A$5:$A$238,0)) -> DMK+ | L63: =INDEX('AC Estimate'!$AM$5:$AM$238,MATCH($A63,'AC Estimate'!$A$5:$A$238,0)) -> 0.60419593 | M63: =INDEX('AC Estimate'!$Q$5:$Q$238,MATCH($A63,'AC Estimate'!$A$5:$A$238,0)) -> DMK | N63: =INDEX('AC Estimate'!$R$5:$R$238,MATCH($A63,'AC Estimate'!$A$5:$A$238,0)) -> DMK+ | O63: =INDEX('AC Estimate'!$AL$5:$AL$238,MATCH($A63,'AC Estimate'!$A$5:$A$238,0)) -> Yes
A64: 157 | B64: =INDEX('AC Estimate'!$B$5:$B$238,MATCH($A64,'AC Estimate'!$A$5:$A$238,0)) -> Bhuvanagiri | C64: =INDEX('AC Estimate'!$C$5:$C$238,MATCH($A64,'AC Estimate'!$A$5:$A$238,0)) -> Cuddalore | D64: =INDEX('AC Estimate'!$I$5:$I$238,MATCH($A64,'AC Estimate'!$A$5:$A$238,0)) -> 47 | E64: =INDEX('AC Estimate'!$J$5:$J$238,MATCH($A64,'AC Estimate'!$A$5:$A$238,0)) -> 0.063829787 | F64: =INDEX('AC Estimate'!$K$5:$K$238,MATCH($A64,'AC Estimate'!$A$5:$A$238,0)) -> 0.68085106 | G64: =INDEX('AC Estimate'!$L$5:$L$238,MATCH($A64,'AC Estimate'!$A$5:$A$238,0)) -> 0 | H64: =INDEX('AC Estimate'!$M$5:$M$238,MATCH($A64,'AC Estimate'!$A$5:$A$238,0)) -> 0.12765957 | I64: =INDEX('AC Estimate'!$N$5:$N$238,MATCH($A64,'AC Estimate'!$A$5:$A$238,0)) -> 0.12765957 | J64: =INDEX('AC Estimate'!$P$5:$P$238,MATCH($A64,'AC Estimate'!$A$5:$A$238,0)) -> DMK+ | K64: =INDEX('AC Estimate'!$AK$5:$AK$238,MATCH($A64,'AC Estimate'!$A$5:$A$238,0)) -> DMK+ | L64: =INDEX('AC Estimate'!$AM$5:$AM$238,MATCH($A64,'AC Estimate'!$A$5:$A$238,0)) -> 0.63062167 | M64: =INDEX('AC Estimate'!$Q$5:$Q$238,MATCH($A64,'AC Estimate'!$A$5:$A$238,0)) -> AIADMK | N64: =INDEX('AC Estimate'!$R$5:$R$238,MATCH($A64,'AC Estimate'!$A$5:$A$238,0)) -> AIADMK+ | O64: =INDEX('AC Estimate'!$AL$5:$AL$238,MATCH($A64,'AC Estimate'!$A$5:$A$238,0)) -> No
A65: 158 | B65: =INDEX('AC Estimate'!$B$5:$B$238,MATCH($A65,'AC Estimate'!$A$5:$A$238,0)) -> Chidambaram | C65: =INDEX('AC Estimate'!$C$5:$C$238,MATCH($A65,'AC Estimate'!$A$5:$A$238,0)) -> Cuddalore | D65: =INDEX('AC Estimate'!$I$5:$I$238,MATCH($A65,'AC Estimate'!$A$5:$A$238,0)) -> 16 | E65: =INDEX('AC Estimate'!$J$5:$J$238,MATCH($A65,'AC Estimate'!$A$5:$A$238,0)) -> 0.4375 | F65: =INDEX('AC Estimate'!$K$5:$K$238,MATCH($A65,'AC Estimate'!$A$5:$A$238,0)) -> 0.25 | G65: =INDEX('AC Estimate'!$L$5:$L$238,MATCH($A65,'AC Estimate'!$A$5:$A$238,0)) -> 0 | H65: =INDEX('AC Estimate'!$M$5:$M$238,MATCH($A65,'AC Estimate'!$A$5:$A$238,0)) -> 0.0625 | I65: =INDEX('AC Estimate'!$N$5:$N$238,MATCH($A65,'AC Estimate'!$A$5:$A$238,0)) -> 0.25 | J65: =INDEX('AC Estimate'!$P$5:$P$238,MATCH($A65,'AC Estimate'!$A$5:$A$238,0)) -> AIADMK+ | K65: =INDEX('AC Estimate'!$AK$5:$AK$238,MATCH($A65,'AC Estimate'!$A$5:$A$238,0)) -> DMK+ | L65: =INDEX('AC Estimate'!$AM$5:$AM$238,MATCH($A65,'AC Estimate'!$A$5:$A$238,0)) -> 0.4925381 | M65: =INDEX('AC Estimate'!$Q$5:$Q$238,MATCH($A65,'AC Estimate'!$A$5:$A$238,0)) -> DMK | N65: =INDEX('AC Estimate'!$R$5:$R$238,MATCH($A65,'AC Estimate'!$A$5:$A$238,0)) -> DMK+ | O65: =INDEX('AC Estimate'!$AL$5:$AL$238,MATCH($A65,'AC Estimate'!$A$5:$A$238,0)) -> Yes
A66: 159 | B66: =INDEX('AC Estimate'!$B$5:$B$238,MATCH($A66,'AC Estimate'!$A$5:$A$238,0)) -> Kattumannarkoil | C66: =INDEX('AC Estimate'!$C$5:$C$238,MATCH($A66,'AC Estimate'!$A$5:$A$238,0)) -> Cuddalore | D66: =INDEX('AC Estimate'!$I$5:$I$238,MATCH($A66,'AC Estimate'!$A$5:$A$238,0)) -> 14 | E66: =INDEX('AC Estimate'!$J$5:$J$238,MATCH($A66,'AC Estimate'!$A$5:$A$238,0)) -> 0.64285714 | F66: =INDEX('AC Estimate'!$K$5:$K$238,MATCH($A66,'AC Estimate'!$A$5:$A$238,0)) -> 0.21428571 | G66: =INDEX('AC Estimate'!$L$5:$L$238,MATCH($A66,'AC Estimate'!$A$5:$A$238,0)) -> 0 | H66: =INDEX('AC Estimate'!$M$5:$M$238,MATCH($A66,'AC Estimate'!$A$5:$A$238,0)) -> 0 | I66: =INDEX('AC Estimate'!$N$5:$N$238,MATCH($A66,'AC Estimate'!$A$5:$A$238,0)) -> 0.14285714 | J66: =INDEX('AC Estimate'!$P$5:$P$238,MATCH($A66,'AC Estimate'!$A$5:$A$238,0)) -> AIADMK+ | K66: =INDEX('AC Estimate'!$AK$5:$AK$238,MATCH($A66,'AC Estimate'!$A$5:$A$238,0)) -> DMK+ | L66: =INDEX('AC Estimate'!$AM$5:$AM$238,MATCH($A66,'AC Estimate'!$A$5:$A$238,0)) -> 0.40942897 | M66: =INDEX('AC Estimate'!$Q$5:$Q$238,MATCH($A66,'AC Estimate'!$A$5:$A$238,0)) -> VCK | N66: =INDEX('AC Estimate'!$R$5:$R$238,MATCH($A66,'AC Estimate'!$A$5:$A$238,0)) -> DMK+ | O66: =INDEX('AC Estimate'!$AL$5:$AL$238,MATCH($A66,'AC Estimate'!$A$5:$A$238,0)) -> Yes
B67: Cuddalore subtotal | D67: =SUM(D58:D66) -> 231 | J67: Est. T/A/D | K67: =COUNTIF(K58:K66,"TVK")&" / "&COUNTIF(K58:K66,"AIADMK+")&" / "&COUNTIF(K58:K66,"DMK+") -> 1 / 3 / 5 | M67: Actual T/A/D | N67: =COUNTIF(N58:N66,"TVK")&" / "&COUNTIF(N58:N66,"AIADMK+")&" / "&COUNTIF(N58:N66,"DMK+") -> 1 / 3 / 5 | O67: =IF(AND(ABS(COUNTIF(K58:K66,"TVK")-COUNTIF(N58:N66,"TVK"))<=Calibration!$B$3,ABS(COUNTIF(K58:K66,"AIADMK+")-COUNTIF(N58:N66,"AIADMK+"))<=Calibration!$B$3,ABS(COUNTIF(K58:K66,"DMK+")-COUNTIF(N58:N66,"DMK+"))<=Calibration!$B$3),"Within","Off") -> Within
A69: Dharmapuri
A70: 57 | B70: =INDEX('AC Estimate'!$B$5:$B$238,MATCH($A70,'AC Estimate'!$A$5:$A$238,0)) -> Palacode | C70: =INDEX('AC Estimate'!$C$5:$C$238,MATCH($A70,'AC Estimate'!$A$5:$A$238,0)) -> Dharmapuri | D70: =INDEX('AC Estimate'!$I$5:$I$238,MATCH($A70,'AC Estimate'!$A$5:$A$238,0)) -> 36 | E70: =INDEX('AC Estimate'!$J$5:$J$238,MATCH($A70,'AC Estimate'!$A$5:$A$238,0)) -> 0.33333333 | F70: =INDEX('AC Estimate'!$K$5:$K$238,MATCH($A70,'AC Estimate'!$A$5:$A$238,0)) -> 0.19444444 | G70: =INDEX('AC Estimate'!$L$5:$L$238,MATCH($A70,'AC Estimate'!$A$5:$A$238,0)) -> 0.027777778 | H70: =INDEX('AC Estimate'!$M$5:$M$238,MATCH($A70,'AC Estimate'!$A$5:$A$238,0)) -> 0.11111111 | I70: =INDEX('AC Estimate'!$N$5:$N$238,MATCH($A70,'AC Estimate'!$A$5:$A$238,0)) -> 0.33333333 | J70: =INDEX('AC Estimate'!$P$5:$P$238,MATCH($A70,'AC Estimate'!$A$5:$A$238,0)) -> AIADMK+ | K70: =INDEX('AC Estimate'!$AK$5:$AK$238,MATCH($A70,'AC Estimate'!$A$5:$A$238,0)) -> AIADMK+ | L70: =INDEX('AC Estimate'!$AM$5:$AM$238,MATCH($A70,'AC Estimate'!$A$5:$A$238,0)) -> 0.40933806 | M70: =INDEX('AC Estimate'!$Q$5:$Q$238,MATCH($A70,'AC Estimate'!$A$5:$A$238,0)) -> AIADMK | N70: =INDEX('AC Estimate'!$R$5:$R$238,MATCH($A70,'AC Estimate'!$A$5:$A$238,0)) -> AIADMK+ | O70: =INDEX('AC Estimate'!$AL$5:$AL$238,MATCH($A70,'AC Estimate'!$A$5:$A$238,0)) -> Yes
A71: 58 | B71: =INDEX('AC Estimate'!$B$5:$B$238,MATCH($A71,'AC Estimate'!$A$5:$A$238,0)) -> Pennagaram | C71: =INDEX('AC Estimate'!$C$5:$C$238,MATCH($A71,'AC Estimate'!$A$5:$A$238,0)) -> Dharmapuri | D71: =INDEX('AC Estimate'!$I$5:$I$238,MATCH($A71,'AC Estimate'!$A$5:$A$238,0)) -> 42 | E71: =INDEX('AC Estimate'!$J$5:$J$238,MATCH($A71,'AC Estimate'!$A$5:$A$238,0)) -> 0.28571429 | F71: =INDEX('AC Estimate'!$K$5:$K$238,MATCH($A71,'AC Estimate'!$A$5:$A$238,0)) -> 0.23809524 | G71: =INDEX('AC Estimate'!$L$5:$L$238,MATCH($A71,'AC Estimate'!$A$5:$A$238,0)) -> 0 | H71: =INDEX('AC Estimate'!$M$5:$M$238,MATCH($A71,'AC Estimate'!$A$5:$A$238,0)) -> 0.095238095 | I71: =INDEX('AC Estimate'!$N$5:$N$238,MATCH($A71,'AC Estimate'!$A$5:$A$238,0)) -> 0.38095238 | J71: =INDEX('AC Estimate'!$P$5:$P$238,MATCH($A71,'AC Estimate'!$A$5:$A$238,0)) -> TVK | K71: =INDEX('AC Estimate'!$AK$5:$AK$238,MATCH($A71,'AC Estimate'!$A$5:$A$238,0)) -> AIADMK+ | L71: =INDEX('AC Estimate'!$AM$5:$AM$238,MATCH($A71,'AC Estimate'!$A$5:$A$238,0)) -> 0.3495004 | M71: =INDEX('AC Estimate'!$Q$5:$Q$238,MATCH($A71,'AC Estimate'!$A$5:$A$238,0)) -> TVK | N71: =INDEX('AC Estimate'!$R$5:$R$238,MATCH($A71,'AC Estimate'!$A$5:$A$238,0)) -> TVK | O71: =INDEX('AC Estimate'!$AL$5:$AL$238,MATCH($A71,'AC Estimate'!$A$5:$A$238,0)) -> No
A72: 59 | B72: =INDEX('AC Estimate'!$B$5:$B$238,MATCH($A72,'AC Estimate'!$A$5:$A$238,0)) -> Dharmapuri | C72: =INDEX('AC Estimate'!$C$5:$C$238,MATCH($A72,'AC Estimate'!$A$5:$A$238,0)) -> Dharmapuri | D72: =INDEX('AC Estimate'!$I$5:$I$238,MATCH($A72,'AC Estimate'!$A$5:$A$238,0)) -> 73 | E72: =INDEX('AC Estimate'!$J$5:$J$238,MATCH($A72,'AC Estimate'!$A$5:$A$238,0)) -> 0.42465753 | F72: =INDEX('AC Estimate'!$K$5:$K$238,MATCH($A72,'AC Estimate'!$A$5:$A$238,0)) -> 0.19178082 | G72: =INDEX('AC Estimate'!$L$5:$L$238,MATCH($A72,'AC Estimate'!$A$5:$A$238,0)) -> 0 | H72: =INDEX('AC Estimate'!$M$5:$M$238,MATCH($A72,'AC Estimate'!$A$5:$A$238,0)) -> 0.04109589 | I72: =INDEX('AC Estimate'!$N$5:$N$238,MATCH($A72,'AC Estimate'!$A$5:$A$238,0)) -> 0.34246575 | J72: =INDEX('AC Estimate'!$P$5:$P$238,MATCH($A72,'AC Estimate'!$A$5:$A$238,0)) -> AIADMK+ | K72: =INDEX('AC Estimate'!$AK$5:$AK$238,MATCH($A72,'AC Estimate'!$A$5:$A$238,0)) -> TVK | L72: =INDEX('AC Estimate'!$AM$5:$AM$238,MATCH($A72,'AC Estimate'!$A$5:$A$238,0)) -> 0.57860329 | M72: =INDEX('AC Estimate'!$Q$5:$Q$238,MATCH($A72,'AC Estimate'!$A$5:$A$238,0)) -> PMK | N72: =INDEX('AC Estimate'!$R$5:$R$238,MATCH($A72,'AC Estimate'!$A$5:$A$238,0)) -> AIADMK+ | O72: =INDEX('AC Estimate'!$AL$5:$AL$238,MATCH($A72,'AC Estimate'!$A$5:$A$238,0)) -> No
A73: 60 | B73: =INDEX('AC Estimate'!$B$5:$B$238,MATCH($A73,'AC Estimate'!$A$5:$A$238,0)) -> Pappireddippatti | C73: =INDEX('AC Estimate'!$C$5:$C$238,MATCH($A73,'AC Estimate'!$A$5:$A$238,0)) -> Dharmapuri | D73: =INDEX('AC Estimate'!$I$5:$I$238,MATCH($A73,'AC Estimate'!$A$5:$A$238,0)) -> 44 | E73: =INDEX('AC Estimate'!$J$5:$J$238,MATCH($A73,'AC Estimate'!$A$5:$A$238,0)) -> 0.54545455 | F73: =INDEX('AC Estimate'!$K$5:$K$238,MATCH($A73,'AC Estimate'!$A$5:$A$238,0)) -> 0.15909091 | G73: =INDEX('AC Estimate'!$L$5:$L$238,MATCH($A73,'AC Estimate'!$A$5:$A$238,0)) -> 0.022727273 | H73: =INDEX('AC Estimate'!$M$5:$M$238,MATCH($A73,'AC Estimate'!$A$5:$A$238,0)) -> 0.045454545 | I73: =INDEX('AC Estimate'!$N$5:$N$238,MATCH($A73,'AC Estimate'!$A$5:$A$238,0)) -> 0.22727273 | J73: =INDEX('AC Estimate'!$P$5:$P$238,MATCH($A73,'AC Estimate'!$A$5:$A$238,0)) -> AIADMK+ | K73: =INDEX('AC Estimate'!$AK$5:$AK$238,MATCH($A73,'AC Estimate'!$A$5:$A$238,0)) -> AIADMK+ | L73: =INDEX('AC Estimate'!$AM$5:$AM$238,MATCH($A73,'AC Estimate'!$A$5:$A$238,0)) -> 0.44919142 | M73: =INDEX('AC Estimate'!$Q$5:$Q$238,MATCH($A73,'AC Estimate'!$A$5:$A$238,0)) -> AIADMK | N73: =INDEX('AC Estimate'!$R$5:$R$238,MATCH($A73,'AC Estimate'!$A$5:$A$238,0)) -> AIADMK+ | O73: =INDEX('AC Estimate'!$AL$5:$AL$238,MATCH($A73,'AC Estimate'!$A$5:$A$238,0)) -> Yes
A74: 61 | B74: =INDEX('AC Estimate'!$B$5:$B$238,MATCH($A74,'AC Estimate'!$A$5:$A$238,0)) -> Harur | C74: =INDEX('AC Estimate'!$C$5:$C$238,MATCH($A74,'AC Estimate'!$A$5:$A$238,0)) -> Dharmapuri | D74: =INDEX('AC Estimate'!$I$5:$I$238,MATCH($A74,'AC Estimate'!$A$5:$A$238,0)) -> 42 | E74: =INDEX('AC Estimate'!$J$5:$J$238,MATCH($A74,'AC Estimate'!$A$5:$A$238,0)) -> 0.38095238 | F74: =INDEX('AC Estimate'!$K$5:$K$238,MATCH($A74,'AC Estimate'!$A$5:$A$238,0)) -> 0.16666667 | G74: =INDEX('AC Estimate'!$L$5:$L$238,MATCH($A74,'AC Estimate'!$A$5:$A$238,0)) -> 0 | H74: =INDEX('AC Estimate'!$M$5:$M$238,MATCH($A74,'AC Estimate'!$A$5:$A$238,0)) -> 0.071428571 | I74: =INDEX('AC Estimate'!$N$5:$N$238,MATCH($A74,'AC Estimate'!$A$5:$A$238,0)) -> 0.38095238 | J74: =INDEX('AC Estimate'!$P$5:$P$238,MATCH($A74,'AC Estimate'!$A$5:$A$238,0)) -> AIADMK+ | K74: =INDEX('AC Estimate'!$AK$5:$AK$238,MATCH($A74,'AC Estimate'!$A$5:$A$238,0)) -> AIADMK+ | L74: =INDEX('AC Estimate'!$AM$5:$AM$238,MATCH($A74,'AC Estimate'!$A$5:$A$238,0)) -> 0.39417331 | M74: =INDEX('AC Estimate'!$Q$5:$Q$238,MATCH($A74,'AC Estimate'!$A$5:$A$238,0)) -> AIADMK | N74: =INDEX('AC Estimate'!$R$5:$R$238,MATCH($A74,'AC Estimate'!$A$5:$A$238,0)) -> AIADMK+ | O74: =INDEX('AC Estimate'!$AL$5:$AL$238,MATCH($A74,'AC Estimate'!$A$5:$A$238,0)) -> Yes
B75: Dharmapuri subtotal | D75: =SUM(D70:D74) -> 237 | J75: Est. T/A/D | K75: =COUNTIF(K70:K74,"TVK")&" / "&COUNTIF(K70:K74,"AIADMK+")&" / "&COUNTIF(K70:K74,"DMK+") -> 1 / 4 / 0 | M75: Actual T/A/D | N75: =COUNTIF(N70:N74,"TVK")&" / "&COUNTIF(N70:N74,"AIADMK+")&" / "&COUNTIF(N70:N74,"DMK+") -> 1 / 4 / 0 | O75: =IF(AND(ABS(COUNTIF(K70:K74,"TVK")-COUNTIF(N70:N74,"TVK"))<=Calibration!$B$3,ABS(COUNTIF(K70:K74,"AIADMK+")-COUNTIF(N70:N74,"AIADMK+"))<=Calibration!$B$3,ABS(COUNTIF(K70:K74,"DMK+")-COUNTIF(N70:N74,"DMK+"))<=Calibration!$B$3),"Within","Off") -> Within
A77: Dindigul
A78: 127 | B78: =INDEX('AC Estimate'!$B$5:$B$238,MATCH($A78,'AC Estimate'!$A$5:$A$238,0)) -> Palani | C78: =INDEX('AC Estimate'!$C$5:$C$238,MATCH($A78,'AC Estimate'!$A$5:$A$238,0)) -> Dindigul | D78: =INDEX('AC Estimate'!$I$5:$I$238,MATCH($A78,'AC Estimate'!$A$5:$A$238,0)) -> 42 | E78: =INDEX('AC Estimate'!$J$5:$J$238,MATCH($A78,'AC Estimate'!$A$5:$A$238,0)) -> 0.19047619 | F78: =INDEX('AC Estimate'!$K$5:$K$238,MATCH($A78,'AC Estimate'!$A$5:$A$238,0)) -> 0.11904762 | G78: =INDEX('AC Estimate'!$L$5:$L$238,MATCH($A78,'AC Estimate'!$A$5:$A$238,0)) -> 0 | H78: =INDEX('AC Estimate'!$M$5:$M$238,MATCH($A78,'AC Estimate'!$A$5:$A$238,0)) -> 0.095238095 | I78: =INDEX('AC Estimate'!$N$5:$N$238,MATCH($A78,'AC Estimate'!$A$5:$A$238,0)) -> 0.5952381 | J78: =INDEX('AC Estimate'!$P$5:$P$238,MATCH($A78,'AC Estimate'!$A$5:$A$238,0)) -> TVK | K78: =INDEX('AC Estimate'!$AK$5:$AK$238,MATCH($A78,'AC Estimate'!$A$5:$A$238,0)) -> AIADMK+ | L78: =INDEX('AC Estimate'!$AM$5:$AM$238,MATCH($A78,'AC Estimate'!$A$5:$A$238,0)) -> 0.2821744 | M78: =INDEX('AC Estimate'!$Q$5:$Q$238,MATCH($A78,'AC Estimate'!$A$5:$A$238,0)) -> AIADMK | N78: =INDEX('AC Estimate'!$R$5:$R$238,MATCH($A78,'AC Estimate'!$A$5:$A$238,0)) -> AIADMK+ | O78: =INDEX('AC Estimate'!$AL$5:$AL$238,MATCH($A78,'AC Estimate'!$A$5:$A$238,0)) -> Yes
A79: 128 | B79: =INDEX('AC Estimate'!$B$5:$B$238,MATCH($A79,'AC Estimate'!$A$5:$A$238,0)) -> Oddanchatram | C79: =INDEX('AC Estimate'!$C$5:$C$238,MATCH($A79,'AC Estimate'!$A$5:$A$238,0)) -> Dindigul | D79: =INDEX('AC Estimate'!$I$5:$I$238,MATCH($A79,'AC Estimate'!$A$5:$A$238,0)) -> 49 | E79: =INDEX('AC Estimate'!$J$5:$J$238,MATCH($A79,'AC Estimate'!$A$5:$A$238,0)) -> 0.34693878 | F79: =INDEX('AC Estimate'!$K$5:$K$238,MATCH($A79,'AC Estimate'!$A$5:$A$238,0)) -> 0.2244898 | G79: =INDEX('AC Estimate'!$L$5:$L$238,MATCH($A79,'AC Estimate'!$A$5:$A$238,0)) -> 0.020408163 | H79: =INDEX('AC Estimate'!$M$5:$M$238,MATCH($A79,'AC Estimate'!$A$5:$A$238,0)) -> 0 | I79: =INDEX('AC Estimate'!$N$5:$N$238,MATCH($A79,'AC Estimate'!$A$5:$A$238,0)) -> 0.40816327 | J79: =INDEX('AC Estimate'!$P$5:$P$238,MATCH($A79,'AC Estimate'!$A$5:$A$238,0)) -> TVK | K79: =INDEX('AC Estimate'!$AK$5:$AK$238,MATCH($A79,'AC Estimate'!$A$5:$A$238,0)) -> AIADMK+ | L79: =INDEX('AC Estimate'!$AM$5:$AM$238,MATCH($A79,'AC Estimate'!$A$5:$A$238,0)) -> 0.28340876 | M79: =INDEX('AC Estimate'!$Q$5:$Q$238,MATCH($A79,'AC Estimate'!$A$5:$A$238,0)) -> DMK | N79: =INDEX('AC Estimate'!$R$5:$R$238,MATCH($A79,'AC Estimate'!$A$5:$A$238,0)) -> DMK+ | O79: =INDEX('AC Estimate'!$AL$5:$AL$238,MATCH($A79,'AC Estimate'!$A$5:$A$238,0)) -> No
A80: 129 | B80: =INDEX('AC Estimate'!$B$5:$B$238,MATCH($A80,'AC Estimate'!$A$5:$A$238,0)) -> Athoor | C80: =INDEX('AC Estimate'!$C$5:$C$238,MATCH($A80,'AC Estimate'!$A$5:$A$238,0)) -> Dindigul | D80: =INDEX('AC Estimate'!$I$5:$I$238,MATCH($A80,'AC Estimate'!$A$5:$A$238,0)) -> 59 | E80: =INDEX('AC Estimate'!$J$5:$J$238,MATCH($A80,'AC Estimate'!$A$5:$A$238,0)) -> 0.15254237 | F80: =INDEX('AC Estimate'!$K$5:$K$238,MATCH($A80,'AC Estimate'!$A$5:$A$238,0)) -> 0.40677966 | G80: =INDEX('AC Estimate'!$L$5:$L$238,MATCH($A80,'AC Estimate'!$A$5:$A$238,0)) -> 0 | H80: =INDEX('AC Estimate'!$M$5:$M$238,MATCH($A80,'AC Estimate'!$A$5:$A$238,0)) -> 0.06779661 | I80: =INDEX('AC Estimate'!$N$5:$N$238,MATCH($A80,'AC Estimate'!$A$5:$A$238,0)) -> 0.37288136 | J80: =INDEX('AC Estimate'!$P$5:$P$238,MATCH($A80,'AC Estimate'!$A$5:$A$238,0)) -> DMK+ | K80: =INDEX('AC Estimate'!$AK$5:$AK$238,MATCH($A80,'AC Estimate'!$A$5:$A$238,0)) -> DMK+ | L80: =INDEX('AC Estimate'!$AM$5:$AM$238,MATCH($A80,'AC Estimate'!$A$5:$A$238,0)) -> 0.30581068 | M80: =INDEX('AC Estimate'!$Q$5:$Q$238,MATCH($A80,'AC Estimate'!$A$5:$A$238,0)) -> DMK | N80: =INDEX('AC Estimate'!$R$5:$R$238,MATCH($A80,'AC Estimate'!$A$5:$A$238,0)) -> DMK+ | O80: =INDEX('AC Estimate'!$AL$5:$AL$238,MATCH($A80,'AC Estimate'!$A$5:$A$238,0)) -> Yes
A81: 130 | B81: =INDEX('AC Estimate'!$B$5:$B$238,MATCH($A81,'AC Estimate'!$A$5:$A$238,0)) -> Nilakottai | C81: =INDEX('AC Estimate'!$C$5:$C$238,MATCH($A81,'AC Estimate'!$A$5:$A$238,0)) -> Dindigul | D81: =INDEX('AC Estimate'!$I$5:$I$238,MATCH($A81,'AC Estimate'!$A$5:$A$238,0)) -> 32 | E81: =INDEX('AC Estimate'!$J$5:$J$238,MATCH($A81,'AC Estimate'!$A$5:$A$238,0)) -> 0.1875 | F81: =INDEX('AC Estimate'!$K$5:$K$238,MATCH($A81,'AC Estimate'!$A$5:$A$238,0)) -> 0.21875 | G81: =INDEX('AC Estimate'!$L$5:$L$238,MATCH($A81,'AC Estimate'!$A$5:$A$238,0)) -> 0 | H81: =INDEX('AC Estimate'!$M$5:$M$238,MATCH($A81,'AC Estimate'!$A$5:$A$238,0)) -> 0.09375 | I81: =INDEX('AC Estimate'!$N$5:$N$238,MATCH($A81,'AC Estimate'!$A$5:$A$238,0)) -> 0.5 | J81: =INDEX('AC Estimate'!$P$5:$P$238,MATCH($A81,'AC Estimate'!$A$5:$A$238,0)) -> TVK | K81: =INDEX('AC Estimate'!$AK$5:$AK$238,MATCH($A81,'AC Estimate'!$A$5:$A$238,0)) -> DMK+ | L81: =INDEX('AC Estimate'!$AM$5:$AM$238,MATCH($A81,'AC Estimate'!$A$5:$A$238,0)) -> 0.37042416 | M81: =INDEX('AC Estimate'!$Q$5:$Q$238,MATCH($A81,'AC Estimate'!$A$5:$A$238,0)) -> TVK | N81: =INDEX('AC Estimate'!$R$5:$R$238,MATCH($A81,'AC Estimate'!$A$5:$A$238,0)) -> TVK | O81: =INDEX('AC Estimate'!$AL$5:$AL$238,MATCH($A81,'AC Estimate'!$A$5:$A$238,0)) -> No
A82: 131 | B82: =INDEX('AC Estimate'!$B$5:$B$238,MATCH($A82,'AC Estimate'!$A$5:$A$238,0)) -> Natham | C82: =INDEX('AC Estimate'!$C$5:$C$238,MATCH($A82,'AC Estimate'!$A$5:$A$238,0)) -> Dindigul | D82: =INDEX('AC Estimate'!$I$5:$I$238,MATCH($A82,'AC Estimate'!$A$5:$A$238,0)) -> 28 | E82: =INDEX('AC Estimate'!$J$5:$J$238,MATCH($A82,'AC Estimate'!$A$5:$A$238,0)) -> 0.10714286 | F82: =INDEX('AC Estimate'!$K$5:$K$238,MATCH($A82,'AC Estimate'!$A$5:$A$238,0)) -> 0.39285714 | G82: =INDEX('AC Estimate'!$L$5:$L$238,MATCH($A82,'AC Estimate'!$A$5:$A$238,0)) -> 0 | H82: =INDEX('AC Estimate'!$M$5:$M$238,MATCH($A82,'AC Estimate'!$A$5:$A$238,0)) -> 0.14285714 | I82: =INDEX('AC Estimate'!$N$5:$N$238,MATCH($A82,'AC Estimate'!$A$5:$A$238,0)) -> 0.35714286 | J82: =INDEX('AC Estimate'!$P$5:$P$238,MATCH($A82,'AC Estimate'!$A$5:$A$238,0)) -> DMK+ | K82: =INDEX('AC Estimate'!$AK$5:$AK$238,MATCH($A82,'AC Estimate'!$A$5:$A$238,0)) -> DMK+ | L82: =INDEX('AC Estimate'!$AM$5:$AM$238,MATCH($A82,'AC Estimate'!$A$5:$A$238,0)) -> 0.5129861 | M82: =INDEX('AC Estimate'!$Q$5:$Q$238,MATCH($A82,'AC Estimate'!$A$5:$A$238,0)) -> AIADMK | N82: =INDEX('AC Estimate'!$R$5:$R$238,MATCH($A82,'AC Estimate'!$A$5:$A$238,0)) -> AIADMK+ | O82: =INDEX('AC Estimate'!$AL$5:$AL$238,MATCH($A82,'AC Estimate'!$A$5:$A$238,0)) -> No
A83: 132 | B83: =INDEX('AC Estimate'!$B$5:$B$238,MATCH($A83,'AC Estimate'!$A$5:$A$238,0)) -> Dindigul | C83: =INDEX('AC Estimate'!$C$5:$C$238,MATCH($A83,'AC Estimate'!$A$5:$A$238,0)) -> Dindigul | D83: =INDEX('AC Estimate'!$I$5:$I$238,MATCH($A83,'AC Estimate'!$A$5:$A$238,0)) -> 68 | E83: =INDEX('AC Estimate'!$J$5:$J$238,MATCH($A83,'AC Estimate'!$A$5:$A$238,0)) -> 0.25 | F83: =INDEX('AC Estimate'!$K$5:$K$238,MATCH($A83,'AC Estimate'!$A$5:$A$238,0)) -> 0.20588235 | G83: =INDEX('AC Estimate'!$L$5:$L$238,MATCH($A83,'AC Estimate'!$A$5:$A$238,0)) -> 0.014705882 | H83: =INDEX('AC Estimate'!$M$5:$M$238,MATCH($A83,'AC Estimate'!$A$5:$A$238,0)) -> 0.029411765 | I83: =INDEX('AC Estimate'!$N$5:$N$238,MATCH($A83,'AC Estimate'!$A$5:$A$238,0)) -> 0.5 | J83: =INDEX('AC Estimate'!$P$5:$P$238,MATCH($A83,'AC Estimate'!$A$5:$A$238,0)) -> TVK | K83: =INDEX('AC Estimate'!$AK$5:$AK$238,MATCH($A83,'AC Estimate'!$A$5:$A$238,0)) -> TVK | L83: =INDEX('AC Estimate'!$AM$5:$AM$238,MATCH($A83,'AC Estimate'!$A$5:$A$238,0)) -> 0.62919945 | M83: =INDEX('AC Estimate'!$Q$5:$Q$238,MATCH($A83,'AC Estimate'!$A$5:$A$238,0)) -> DMK | N83: =INDEX('AC Estimate'!$R$5:$R$238,MATCH($A83,'AC Estimate'!$A$5:$A$238,0)) -> DMK+ | O83: =INDEX('AC Estimate'!$AL$5:$AL$238,MATCH($A83,'AC Estimate'!$A$5:$A$238,0)) -> No
A84: 133 | B84: =INDEX('AC Estimate'!$B$5:$B$238,MATCH($A84,'AC Estimate'!$A$5:$A$238,0)) -> Vedasandur | C84: =INDEX('AC Estimate'!$C$5:$C$238,MATCH($A84,'AC Estimate'!$A$5:$A$238,0)) -> Dindigul | D84: =INDEX('AC Estimate'!$I$5:$I$238,MATCH($A84,'AC Estimate'!$A$5:$A$238,0)) -> 44 | E84: =INDEX('AC Estimate'!$J$5:$J$238,MATCH($A84,'AC Estimate'!$A$5:$A$238,0)) -> 0.20454545 | F84: =INDEX('AC Estimate'!$K$5:$K$238,MATCH($A84,'AC Estimate'!$A$5:$A$238,0)) -> 0.29545455 | G84: =INDEX('AC Estimate'!$L$5:$L$238,MATCH($A84,'AC Estimate'!$A$5:$A$238,0)) -> 0 | H84: =INDEX('AC Estimate'!$M$5:$M$238,MATCH($A84,'AC Estimate'!$A$5:$A$238,0)) -> 0.090909091 | I84: =INDEX('AC Estimate'!$N$5:$N$238,MATCH($A84,'AC Estimate'!$A$5:$A$238,0)) -> 0.40909091 | J84: =INDEX('AC Estimate'!$P$5:$P$238,MATCH($A84,'AC Estimate'!$A$5:$A$238,0)) -> TVK | K84: =INDEX('AC Estimate'!$AK$5:$AK$238,MATCH($A84,'AC Estimate'!$A$5:$A$238,0)) -> DMK+ | L84: =INDEX('AC Estimate'!$AM$5:$AM$238,MATCH($A84,'AC Estimate'!$A$5:$A$238,0)) -> 0.33059848 | M84: =INDEX('AC Estimate'!$Q$5:$Q$238,MATCH($A84,'AC Estimate'!$A$5:$A$238,0)) -> DMK | N84: =INDEX('AC Estimate'!$R$5:$R$238,MATCH($A84,'AC Estimate'!$A$5:$A$238,0)) -> DMK+ | O84: =INDEX('AC Estimate'!$AL$5:$AL$238,MATCH($A84,'AC Estimate'!$A$5:$A$238,0)) -> Yes
B85: Dindigul subtotal | D85: =SUM(D78:D84) -> 322 | J85: Est. T/A/D | K85: =COUNTIF(K78:K84,"TVK")&" / "&COUNTIF(K78:K84,"AIADMK+")&" / "&COUNTIF(K78:K84,"DMK+") -> 1 / 2 / 4 | M85: Actual T/A/D | N85: =COUNTIF(N78:N84,"TVK")&" / "&COUNTIF(N78:N84,"AIADMK+")&" / "&COUNTIF(N78:N84,"DMK+") -> 1 / 2 / 4 | O85: =IF(AND(ABS(COUNTIF(K78:K84,"TVK")-COUNTIF(N78:N84,"TVK"))<=Calibration!$B$3,ABS(COUNTIF(K78:K84,"AIADMK+")-COUNTIF(N78:N84,"AIADMK+"))<=Calibration!$B$3,ABS(COUNTIF(K78:K84,"DMK+")-COUNTIF(N78:N84,"DMK+"))<=Calibration!$B$3),"Within","Off") -> Within
A87: Erode
A88: 98 | B88: =INDEX('AC Estimate'!$B$5:$B$238,MATCH($A88,'AC Estimate'!$A$5:$A$238,0)) -> Erode (East) | C88: =INDEX('AC Estimate'!$C$5:$C$238,MATCH($A88,'AC Estimate'!$A$5:$A$238,0)) -> Erode | D88: =INDEX('AC Estimate'!$I$5:$I$238,MATCH($A88,'AC Estimate'!$A$5:$A$238,0)) -> 52 | E88: =INDEX('AC Estimate'!$J$5:$J$238,MATCH($A88,'AC Estimate'!$A$5:$A$238,0)) -> 0.34615385 | F88: =INDEX('AC Estimate'!$K$5:$K$238,MATCH($A88,'AC Estimate'!$A$5:$A$238,0)) -> 0.11538462 | G88: =INDEX('AC Estimate'!$L$5:$L$238,MATCH($A88,'AC Estimate'!$A$5:$A$238,0)) -> 0 | H88: =INDEX('AC Estimate'!$M$5:$M$238,MATCH($A88,'AC Estimate'!$A$5:$A$238,0)) -> 0.019230769 | I88: =INDEX('AC Estimate'!$N$5:$N$238,MATCH($A88,'AC Estimate'!$A$5:$A$238,0)) -> 0.51923077 | J88: =INDEX('AC Estimate'!$P$5:$P$238,MATCH($A88,'AC Estimate'!$A$5:$A$238,0)) -> TVK | K88: =INDEX('AC Estimate'!$AK$5:$AK$238,MATCH($A88,'AC Estimate'!$A$5:$A$238,0)) -> TVK | L88: =INDEX('AC Estimate'!$AM$5:$AM$238,MATCH($A88,'AC Estimate'!$A$5:$A$238,0)) -> 0.48497223 | M88: =INDEX('AC Estimate'!$Q$5:$Q$238,MATCH($A88,'AC Estimate'!$A$5:$A$238,0)) -> TVK | N88: =INDEX('AC Estimate'!$R$5:$R$238,MATCH($A88,'AC Estimate'!$A$5:$A$238,0)) -> TVK | O88: =INDEX('AC Estimate'!$AL$5:$AL$238,MATCH($A88,'AC Estimate'!$A$5:$A$238,0)) -> Yes
A89: 99 | B89: =INDEX('AC Estimate'!$B$5:$B$238,MATCH($A89,'AC Estimate'!$A$5:$A$238,0)) -> Erode (West) | C89: =INDEX('AC Estimate'!$C$5:$C$238,MATCH($A89,'AC Estimate'!$A$5:$A$238,0)) -> Erode | D89: =INDEX('AC Estimate'!$I$5:$I$238,MATCH($A89,'AC Estimate'!$A$5:$A$238,0)) -> 70 | E89: =INDEX('AC Estimate'!$J$5:$J$238,MATCH($A89,'AC Estimate'!$A$5:$A$238,0)) -> 0.44285714 | F89: =INDEX('AC Estimate'!$K$5:$K$238,MATCH($A89,'AC Estimate'!$A$5:$A$238,0)) -> 0.3 | G89: =INDEX('AC Estimate'!$L$5:$L$238,MATCH($A89,'AC Estimate'!$A$5:$A$238,0)) -> 0 | H89: =INDEX('AC Estimate'!$M$5:$M$238,MATCH($A89,'AC Estimate'!$A$5:$A$238,0)) -> 0.028571429 | I89: =INDEX('AC Estimate'!$N$5:$N$238,MATCH($A89,'AC Estimate'!$A$5:$A$238,0)) -> 0.22857143 | J89: =INDEX('AC Estimate'!$P$5:$P$238,MATCH($A89,'AC Estimate'!$A$5:$A$238,0)) -> AIADMK+ | K89: =INDEX('AC Estimate'!$AK$5:$AK$238,MATCH($A89,'AC Estimate'!$A$5:$A$238,0)) -> TVK | L89: =INDEX('AC Estimate'!$AM$5:$AM$238,MATCH($A89,'AC Estimate'!$A$5:$A$238,0)) -> 0.53326637 | M89: =INDEX('AC Estimate'!$Q$5:$Q$238,MATCH($A89,'AC Estimate'!$A$5:$A$238,0)) -> TVK | N89: =INDEX('AC Estimate'!$R$5:$R$238,MATCH($A89,'AC Estimate'!$A$5:$A$238,0)) -> TVK | O89: =INDEX('AC Estimate'!$AL$5:$AL$238,MATCH($A89,'AC Estimate'!$A$5:$A$238,0)) -> Yes
A90: 100 | B90: =INDEX('AC Estimate'!$B$5:$B$238,MATCH($A90,'AC Estimate'!$A$5:$A$238,0)) -> Modakkurichi | C90: =INDEX('AC Estimate'!$C$5:$C$238,MATCH($A90,'AC Estimate'!$A$5:$A$238,0)) -> Erode | D90: =INDEX('AC Estimate'!$I$5:$I$238,MATCH($A90,'AC Estimate'!$A$5:$A$238,0)) -> 31 | E90: =INDEX('AC Estimate'!$J$5:$J$238,MATCH($A90,'AC Estimate'!$A$5:$A$238,0)) -> 0.4516129 | F90: =INDEX('AC Estimate'!$K$5:$K$238,MATCH($A90,'AC Estimate'!$A$5:$A$238,0)) -> 0.19354839 | G90: =INDEX('AC Estimate'!$L$5:$L$238,MATCH($A90,'AC Estimate'!$A$5:$A$238,0)) -> 0 | H90: =INDEX('AC Estimate'!$M$5:$M$238,MATCH($A90,'AC Estimate'!$A$5:$A$238,0)) -> 0.19354839 | I90: =INDEX('AC Estimate'!$N$5:$N$238,MATCH($A90,'AC Estimate'!$A$5:$A$238,0)) -> 0.16129032 | J90: =INDEX('AC Estimate'!$P$5:$P$238,MATCH($A90,'AC Estimate'!$A$5:$A$238,0)) -> AIADMK+ | K90: =INDEX('AC Estimate'!$AK$5:$AK$238,MATCH($A90,'AC Estimate'!$A$5:$A$238,0)) -> AIADMK+ | L90: =INDEX('AC Estimate'!$AM$5:$AM$238,MATCH($A90,'AC Estimate'!$A$5:$A$238,0)) -> 0.48094063 | M90: =INDEX('AC Estimate'!$Q$5:$Q$238,MATCH($A90,'AC Estimate'!$A$5:$A$238,0)) -> TVK | N90: =INDEX('AC Estimate'!$R$5:$R$238,MATCH($A90,'AC Estimate'!$A$5:$A$238,0)) -> TVK | O90: =INDEX('AC Estimate'!$AL$5:$AL$238,MATCH($A90,'AC Estimate'!$A$5:$A$238,0)) -> No
A91: 103 | B91: =INDEX('AC Estimate'!$B$5:$B$238,MATCH($A91,'AC Estimate'!$A$5:$A$238,0)) -> Perundurai | C91: =INDEX('AC Estimate'!$C$5:$C$238,MATCH($A91,'AC Estimate'!$A$5:$A$238,0)) -> Erode | D91: =INDEX('AC Estimate'!$I$5:$I$238,MATCH($A91,'AC Estimate'!$A$5:$A$238,0)) -> 27 | E91: =INDEX('AC Estimate'!$J$5:$J$238,MATCH($A91,'AC Estimate'!$A$5:$A$238,0)) -> 0.48148148 | F91: =INDEX('AC Estimate'!$K$5:$K$238,MATCH($A91,'AC Estimate'!$A$5:$A$238,0)) -> 0.11111111 | G91: =INDEX('AC Estimate'!$L$5:$L$238,MATCH($A91,'AC Estimate'!$A$5:$A$238,0)) -> 0.037037037 | H91: =INDEX('AC Estimate'!$M$5:$M$238,MATCH($A91,'AC Estimate'!$A$5:$A$238,0)) -> 0 | I91: =INDEX('AC Estimate'!$N$5:$N$238,MATCH($A91,'AC Estimate'!$A$5:$A$238,0)) -> 0.37037037 | J91: =INDEX('AC Estimate'!$P$5:$P$238,MATCH($A91,'AC Estimate'!$A$5:$A$238,0)) -> TVK | K91: =INDEX('AC Estimate'!$AK$5:$AK$238,MATCH($A91,'AC Estimate'!$A$5:$A$238,0)) -> AIADMK+ | L91: =INDEX('AC Estimate'!$AM$5:$AM$238,MATCH($A91,'AC Estimate'!$A$5:$A$238,0)) -> 0.52712596 | M91: =INDEX('AC Estimate'!$Q$5:$Q$238,MATCH($A91,'AC Estimate'!$A$5:$A$238,0)) -> AIADMK | N91: =INDEX('AC Estimate'!$R$5:$R$238,MATCH($A91,'AC Estimate'!$A$5:$A$238,0)) -> AIADMK+ | O91: =INDEX('AC Estimate'!$AL$5:$AL$238,MATCH($A91,'AC Estimate'!$A$5:$A$238,0)) -> Yes
A92: 104 | B92: =INDEX('AC Estimate'!$B$5:$B$238,MATCH($A92,'AC Estimate'!$A$5:$A$238,0)) -> Bhavani | C92: =INDEX('AC Estimate'!$C$5:$C$238,MATCH($A92,'AC Estimate'!$A$5:$A$238,0)) -> Erode | D92: =INDEX('AC Estimate'!$I$5:$I$238,MATCH($A92,'AC Estimate'!$A$5:$A$238,0)) -> 53 | E92: =INDEX('AC Estimate'!$J$5:$J$238,MATCH($A92,'AC Estimate'!$A$5:$A$238,0)) -> 0.24528302 | F92: =INDEX('AC Estimate'!$K$5:$K$238,MATCH($A92,'AC Estimate'!$A$5:$A$238,0)) -> 0.41509434 | G92: =INDEX('AC Estimate'!$L$5:$L$238,MATCH($A92,'AC Estimate'!$A$5:$A$238,0)) -> 0.018867925 | H92: =INDEX('AC Estimate'!$M$5:$M$238,MATCH($A92,'AC Estimate'!$A$5:$A$238,0)) -> 0.018867925 | I92: =INDEX('AC Estimate'!$N$5:$N$238,MATCH($A92,'AC Estimate'!$A$5:$A$238,0)) -> 0.30188679 | J92: =INDEX('AC Estimate'!$P$5:$P$238,MATCH($A92,'AC Estimate'!$A$5:$A$238,0)) -> DMK+ | K92: =INDEX('AC Estimate'!$AK$5:$AK$238,MATCH($A92,'AC Estimate'!$A$5:$A$238,0)) -> TVK | L92: =INDEX('AC Estimate'!$AM$5:$AM$238,MATCH($A92,'AC Estimate'!$A$5:$A$238,0)) -> 0.4217834 | M92: =INDEX('AC Estimate'!$Q$5:$Q$238,MATCH($A92,'AC Estimate'!$A$5:$A$238,0)) -> AIADMK | N92: =INDEX('AC Estimate'!$R$5:$R$238,MATCH($A92,'AC Estimate'!$A$5:$A$238,0)) -> AIADMK+ | O92: =INDEX('AC Estimate'!$AL$5:$AL$238,MATCH($A92,'AC Estimate'!$A$5:$A$238,0)) -> No
A93: 105 | B93: =INDEX('AC Estimate'!$B$5:$B$238,MATCH($A93,'AC Estimate'!$A$5:$A$238,0)) -> Anthiyur | C93: =INDEX('AC Estimate'!$C$5:$C$238,MATCH($A93,'AC Estimate'!$A$5:$A$238,0)) -> Erode | D93: =INDEX('AC Estimate'!$I$5:$I$238,MATCH($A93,'AC Estimate'!$A$5:$A$238,0)) -> 38 | E93: =INDEX('AC Estimate'!$J$5:$J$238,MATCH($A93,'AC Estimate'!$A$5:$A$238,0)) -> 0.42105263 | F93: =INDEX('AC Estimate'!$K$5:$K$238,MATCH($A93,'AC Estimate'!$A$5:$A$238,0)) -> 0.13157895 | G93: =INDEX('AC Estimate'!$L$5:$L$238,MATCH($A93,'AC Estimate'!$A$5:$A$238,0)) -> 0 | H93: =INDEX('AC Estimate'!$M$5:$M$238,MATCH($A93,'AC Estimate'!$A$5:$A$238,0)) -> 0.10526316 | I93: =INDEX('AC Estimate'!$N$5:$N$238,MATCH($A93,'AC Estimate'!$A$5:$A$238,0)) -> 0.34210526 | J93: =INDEX('AC Estimate'!$P$5:$P$238,MATCH($A93,'AC Estimate'!$A$5:$A$238,0)) -> AIADMK+ | K93: =INDEX('AC Estimate'!$AK$5:$AK$238,MATCH($A93,'AC Estimate'!$A$5:$A$238,0)) -> TVK | L93: =INDEX('AC Estimate'!$AM$5:$AM$238,MATCH($A93,'AC Estimate'!$A$5:$A$238,0)) -> 0.31478326 | M93: =INDEX('AC Estimate'!$Q$5:$Q$238,MATCH($A93,'AC Estimate'!$A$5:$A$238,0)) -> AIADMK | N93: =INDEX('AC Estimate'!$R$5:$R$238,MATCH($A93,'AC Estimate'!$A$5:$A$238,0)) -> AIADMK+ | O93: =INDEX('AC Estimate'!$AL$5:$AL$238,MATCH($A93,'AC Estimate'!$A$5:$A$238,0)) -> No
A94: 106 | B94: =INDEX('AC Estimate'!$B$5:$B$238,MATCH($A94,'AC Estimate'!$A$5:$A$238,0)) -> Gobichettipalayam | C94: =INDEX('AC Estimate'!$C$5:$C$238,MATCH($A94,'AC Estimate'!$A$5:$A$238,0)) -> Erode | D94: =INDEX('AC Estimate'!$I$5:$I$238,MATCH($A94,'AC Estimate'!$A$5:$A$238,0)) -> 52 | E94: =INDEX('AC Estimate'!$J$5:$J$238,MATCH($A94,'AC Estimate'!$A$5:$A$238,0)) -> 0.44230769 | F94: =INDEX('AC Estimate'!$K$5:$K$238,MATCH($A94,'AC Estimate'!$A$5:$A$238,0)) -> 0.057692308 | G94: =INDEX('AC Estimate'!$L$5:$L$238,MATCH($A94,'AC Estimate'!$A$5:$A$238,0)) -> 0 | H94: =INDEX('AC Estimate'!$M$5:$M$238,MATCH($A94,'AC Estimate'!$A$5:$A$238,0)) -> 0.076923077 | I94: =INDEX('AC Estimate'!$N$5:$N$238,MATCH($A94,'AC Estimate'!$A$5:$A$238,0)) -> 0.42307692 | J94: =INDEX('AC Estimate'!$P$5:$P$238,MATCH($A94,'AC Estimate'!$A$5:$A$238,0)) -> AIADMK+ | K94: =INDEX('AC Estimate'!$AK$5:$AK$238,MATCH($A94,'AC Estimate'!$A$5:$A$238,0)) -> TVK | L94: =INDEX('AC Estimate'!$AM$5:$AM$238,MATCH($A94,'AC Estimate'!$A$5:$A$238,0)) -> 0.45789582 | M94: =INDEX('AC Estimate'!$Q$5:$Q$238,MATCH($A94,'AC Estimate'!$A$5:$A$238,0)) -> TVK | N94: =INDEX('AC Estimate'!$R$5:$R$238,MATCH($A94,'AC Estimate'!$A$5:$A$238,0)) -> TVK | O94: =INDEX('AC Estimate'!$AL$5:$AL$238,MATCH($A94,'AC Estimate'!$A$5:$A$238,0)) -> Yes
A95: 107 | B95: =INDEX('AC Estimate'!$B$5:$B$238,MATCH($A95,'AC Estimate'!$A$5:$A$238,0)) -> Bhavanisagar | C95: =INDEX('AC Estimate'!$C$5:$C$238,MATCH($A95,'AC Estimate'!$A$5:$A$238,0)) -> Erode | D95: =INDEX('AC Estimate'!$I$5:$I$238,MATCH($A95,'AC Estimate'!$A$5:$A$238,0)) -> 30 | E95: =INDEX('AC Estimate'!$J$5:$J$238,MATCH($A95,'AC Estimate'!$A$5:$A$238,0)) -> 0.33333333 | F95: =INDEX('AC Estimate'!$K$5:$K$238,MATCH($A95,'AC Estimate'!$A$5:$A$238,0)) -> 0.2 | G95: =INDEX('AC Estimate'!$L$5:$L$238,MATCH($A95,'AC Estimate'!$A$5:$A$238,0)) -> 0 | H95: =INDEX('AC Estimate'!$M$5:$M$238,MATCH($A95,'AC Estimate'!$A$5:$A$238,0)) -> 0.1 | I95: =INDEX('AC Estimate'!$N$5:$N$238,MATCH($A95,'AC Estimate'!$A$5:$A$238,0)) -> 0.36666667 | J95: =INDEX('AC Estimate'!$P$5:$P$238,MATCH($A95,'AC Estimate'!$A$5:$A$238,0)) -> TVK | K95: =INDEX('AC Estimate'!$AK$5:$AK$238,MATCH($A95,'AC Estimate'!$A$5:$A$238,0)) -> AIADMK+ | L95: =INDEX('AC Estimate'!$AM$5:$AM$238,MATCH($A95,'AC Estimate'!$A$5:$A$238,0)) -> 0.43200047 | M95: =INDEX('AC Estimate'!$Q$5:$Q$238,MATCH($A95,'AC Estimate'!$A$5:$A$238,0)) -> TVK | N95: =INDEX('AC Estimate'!$R$5:$R$238,MATCH($A95,'AC Estimate'!$A$5:$A$238,0)) -> TVK | O95: =INDEX('AC Estimate'!$AL$5:$AL$238,MATCH($A95,'AC Estimate'!$A$5:$A$238,0)) -> No
B96: Erode subtotal | D96: =SUM(D88:D95) -> 353 | J96: Est. T/A/D | K96: =COUNTIF(K88:K95,"TVK")&" / "&COUNTIF(K88:K95,"AIADMK+")&" / "&COUNTIF(K88:K95,"DMK+") -> 5 / 3 / 0 | M96: Actual T/A/D | N96: =COUNTIF(N88:N95,"TVK")&" / "&COUNTIF(N88:N95,"AIADMK+")&" / "&COUNTIF(N88:N95,"DMK+") -> 5 / 3 / 0 | O96: =IF(AND(ABS(COUNTIF(K88:K95,"TVK")-COUNTIF(N88:N95,"TVK"))<=Calibration!$B$3,ABS(COUNTIF(K88:K95,"AIADMK+")-COUNTIF(N88:N95,"AIADMK+"))<=Calibration!$B$3,ABS(COUNTIF(K88:K95,"DMK+")-COUNTIF(N88:N95,"DMK+"))<=Calibration!$B$3),"Within","Off") -> Within
A98: Kallakurichi
A99: 77 | B99: =INDEX('AC Estimate'!$B$5:$B$238,MATCH($A99,'AC Estimate'!$A$5:$A$238,0)) -> Ulundurpettai | C99: =INDEX('AC Estimate'!$C$5:$C$238,MATCH($A99,'AC Estimate'!$A$5:$A$238,0)) -> Kallakurichi | D99: =INDEX('AC Estimate'!$I$5:$I$238,MATCH($A99,'AC Estimate'!$A$5:$A$238,0)) -> 25 | E99: =INDEX('AC Estimate'!$J$5:$J$238,MATCH($A99,'AC Estimate'!$A$5:$A$238,0)) -> 0.2 | F99: =INDEX('AC Estimate'!$K$5:$K$238,MATCH($A99,'AC Estimate'!$A$5:$A$238,0)) -> 0.24 | G99: =INDEX('AC Estimate'!$L$5:$L$238,MATCH($A99,'AC Estimate'!$A$5:$A$238,0)) -> 0 | H99: =INDEX('AC Estimate'!$M$5:$M$238,MATCH($A99,'AC Estimate'!$A$5:$A$238,0)) -> 0.08 | I99: =INDEX('AC Estimate'!$N$5:$N$238,MATCH($A99,'AC Estimate'!$A$5:$A$238,0)) -> 0.48 | J99: =INDEX('AC Estimate'!$P$5:$P$238,MATCH($A99,'AC Estimate'!$A$5:$A$238,0)) -> TVK | K99: =INDEX('AC Estimate'!$AK$5:$AK$238,MATCH($A99,'AC Estimate'!$A$5:$A$238,0)) -> DMK+ | L99: =INDEX('AC Estimate'!$AM$5:$AM$238,MATCH($A99,'AC Estimate'!$A$5:$A$238,0)) -> 0.43779349 | M99: =INDEX('AC Estimate'!$Q$5:$Q$238,MATCH($A99,'AC Estimate'!$A$5:$A$238,0)) -> DMK | N99: =INDEX('AC Estimate'!$R$5:$R$238,MATCH($A99,'AC Estimate'!$A$5:$A$238,0)) -> DMK+ | O99: =INDEX('AC Estimate'!$AL$5:$AL$238,MATCH($A99,'AC Estimate'!$A$5:$A$238,0)) -> Yes
A100: 78 | B100: =INDEX('AC Estimate'!$B$5:$B$238,MATCH($A100,'AC Estimate'!$A$5:$A$238,0)) -> Rishivandiyam | C100: =INDEX('AC Estimate'!$C$5:$C$238,MATCH($A100,'AC Estimate'!$A$5:$A$238,0)) -> Kallakurichi | D100: =INDEX('AC Estimate'!$I$5:$I$238,MATCH($A100,'AC Estimate'!$A$5:$A$238,0)) -> 31 | E100: =INDEX('AC Estimate'!$J$5:$J$238,MATCH($A100,'AC Estimate'!$A$5:$A$238,0)) -> 0.064516129 | F100: =INDEX('AC Estimate'!$K$5:$K$238,MATCH($A100,'AC Estimate'!$A$5:$A$238,0)) -> 0.48387097 | G100: =INDEX('AC Estimate'!$L$5:$L$238,MATCH($A100,'AC Estimate'!$A$5:$A$238,0)) -> 0 | H100: =INDEX('AC Estimate'!$M$5:$M$238,MATCH($A100,'AC Estimate'!$A$5:$A$238,0)) -> 0.096774194 | I100: =INDEX('AC Estimate'!$N$5:$N$238,MATCH($A100,'AC Estimate'!$A$5:$A$238,0)) -> 0.35483871 | J100: =INDEX('AC Estimate'!$P$5:$P$238,MATCH($A100,'AC Estimate'!$A$5:$A$238,0)) -> DMK+ | K100: =INDEX('AC Estimate'!$AK$5:$AK$238,MATCH($A100,'AC Estimate'!$A$5:$A$238,0)) -> DMK+ | L100: =INDEX('AC Estimate'!$AM$5:$AM$238,MATCH($A100,'AC Estimate'!$A$5:$A$238,0)) -> 0.54729992 | M100: =INDEX('AC Estimate'!$Q$5:$Q$238,MATCH($A100,'AC Estimate'!$A$5:$A$238,0)) -> DMK | N100: =INDEX('AC Estimate'!$R$5:$R$238,MATCH($A100,'AC Estimate'!$A$5:$A$238,0)) -> DMK+ | O100: =INDEX('AC Estimate'!$AL$5:$AL$238,MATCH($A100,'AC Estimate'!$A$5:$A$238,0)) -> Yes
A101: 79 | B101: =INDEX('AC Estimate'!$B$5:$B$238,MATCH($A101,'AC Estimate'!$A$5:$A$238,0)) -> Sankarapuram | C101: =INDEX('AC Estimate'!$C$5:$C$238,MATCH($A101,'AC Estimate'!$A$5:$A$238,0)) -> Kallakurichi | D101: =INDEX('AC Estimate'!$I$5:$I$238,MATCH($A101,'AC Estimate'!$A$5:$A$238,0)) -> 25 | E101: =INDEX('AC Estimate'!$J$5:$J$238,MATCH($A101,'AC Estimate'!$A$5:$A$238,0)) -> 0.16 | F101: =INDEX('AC Estimate'!$K$5:$K$238,MATCH($A101,'AC Estimate'!$A$5:$A$238,0)) -> 0.16 | G101: =INDEX('AC Estimate'!$L$5:$L$238,MATCH($A101,'AC Estimate'!$A$5:$A$238,0)) -> 0 | H101: =INDEX('AC Estimate'!$M$5:$M$238,MATCH($A101,'AC Estimate'!$A$5:$A$238,0)) -> 0.04 | I101: =INDEX('AC Estimate'!$N$5:$N$238,MATCH($A101,'AC Estimate'!$A$5:$A$238,0)) -> 0.64 | J101: =INDEX('AC Estimate'!$P$5:$P$238,MATCH($A101,'AC Estimate'!$A$5:$A$238,0)) -> TVK | K101: =INDEX('AC Estimate'!$AK$5:$AK$238,MATCH($A101,'AC Estimate'!$A$5:$A$238,0)) -> AIADMK+ | L101: =INDEX('AC Estimate'!$AM$5:$AM$238,MATCH($A101,'AC Estimate'!$A$5:$A$238,0)) -> 0.33082614 | M101: =INDEX('AC Estimate'!$Q$5:$Q$238,MATCH($A101,'AC Estimate'!$A$5:$A$238,0)) -> AIADMK | N101: =INDEX('AC Estimate'!$R$5:$R$238,MATCH($A101,'AC Estimate'!$A$5:$A$238,0)) -> AIADMK+ | O101: =INDEX('AC Estimate'!$AL$5:$AL$238,MATCH($A101,'AC Estimate'!$A$5:$A$238,0)) -> Yes
A102: 80 | B102: =INDEX('AC Estimate'!$B$5:$B$238,MATCH($A102,'AC Estimate'!$A$5:$A$238,0)) -> Kallakurichi | C102: =INDEX('AC Estimate'!$C$5:$C$238,MATCH($A102,'AC Estimate'!$A$5:$A$238,0)) -> Kallakurichi | D102: =INDEX('AC Estimate'!$I$5:$I$238,MATCH($A102,'AC Estimate'!$A$5:$A$238,0)) -> 32 | E102: =INDEX('AC Estimate'!$J$5:$J$238,MATCH($A102,'AC Estimate'!$A$5:$A$238,0)) -> 0.125 | F102: =INDEX('AC Estimate'!$K$5:$K$238,MATCH($A102,'AC Estimate'!$A$5:$A$238,0)) -> 0.21875 | G102: =INDEX('AC Estimate'!$L$5:$L$238,MATCH($A102,'AC Estimate'!$A$5:$A$238,0)) -> 0 | H102: =INDEX('AC Estimate'!$M$5:$M$238,MATCH($A102,'AC Estimate'!$A$5:$A$238,0)) -> 0.125 | I102: =INDEX('AC Estimate'!$N$5:$N$238,MATCH($A102,'AC Estimate'!$A$5:$A$238,0)) -> 0.53125 | J102: =INDEX('AC Estimate'!$P$5:$P$238,MATCH($A102,'AC Estimate'!$A$5:$A$238,0)) -> TVK | K102: =INDEX('AC Estimate'!$AK$5:$AK$238,MATCH($A102,'AC Estimate'!$A$5:$A$238,0)) -> TVK | L102: =INDEX('AC Estimate'!$AM$5:$AM$238,MATCH($A102,'AC Estimate'!$A$5:$A$238,0)) -> 0.32826863 | M102: =INDEX('AC Estimate'!$Q$5:$Q$238,MATCH($A102,'AC Estimate'!$A$5:$A$238,0)) -> TVK | N102: =INDEX('AC Estimate'!$R$5:$R$238,MATCH($A102,'AC Estimate'!$A$5:$A$238,0)) -> TVK | O102: =INDEX('AC Estimate'!$AL$5:$AL$238,MATCH($A102,'AC Estimate'!$A$5:$A$238,0)) -> Yes
B103: Kallakurichi subtotal | D103: =SUM(D99:D102) -> 113 | J103: Est. T/A/D | K103: =COUNTIF(K99:K102,"TVK")&" / "&COUNTIF(K99:K102,"AIADMK+")&" / "&COUNTIF(K99:K102,"DMK+") -> 1 / 1 / 2 | M103: Actual T/A/D | N103: =COUNTIF(N99:N102,"TVK")&" / "&COUNTIF(N99:N102,"AIADMK+")&" / "&COUNTIF(N99:N102,"DMK+") -> 1 / 1 / 2 | O103: =IF(AND(ABS(COUNTIF(K99:K102,"TVK")-COUNTIF(N99:N102,"TVK"))<=Calibration!$B$3,ABS(COUNTIF(K99:K102,"AIADMK+")-COUNTIF(N99:N102,"AIADMK+"))<=Calibration!$B$3,ABS(COUNTIF(K99:K102,"DMK+")-COUNTIF(N99:N102,"DMK+"))<=Calibration!$B$3),"Within","Off") -> Within
A105: Kancheepuram
A106: 29 | B106: =INDEX('AC Estimate'!$B$5:$B$238,MATCH($A106,'AC Estimate'!$A$5:$A$238,0)) -> Sriperumbudur | C106: =INDEX('AC Estimate'!$C$5:$C$238,MATCH($A106,'AC Estimate'!$A$5:$A$238,0)) -> Kancheepuram | D106: =INDEX('AC Estimate'!$I$5:$I$238,MATCH($A106,'AC Estimate'!$A$5:$A$238,0)) -> 48 | E106: =INDEX('AC Estimate'!$J$5:$J$238,MATCH($A106,'AC Estimate'!$A$5:$A$238,0)) -> 0.25 | F106: =INDEX('AC Estimate'!$K$5:$K$238,MATCH($A106,'AC Estimate'!$A$5:$A$238,0)) -> 0.33333333 | G106: =INDEX('AC Estimate'!$L$5:$L$238,MATCH($A106,'AC Estimate'!$A$5:$A$238,0)) -> 0 | H106: =INDEX('AC Estimate'!$M$5:$M$238,MATCH($A106,'AC Estimate'!$A$5:$A$238,0)) -> 0.0625 | I106: =INDEX('AC Estimate'!$N$5:$N$238,MATCH($A106,'AC Estimate'!$A$5:$A$238,0)) -> 0.35416667 | J106: =INDEX('AC Estimate'!$P$5:$P$238,MATCH($A106,'AC Estimate'!$A$5:$A$238,0)) -> DMK+ | K106: =INDEX('AC Estimate'!$AK$5:$AK$238,MATCH($A106,'AC Estimate'!$A$5:$A$238,0)) -> TVK | L106: =INDEX('AC Estimate'!$AM$5:$AM$238,MATCH($A106,'AC Estimate'!$A$5:$A$238,0)) -> 0.41599034 | M106: =INDEX('AC Estimate'!$Q$5:$Q$238,MATCH($A106,'AC Estimate'!$A$5:$A$238,0)) -> TVK | N106: =INDEX('AC Estimate'!$R$5:$R$238,MATCH($A106,'AC Estimate'!$A$5:$A$238,0)) -> TVK | O106: =INDEX('AC Estimate'!$AL$5:$AL$238,MATCH($A106,'AC Estimate'!$A$5:$A$238,0)) -> Yes
A107: 36 | B107: =INDEX('AC Estimate'!$B$5:$B$238,MATCH($A107,'AC Estimate'!$A$5:$A$238,0)) -> Uthiramerur | C107: =INDEX('AC Estimate'!$C$5:$C$238,MATCH($A107,'AC Estimate'!$A$5:$A$238,0)) -> Kancheepuram | D107: =INDEX('AC Estimate'!$I$5:$I$238,MATCH($A107,'AC Estimate'!$A$5:$A$238,0)) -> 25 | E107: =INDEX('AC Estimate'!$J$5:$J$238,MATCH($A107,'AC Estimate'!$A$5:$A$238,0)) -> 0.44 | F107: =INDEX('AC Estimate'!$K$5:$K$238,MATCH($A107,'AC Estimate'!$A$5:$A$238,0)) -> 0.44 | G107: =INDEX('AC Estimate'!$L$5:$L$238,MATCH($A107,'AC Estimate'!$A$5:$A$238,0)) -> 0 | H107: =INDEX('AC Estimate'!$M$5:$M$238,MATCH($A107,'AC Estimate'!$A$5:$A$238,0)) -> 0 | I107: =INDEX('AC Estimate'!$N$5:$N$238,MATCH($A107,'AC Estimate'!$A$5:$A$238,0)) -> 0.12 | J107: =INDEX('AC Estimate'!$P$5:$P$238,MATCH($A107,'AC Estimate'!$A$5:$A$238,0)) -> DMK+ | K107: =INDEX('AC Estimate'!$AK$5:$AK$238,MATCH($A107,'AC Estimate'!$A$5:$A$238,0)) -> TVK | L107: =INDEX('AC Estimate'!$AM$5:$AM$238,MATCH($A107,'AC Estimate'!$A$5:$A$238,0)) -> 0.15525588 | M107: =INDEX('AC Estimate'!$Q$5:$Q$238,MATCH($A107,'AC Estimate'!$A$5:$A$238,0)) -> TVK | N107: =INDEX('AC Estimate'!$R$5:$R$238,MATCH($A107,'AC Estimate'!$A$5:$A$238,0)) -> TVK | O107: =INDEX('AC Estimate'!$AL$5:$AL$238,MATCH($A107,'AC Estimate'!$A$5:$A$238,0)) -> Yes
A108: 37 | B108: =INDEX('AC Estimate'!$B$5:$B$238,MATCH($A108,'AC Estimate'!$A$5:$A$238,0)) -> Kancheepuram | C108: =INDEX('AC Estimate'!$C$5:$C$238,MATCH($A108,'AC Estimate'!$A$5:$A$238,0)) -> Kancheepuram | D108: =INDEX('AC Estimate'!$I$5:$I$238,MATCH($A108,'AC Estimate'!$A$5:$A$238,0)) -> 62 | E108: =INDEX('AC Estimate'!$J$5:$J$238,MATCH($A108,'AC Estimate'!$A$5:$A$238,0)) -> 0.17741935 | F108: =INDEX('AC Estimate'!$K$5:$K$238,MATCH($A108,'AC Estimate'!$A$5:$A$238,0)) -> 0.19354839 | G108: =INDEX('AC Estimate'!$L$5:$L$238,MATCH($A108,'AC Estimate'!$A$5:$A$238,0)) -> 0 | H108: =INDEX('AC Estimate'!$M$5:$M$238,MATCH($A108,'AC Estimate'!$A$5:$A$238,0)) -> 0.080645161 | I108: =INDEX('AC Estimate'!$N$5:$N$238,MATCH($A108,'AC Estimate'!$A$5:$A$238,0)) -> 0.5483871 | J108: =INDEX('AC Estimate'!$P$5:$P$238,MATCH($A108,'AC Estimate'!$A$5:$A$238,0)) -> TVK | K108: =INDEX('AC Estimate'!$AK$5:$AK$238,MATCH($A108,'AC Estimate'!$A$5:$A$238,0)) -> TVK | L108: =INDEX('AC Estimate'!$AM$5:$AM$238,MATCH($A108,'AC Estimate'!$A$5:$A$238,0)) -> 0.58267009 | M108: =INDEX('AC Estimate'!$Q$5:$Q$238,MATCH($A108,'AC Estimate'!$A$5:$A$238,0)) -> TVK | N108: =INDEX('AC Estimate'!$R$5:$R$238,MATCH($A108,'AC Estimate'!$A$5:$A$238,0)) -> TVK | O108: =INDEX('AC Estimate'!$AL$5:$AL$238,MATCH($A108,'AC Estimate'!$A$5:$A$238,0)) -> Yes
B109: Kancheepuram subtotal | D109: =SUM(D106:D108) -> 135 | J109: Est. T/A/D | K109: =COUNTIF(K106:K108,"TVK")&" / "&COUNTIF(K106:K108,"AIADMK+")&" / "&COUNTIF(K106:K108,"DMK+") -> 3 / 0 / 0 | M109: Actual T/A/D | N109: =COUNTIF(N106:N108,"TVK")&" / "&COUNTIF(N106:N108,"AIADMK+")&" / "&COUNTIF(N106:N108,"DMK+") -> 3 / 0 / 0 | O109: =IF(AND(ABS(COUNTIF(K106:K108,"TVK")-COUNTIF(N106:N108,"TVK"))<=Calibration!$B$3,ABS(COUNTIF(K106:K108,"AIADMK+")-COUNTIF(N106:N108,"AIADMK+"))<=Calibration!$B$3,ABS(COUNTIF(K106:K108,"DMK+")-COUNTIF(N106:N108,"DMK+"))<=Calibration!$B$3),"Within","Off") -> Within
A111: Kanniyakumari
A112: 229 | B112: =INDEX('AC Estimate'!$B$5:$B$238,MATCH($A112,'AC Estimate'!$A$5:$A$238,0)) -> Kanniyakumari | C112: =INDEX('AC Estimate'!$C$5:$C$238,MATCH($A112,'AC Estimate'!$A$5:$A$238,0)) -> Kanniyakumari | D112: =INDEX('AC Estimate'!$I$5:$I$238,MATCH($A112,'AC Estimate'!$A$5:$A$238,0)) -> 79 | E112: =INDEX('AC Estimate'!$J$5:$J$238,MATCH($A112,'AC Estimate'!$A$5:$A$238,0)) -> 0.37974684 | F112: =INDEX('AC Estimate'!$K$5:$K$238,MATCH($A112,'AC Estimate'!$A$5:$A$238,0)) -> 0.25316456 | G112: =INDEX('AC Estimate'!$L$5:$L$238,MATCH($A112,'AC Estimate'!$A$5:$A$238,0)) -> 0.012658228 | H112: =INDEX('AC Estimate'!$M$5:$M$238,MATCH($A112,'AC Estimate'!$A$5:$A$238,0)) -> 0.088607595 | I112: =INDEX('AC Estimate'!$N$5:$N$238,MATCH($A112,'AC Estimate'!$A$5:$A$238,0)) -> 0.26582278 | J112: =INDEX('AC Estimate'!$P$5:$P$238,MATCH($A112,'AC Estimate'!$A$5:$A$238,0)) -> AIADMK+ | K112: =INDEX('AC Estimate'!$AK$5:$AK$238,MATCH($A112,'AC Estimate'!$A$5:$A$238,0)) -> AIADMK+ | L112: =INDEX('AC Estimate'!$AM$5:$AM$238,MATCH($A112,'AC Estimate'!$A$5:$A$238,0)) -> 0.21692732 | M112: =INDEX('AC Estimate'!$Q$5:$Q$238,MATCH($A112,'AC Estimate'!$A$5:$A$238,0)) -> AIADMK | N112: =INDEX('AC Estimate'!$R$5:$R$238,MATCH($A112,'AC Estimate'!$A$5:$A$238,0)) -> AIADMK+ | O112: =INDEX('AC Estimate'!$AL$5:$AL$238,MATCH($A112,'AC Estimate'!$A$5:$A$238,0)) -> Yes
A113: 230 | B113: =INDEX('AC Estimate'!$B$5:$B$238,MATCH($A113,'AC Estimate'!$A$5:$A$238,0)) -> Nagercoil | C113: =INDEX('AC Estimate'!$C$5:$C$238,MATCH($A113,'AC Estimate'!$A$5:$A$238,0)) -> Kanniyakumari | D113: =INDEX('AC Estimate'!$I$5:$I$238,MATCH($A113,'AC Estimate'!$A$5:$A$238,0)) -> 103 | E113: =INDEX('AC Estimate'!$J$5:$J$238,MATCH($A113,'AC Estimate'!$A$5:$A$238,0)) -> 0.34951456 | F113: =INDEX('AC Estimate'!$K$5:$K$238,MATCH($A113,'AC Estimate'!$A$5:$A$238,0)) -> 0.31067961 | G113: =INDEX('AC Estimate'!$L$5:$L$238,MATCH($A113,'AC Estimate'!$A$5:$A$238,0)) -> 0.0097087379 | H113: =INDEX('AC Estimate'!$M$5:$M$238,MATCH($A113,'AC Estimate'!$A$5:$A$238,0)) -> 0.019417476 | I113: =INDEX('AC Estimate'!$N$5:$N$238,MATCH($A113,'AC Estimate'!$A$5:$A$238,0)) -> 0.31067961 | J113: =INDEX('AC Estimate'!$P$5:$P$238,MATCH($A113,'AC Estimate'!$A$5:$A$238,0)) -> AIADMK+ | K113: =INDEX('AC Estimate'!$AK$5:$AK$238,MATCH($A113,'AC Estimate'!$A$5:$A$238,0)) -> DMK+ | L113: =INDEX('AC Estimate'!$AM$5:$AM$238,MATCH($A113,'AC Estimate'!$A$5:$A$238,0)) -> 0.14648717 | M113: =INDEX('AC Estimate'!$Q$5:$Q$238,MATCH($A113,'AC Estimate'!$A$5:$A$238,0)) -> DMK | N113: =INDEX('AC Estimate'!$R$5:$R$238,MATCH($A113,'AC Estimate'!$A$5:$A$238,0)) -> DMK+ | O113: =INDEX('AC Estimate'!$AL$5:$AL$238,MATCH($A113,'AC Estimate'!$A$5:$A$238,0)) -> Yes
A114: 231 | B114: =INDEX('AC Estimate'!$B$5:$B$238,MATCH($A114,'AC Estimate'!$A$5:$A$238,0)) -> Colachal | C114: =INDEX('AC Estimate'!$C$5:$C$238,MATCH($A114,'AC Estimate'!$A$5:$A$238,0)) -> Kanniyakumari | D114: =INDEX('AC Estimate'!$I$5:$I$238,MATCH($A114,'AC Estimate'!$A$5:$A$238,0)) -> 62 | E114: =INDEX('AC Estimate'!$J$5:$J$238,MATCH($A114,'AC Estimate'!$A$5:$A$238,0)) -> 0.27419355 | F114: =INDEX('AC Estimate'!$K$5:$K$238,MATCH($A114,'AC Estimate'!$A$5:$A$238,0)) -> 0.27419355 | G114: =INDEX('AC Estimate'!$L$5:$L$238,MATCH($A114,'AC Estimate'!$A$5:$A$238,0)) -> 0 | H114: =INDEX('AC Estimate'!$M$5:$M$238,MATCH($A114,'AC Estimate'!$A$5:$A$238,0)) -> 0.064516129 | I114: =INDEX('AC Estimate'!$N$5:$N$238,MATCH($A114,'AC Estimate'!$A$5:$A$238,0)) -> 0.38709677 | J114: =INDEX('AC Estimate'!$P$5:$P$238,MATCH($A114,'AC Estimate'!$A$5:$A$238,0)) -> TVK | K114: =INDEX('AC Estimate'!$AK$5:$AK$238,MATCH($A114,'AC Estimate'!$A$5:$A$238,0)) -> DMK+ | L114: =INDEX('AC Estimate'!$AM$5:$AM$238,MATCH($A114,'AC Estimate'!$A$5:$A$238,0)) -> 0.2512954 | M114: =INDEX('AC Estimate'!$Q$5:$Q$238,MATCH($A114,'AC Estimate'!$A$5:$A$238,0)) -> INC | N114: =INDEX('AC Estimate'!$R$5:$R$238,MATCH($A114,'AC Estimate'!$A$5:$A$238,0)) -> DMK+ | O114: =INDEX('AC Estimate'!$AL$5:$AL$238,MATCH($A114,'AC Estimate'!$A$5:$A$238,0)) -> Yes
A115: 232 | B115: =INDEX('AC Estimate'!$B$5:$B$238,MATCH($A115,'AC Estimate'!$A$5:$A$238,0)) -> Padmanabhapuram | C115: =INDEX('AC Estimate'!$C$5:$C$238,MATCH($A115,'AC Estimate'!$A$5:$A$238,0)) -> Kanniyakumari | D115: =INDEX('AC Estimate'!$I$5:$I$238,MATCH($A115,'AC Estimate'!$A$5:$A$238,0)) -> 51 | E115: =INDEX('AC Estimate'!$J$5:$J$238,MATCH($A115,'AC Estimate'!$A$5:$A$238,0)) -> 0.29411765 | F115: =INDEX('AC Estimate'!$K$5:$K$238,MATCH($A115,'AC Estimate'!$A$5:$A$238,0)) -> 0.2745098 | G115: =INDEX('AC Estimate'!$L$5:$L$238,MATCH($A115,'AC Estimate'!$A$5:$A$238,0)) -> 0 | H115: =INDEX('AC Estimate'!$M$5:$M$238,MATCH($A115,'AC Estimate'!$A$5:$A$238,0)) -> 0.058823529 | I115: =INDEX('AC Estimate'!$N$5:$N$238,MATCH($A115,'AC Estimate'!$A$5:$A$238,0)) -> 0.37254902 | J115: =INDEX('AC Estimate'!$P$5:$P$238,MATCH($A115,'AC Estimate'!$A$5:$A$238,0)) -> TVK | K115: =INDEX('AC Estimate'!$AK$5:$AK$238,MATCH($A115,'AC Estimate'!$A$5:$A$238,0)) -> DMK+ | L115: =INDEX('AC Estimate'!$AM$5:$AM$238,MATCH($A115,'AC Estimate'!$A$5:$A$238,0)) -> 0.29422414 | M115: =INDEX('AC Estimate'!$Q$5:$Q$238,MATCH($A115,'AC Estimate'!$A$5:$A$238,0)) -> CPM | N115: =INDEX('AC Estimate'!$R$5:$R$238,MATCH($A115,'AC Estimate'!$A$5:$A$238,0)) -> DMK+ | O115: =INDEX('AC Estimate'!$AL$5:$AL$238,MATCH($A115,'AC Estimate'!$A$5:$A$238,0)) -> Yes
A116: 233 | B116: =INDEX('AC Estimate'!$B$5:$B$238,MATCH($A116,'AC Estimate'!$A$5:$A$238,0)) -> Vilavancode | C116: =INDEX('AC Estimate'!$C$5:$C$238,MATCH($A116,'AC Estimate'!$A$5:$A$238,0)) -> Kanniyakumari | D116: =INDEX('AC Estimate'!$I$5:$I$238,MATCH($A116,'AC Estimate'!$A$5:$A$238,0)) -> 54 | E116: =INDEX('AC Estimate'!$J$5:$J$238,MATCH($A116,'AC Estimate'!$A$5:$A$238,0)) -> 0.2962963 | F116: =INDEX('AC Estimate'!$K$5:$K$238,MATCH($A116,'AC Estimate'!$A$5:$A$238,0)) -> 0.42592593 | G116: =INDEX('AC Estimate'!$L$5:$L$238,MATCH($A116,'AC Estimate'!$A$5:$A$238,0)) -> 0 | H116: =INDEX('AC Estimate'!$M$5:$M$238,MATCH($A116,'AC Estimate'!$A$5:$A$238,0)) -> 0.037037037 | I116: =INDEX('AC Estimate'!$N$5:$N$238,MATCH($A116,'AC Estimate'!$A$5:$A$238,0)) -> 0.24074074 | J116: =INDEX('AC Estimate'!$P$5:$P$238,MATCH($A116,'AC Estimate'!$A$5:$A$238,0)) -> DMK+ | K116: =INDEX('AC Estimate'!$AK$5:$AK$238,MATCH($A116,'AC Estimate'!$A$5:$A$238,0)) -> DMK+ | L116: =INDEX('AC Estimate'!$AM$5:$AM$238,MATCH($A116,'AC Estimate'!$A$5:$A$238,0)) -> 0.34724637 | M116: =INDEX('AC Estimate'!$Q$5:$Q$238,MATCH($A116,'AC Estimate'!$A$5:$A$238,0)) -> INC | N116: =INDEX('AC Estimate'!$R$5:$R$238,MATCH($A116,'AC Estimate'!$A$5:$A$238,0)) -> DMK+ | O116: =INDEX('AC Estimate'!$AL$5:$AL$238,MATCH($A116,'AC Estimate'!$A$5:$A$238,0)) -> Yes
A117: 234 | B117: =INDEX('AC Estimate'!$B$5:$B$238,MATCH($A117,'AC Estimate'!$A$5:$A$238,0)) -> Killiyoor | C117: =INDEX('AC Estimate'!$C$5:$C$238,MATCH($A117,'AC Estimate'!$A$5:$A$238,0)) -> Kanniyakumari | D117: =INDEX('AC Estimate'!$I$5:$I$238,MATCH($A117,'AC Estimate'!$A$5:$A$238,0)) -> 44 | E117: =INDEX('AC Estimate'!$J$5:$J$238,MATCH($A117,'AC Estimate'!$A$5:$A$238,0)) -> 0.18181818 | F117: =INDEX('AC Estimate'!$K$5:$K$238,MATCH($A117,'AC Estimate'!$A$5:$A$238,0)) -> 0.22727273 | G117: =INDEX('AC Estimate'!$L$5:$L$238,MATCH($A117,'AC Estimate'!$A$5:$A$238,0)) -> 0 | H117: =INDEX('AC Estimate'!$M$5:$M$238,MATCH($A117,'AC Estimate'!$A$5:$A$238,0)) -> 0.068181818 | I117: =INDEX('AC Estimate'!$N$5:$N$238,MATCH($A117,'AC Estimate'!$A$5:$A$238,0)) -> 0.52272727 | J117: =INDEX('AC Estimate'!$P$5:$P$238,MATCH($A117,'AC Estimate'!$A$5:$A$238,0)) -> TVK | K117: =INDEX('AC Estimate'!$AK$5:$AK$238,MATCH($A117,'AC Estimate'!$A$5:$A$238,0)) -> DMK+ | L117: =INDEX('AC Estimate'!$AM$5:$AM$238,MATCH($A117,'AC Estimate'!$A$5:$A$238,0)) -> 0.32221878 | M117: =INDEX('AC Estimate'!$Q$5:$Q$238,MATCH($A117,'AC Estimate'!$A$5:$A$238,0)) -> INC | N117: =INDEX('AC Estimate'!$R$5:$R$238,MATCH($A117,'AC Estimate'!$A$5:$A$238,0)) -> DMK+ | O117: =INDEX('AC Estimate'!$AL$5:$AL$238,MATCH($A117,'AC Estimate'!$A$5:$A$238,0)) -> Yes
B118: Kanniyakumari subtotal | D118: =SUM(D112:D117) -> 393 | J118: Est. T/A/D | K118: =COUNTIF(K112:K117,"TVK")&" / "&COUNTIF(K112:K117,"AIADMK+")&" / "&COUNTIF(K112:K117,"DMK+") -> 0 / 1 / 5 | M118: Actual T/A/D | N118: =COUNTIF(N112:N117,"TVK")&" / "&COUNTIF(N112:N117,"AIADMK+")&" / "&COUNTIF(N112:N117,"DMK+") -> 0 / 1 / 5 | O118: =IF(AND(ABS(COUNTIF(K112:K117,"TVK")-COUNTIF(N112:N117,"TVK"))<=Calibration!$B$3,ABS(COUNTIF(K112:K117,"AIADMK+")-COUNTIF(N112:N117,"AIADMK+"))<=Calibration!$B$3,ABS(COUNTIF(K112:K117,"DMK+")-COUNTIF(N112:N117,"DMK+"))<=Calibration!$B$3),"Within","Off") -> Within
A120: Karur
A121: 134 | B121: =INDEX('AC Estimate'!$B$5:$B$238,MATCH($A121,'AC Estimate'!$A$5:$A$238,0)) -> Aravakurichi | C121: =INDEX('AC Estimate'!$C$5:$C$238,MATCH($A121,'AC Estimate'!$A$5:$A$238,0)) -> Karur | D121: =INDEX('AC Estimate'!$I$5:$I$238,MATCH($A121,'AC Estimate'!$A$5:$A$238,0)) -> 35 | E121: =INDEX('AC Estimate'!$J$5:$J$238,MATCH($A121,'AC Estimate'!$A$5:$A$238,0)) -> 0.25714286 | F121: =INDEX('AC Estimate'!$K$5:$K$238,MATCH($A121,'AC Estimate'!$A$5:$A$238,0)) -> 0.25714286 | G121: =INDEX('AC Estimate'!$L$5:$L$238,MATCH($A121,'AC Estimate'!$A$5:$A$238,0)) -> 0 | H121: =INDEX('AC Estimate'!$M$5:$M$238,MATCH($A121,'AC Estimate'!$A$5:$A$238,0)) -> 0.028571429 | I121: =INDEX('AC Estimate'!$N$5:$N$238,MATCH($A121,'AC Estimate'!$A$5:$A$238,0)) -> 0.45714286 | J121: =INDEX('AC Estimate'!$P$5:$P$238,MATCH($A121,'AC Estimate'!$A$5:$A$238,0)) -> TVK | K121: =INDEX('AC Estimate'!$AK$5:$AK$238,MATCH($A121,'AC Estimate'!$A$5:$A$238,0)) -> DMK+ | L121: =INDEX('AC Estimate'!$AM$5:$AM$238,MATCH($A121,'AC Estimate'!$A$5:$A$238,0)) -> 0.31768693 | M121: =INDEX('AC Estimate'!$Q$5:$Q$238,MATCH($A121,'AC Estimate'!$A$5:$A$238,0)) -> DMK | N121: =INDEX('AC Estimate'!$R$5:$R$238,MATCH($A121,'AC Estimate'!$A$5:$A$238,0)) -> DMK+ | O121: =INDEX('AC Estimate'!$AL$5:$AL$238,MATCH($A121,'AC Estimate'!$A$5:$A$238,0)) -> Yes
...

Sheet AC Estimate
A1: Tamil Nadu 2026 — AC-wise estimate (Saket) with district and actual 2026 result
A2: Survey vote counts and "Winner (estimate)" are from SAKET_TN.xlsx, unchanged (blue). AC number and district: Wikipedia, "List of constituencies of the Tamil Nadu Legislative Assembly", grouped as in the district-wise results of "2026 Tamil Nadu Legislative Assembly election" (ECI). Actual 2026 winner: ECI result (4 May 2026) as listed by IndiaVotes; party totals match ECI.
A4: AC No | B4: AC | C4: District (ECI 2026) | D4: AIDMK+BJP+PMK+AMMK | E4: DMK+INC+VCK | F4: NOTA | G4: NTK | H4: TVK | I4: Total | J4: AIDMK+BJP+PMK+AMMK % | K4: DMK+INC+VCK % | L4: NOTA % | M4: NTK % | N4: TVK % | O4: Winner (estimate) | P4: Estimate alliance | Q4: Actual 2026 winner party (ECI) | R4: Actual 2026 alliance | S4: Match? | T4: Note | U4: Dist AIADMK+ % | V4: Dist DMK+ % | W4: Dist NOTA % | X4: Dist NTK % | Y4: Dist TVK % | Z4: ln(n) | AA4: Score AIADMK+ | AB4: Score DMK+ | AC4: Score TVK | AD4: P(win) TVK | AE4: Model call (statewide fit) | AF4: Calibrated match? | AG4: Changed vs Saket? | AH4: Survey leader | AI4: P(win) AIADMK+ | AJ4: P(win) DMK+ | AK4: Final estimate (district-calibrated) | AL4: Final match? | AM4: P(win) of final call | AN4: Changed vs Saket?
A5: 1 | B5: Gummidipoondi | C5: Thiruvallur | D5: 9 | E5: 12 | G5: 2 | H5: 22 | I5: =SUM(D5:H5) -> 45 | J5: =IF($I5=0,0,D5/$I5) -> 0.2 | K5: =IF($I5=0,0,E5/$I5) -> 0.26666667 | L5: =IF($I5=0,0,F5/$I5) -> 0 | M5: =IF($I5=0,0,G5/$I5) -> 0.044444444 | N5: =IF($I5=0,0,H5/$I5) -> 0.48888889 | O5: TVK | P5: =IF(O5="TVK","TVK",IF(O5="DMK","DMK+",IF(O5="ADMK","AIADMK+",""))) -> TVK | Q5: TVK | R5: TVK | S5: =IF(P5=R5,"Yes","No") -> Yes | U5: =IFERROR(SUMIFS($D$5:$D$238,$C$5:$C$238,$C5)/SUMIFS($I$5:$I$238,$C$5:$C$238,$C5),0) -> 0.18415842 | V5: =IFERROR(SUMIFS($E$5:$E$238,$C$5:$C$238,$C5)/SUMIFS($I$5:$I$238,$C$5:$C$238,$C5),0) -> 0.32475248 | W5: =IFERROR(SUMIFS($F$5:$F$238,$C$5:$C$238,$C5)/SUMIFS($I$5:$I$238,$C$5:$C$238,$C5),0) -> 0.011881188 | X5: =IFERROR(SUMIFS($G$5:$G$238,$C$5:$C$238,$C5)/SUMIFS($I$5:$I$238,$C$5:$C$238,$C5),0) -> 0.057425743 | Y5: =IFERROR(SUMIFS($H$5:$H$238,$C$5:$C$238,$C5)/SUMIFS($I$5:$I$238,$C$5:$C$238,$C5),0) -> 0.42178218 | Z5: =LN(MAX(I5,1)) -> 3.8066625 | AA5: =Calibration!$M$35+Calibration!$N$35+SUMPRODUCT(Calibration!$B$35:$F$35,J5:N5)+SUMPRODUCT(Calibration!$G$35:$K$35,U5:Y5)+Calibration!$L$35*Z5 -> -0.026400142 | AB5: =Calibration!$M$36+Calibration!$N$36+SUMPRODUCT(Calibration!$B$36:$F$36,J5:N5)+SUMPRODUCT(Calibration!$G$36:$K$36,U5:Y5)+Calibration!$L$36*Z5 -> 0.28772511 | AC5: =Calibration!$M$37+Calibration!$N$37+SUMPRODUCT(Calibration!$B$37:$F$37,J5:N5)+SUMPRODUCT(Calibration!$G$37:$K$37,U5:Y5)+Calibration!$L$37*Z5 -> 0.56367585 | AD5: =EXP(AC5)/(EXP(AA5)+EXP(AB5)+EXP(AC5)) -> 0.43231363 | AE5: =IF(AC5=MAX(AA5:AC5),"TVK",IF(AB5=MAX(AA5:AC5),"DMK+","AIADMK+")) -> TVK | AF5: =IF(AE5=R5,"Yes","No") -> Yes | AG5: =IF(AE5=P5,"No","Yes") -> No | AH5: =IF(H5=MAX(D5,E5,H5),"TVK",IF(E5=MAX(D5,E5,H5),"DMK+","AIADMK+")) -> TVK | AI5: =EXP(AA5)/(EXP(AA5)+EXP(AB5)+EXP(AC5)) -> 0.23962503 | AJ5: =EXP(AB5)/(EXP(AA5)+EXP(AB5)+EXP(AC5)) -> 0.32806133 | AK5: AIADMK+ | AL5: =IF(AK5=R5,"Yes","No") -> No | AM5: =IF(AK5="TVK",AD5,IF(AK5="DMK+",AJ5,AI5)) -> 0.23962503 | AN5: =IF(AK5=P5,"No","Yes") -> Yes
A6: 2 | B6: Ponneri | C6: Thiruvallur | D6: 14 | E6: 18 | F6: 1 | G6: 4 | H6: 41 | I6: =SUM(D6:H6) -> 78 | J6: =IF($I6=0,0,D6/$I6) -> 0.17948718 | K6: =IF($I6=0,0,E6/$I6) -> 0.23076923 | L6: =IF($I6=0,0,F6/$I6) -> 0.012820513 | M6: =IF($I6=0,0,G6/$I6) -> 0.051282051 | N6: =IF($I6=0,0,H6/$I6) -> 0.52564103 | O6: TVK | P6: =IF(O6="TVK","TVK",IF(O6="DMK","DMK+",IF(O6="ADMK","AIADMK+",""))) -> TVK | Q6: TVK | R6: TVK | S6: =IF(P6=R6,"Yes","No") -> Yes | U6: =IFERROR(SUMIFS($D$5:$D$238,$C$5:$C$238,$C6)/SUMIFS($I$5:$I$238,$C$5:$C$238,$C6),0) -> 0.18415842 | V6: =IFERROR(SUMIFS($E$5:$E$238,$C$5:$C$238,$C6)/SUMIFS($I$5:$I$238,$C$5:$C$238,$C6),0) -> 0.32475248 | W6: =IFERROR(SUMIFS($F$5:$F$238,$C$5:$C$238,$C6)/SUMIFS($I$5:$I$238,$C$5:$C$238,$C6),0) -> 0.011881188 | X6: =IFERROR(SUMIFS($G$5:$G$238,$C$5:$C$238,$C6)/SUMIFS($I$5:$I$238,$C$5:$C$238,$C6),0) -> 0.057425743 | Y6: =IFERROR(SUMIFS($H$5:$H$238,$C$5:$C$238,$C6)/SUMIFS($I$5:$I$238,$C$5:$C$238,$C6),0) -> 0.42178218 | Z6: =LN(MAX(I6,1)) -> 4.3567088 | AA6: =Calibration!$M$35+Calibration!$N$35+SUMPRODUCT(Calibration!$B$35:$F$35,J6:N6)+SUMPRODUCT(Calibration!$G$35:$K$35,U6:Y6)+Calibration!$L$35*Z6 -> -0.31142324 | AB6: =Calibration!$M$36+Calibration!$N$36+SUMPRODUCT(Calibration!$B$36:$F$36,J6:N6)+SUMPRODUCT(Calibration!$G$36:$K$36,U6:Y6)+Calibration!$L$36*Z6 -> -0.086220274 | AC6: =Calibration!$M$37+Calibration!$N$37+SUMPRODUCT(Calibration!$B$37:$F$37,J6:N6)+SUMPRODUCT(Calibration!$G$37:$K$37,U6:Y6)+Calibration!$L$37*Z6 -> 1.2226444 | AD6: =EXP(AC6)/(EXP(AA6)+EXP(AB6)+EXP(AC6)) -> 0.67304568 | AE6: =IF(AC6=MAX(AA6:AC6),"TVK",IF(AB6=MAX(AA6:AC6),"DMK+","AIADMK+")) -> TVK | AF6: =IF(AE6=R6,"Yes","No") -> Yes | AG6: =IF(AE6=P6,"No","Yes") -> No | AH6: =IF(H6=MAX(D6,E6,H6),"TVK",IF(E6=MAX(D6,E6,H6),"DMK+","AIADMK+")) -> TVK | AI6: =EXP(AA6)/(EXP(AA6)+EXP(AB6)+EXP(AC6)) -> 0.14514679 | AJ6: =EXP(AB6)/(EXP(AA6)+EXP(AB6)+EXP(AC6)) -> 0.18180752 | AK6: TVK | AL6: =IF(AK6=R6,"Yes","No") -> Yes | AM6: =IF(AK6="TVK",AD6,IF(AK6="DMK+",AJ6,AI6)) -> 0.67304568 | AN6: =IF(AK6=P6,"No","Yes") -> No
A7: 3 | B7: Tiruttani | C7: Thiruvallur | D7: 16 | E7: 15 | F7: 1 | G7: 2 | H7: 25 | I7: =SUM(D7:H7) -> 59 | J7: =IF($I7=0,0,D7/$I7) -> 0.27118644 | K7: =IF($I7=0,0,E7/$I7) -> 0.25423729 | L7: =IF($I7=0,0,F7/$I7) -> 0.016949153 | M7: =IF($I7=0,0,G7/$I7) -> 0.033898305 | N7: =IF($I7=0,0,H7/$I7) -> 0.42372881 | O7: TVK | P7: =IF(O7="TVK","TVK",IF(O7="DMK","DMK+",IF(O7="ADMK","AIADMK+",""))) -> TVK | Q7: AIADMK | R7: AIADMK+ | S7: =IF(P7=R7,"Yes","No") -> No | U7: =IFERROR(SUMIFS($D$5:$D$238,$C$5:$C$238,$C7)/SUMIFS($I$5:$I$238,$C$5:$C$238,$C7),0) -> 0.18415842 | V7: =IFERROR(SUMIFS($E$5:$E$238,$C$5:$C$238,$C7)/SUMIFS($I$5:$I$238,$C$5:$C$238,$C7),0) -> 0.32475248 | W7: =IFERROR(SUMIFS($F$5:$F$238,$C$5:$C$238,$C7)/SUMIFS($I$5:$I$238,$C$5:$C$238,$C7),0) -> 0.011881188 | X7: =IFERROR(SUMIFS($G$5:$G$238,$C$5:$C$238,$C7)/SUMIFS($I$5:$I$238,$C$5:$C$238,$C7),0) -> 0.057425743 | Y7: =IFERROR(SUMIFS($H$5:$H$238,$C$5:$C$238,$C7)/SUMIFS($I$5:$I$238,$C$5:$C$238,$C7),0) -> 0.42178218 | Z7: =LN(MAX(I7,1)) -> 4.0775374 | AA7: =Calibration!$M$35+Calibration!$N$35+SUMPRODUCT(Calibration!$B$35:$F$35,J7:N7)+SUMPRODUCT(Calibration!$G$35:$K$35,U7:Y7)+Calibration!$L$35*Z7 -> -0.082397522 | AB7: =Calibration!$M$36+Calibration!$N$36+SUMPRODUCT(Calibration!$B$36:$F$36,J7:N7)+SUMPRODUCT(Calibration!$G$36:$K$36,U7:Y7)+Calibration!$L$36*Z7 -> 0.067574116 | AC7: =Calibration!$M$37+Calibration!$N$37+SUMPRODUCT(Calibration!$B$37:$F$37,J7:N7)+SUMPRODUCT(Calibration!$G$37:$K$37,U7:Y7)+Calibration!$L$37*Z7 -> 0.83982416 | AD7: =EXP(AC7)/(EXP(AA7)+EXP(AB7)+EXP(AC7)) -> 0.53774801 | AE7: =IF(AC7=MAX(AA7:AC7),"TVK",IF(AB7=MAX(AA7:AC7),"DMK+","AIADMK+")) -> TVK | AF7: =IF(AE7=R7,"Yes","No") -> No | AG7: =IF(AE7=P7,"No","Yes") -> No | AH7: =IF(H7=MAX(D7,E7,H7),"TVK",IF(E7=MAX(D7,E7,H7),"DMK+","AIADMK+")) -> TVK | AI7: =EXP(AA7)/(EXP(AA7)+EXP(AB7)+EXP(AC7)) -> 0.21382724 | AJ7: =EXP(AB7)/(EXP(AA7)+EXP(AB7)+EXP(AC7)) -> 0.24842476 | AK7: TVK | AL7: =IF(AK7=R7,"Yes","No") -> No | AM7: =IF(AK7="TVK",AD7,IF(AK7="DMK+",AJ7,AI7)) -> 0.53774801 | AN7: =IF(AK7=P7,"No","Yes") -> No
A8: 4 | B8: Thiruvallur | C8: Thiruvallur | D8: 15 | E8: 60 | F8: 1 | G8: 4 | H8: 57 | I8: =SUM(D8:H8) -> 137 | J8: =IF($I8=0,0,D8/$I8) -> 0.10948905 | K8: =IF($I8=0,0,E8/$I8) -> 0.4379562 | L8: =IF($I8=0,0,F8/$I8) -> 0.0072992701 | M8: =IF($I8=0,0,G8/$I8) -> 0.02919708 | N8: =IF($I8=0,0,H8/$I8) -> 0.41605839 | O8: DMK | P8: =IF(O8="TVK","TVK",IF(O8="DMK","DMK+",IF(O8="ADMK","AIADMK+",""))) -> DMK+ | Q8: TVK | R8: TVK | S8: =IF(P8=R8,"Yes","No") -> No | U8: =IFERROR(SUMIFS($D$5:$D$238,$C$5:$C$238,$C8)/SUMIFS($I$5:$I$238,$C$5:$C$238,$C8),0) -> 0.18415842 | V8: =IFERROR(SUMIFS($E$5:$E$238,$C$5:$C$238,$C8)/SUMIFS($I$5:$I$238,$C$5:$C$238,$C8),0) -> 0.32475248 | W8: =IFERROR(SUMIFS($F$5:$F$238,$C$5:$C$238,$C8)/SUMIFS($I$5:$I$238,$C$5:$C$238,$C8),0) -> 0.011881188 | X8: =IFERROR(SUMIFS($G$5:$G$238,$C$5:$C$238,$C8)/SUMIFS($I$5:$I$238,$C$5:$C$238,$C8),0) -> 0.057425743 | Y8: =IFERROR(SUMIFS($H$5:$H$238,$C$5:$C$238,$C8)/SUMIFS($I$5:$I$238,$C$5:$C$238,$C8),0) -> 0.42178218 | Z8: =LN(MAX(I8,1)) -> 4.9199809 | AA8: =Calibration!$M$35+Calibration!$N$35+SUMPRODUCT(Calibration!$B$35:$F$35,J8:N8)+SUMPRODUCT(Calibration!$G$35:$K$35,U8:Y8)+Calibration!$L$35*Z8 -> -0.8006185 | AB8: =Calibration!$M$36+Calibration!$N$36+SUMPRODUCT(Calibration!$B$36:$F$36,J8:N8)+SUMPRODUCT(Calibration!$G$36:$K$36,U8:Y8)+Calibration!$L$36*Z8 -> -0.1190607 | AC8: =Calibration!$M$37+Calibration!$N$37+SUMPRODUCT(Calibration!$B$37:$F$37,J8:N8)+SUMPRODUCT(Calibration!$G$37:$K$37,U8:Y8)+Calibration!$L$37*Z8 -> 1.7446799 | AD8: =EXP(AC8)/(EXP(AA8)+EXP(AB8)+EXP(AC8)) -> 0.81067429 | AE8: =IF(AC8=MAX(AA8:AC8),"TVK",IF(AB8=MAX(AA8:AC8),"DMK+","AIADMK+")) -> TVK | AF8: =IF(AE8=R8,"Yes","No") -> Yes | AG8: =IF(AE8=P8,"No","Yes") -> Yes | AH8: =IF(H8=MAX(D8,E8,H8),"TVK",IF(E8=MAX(D8,E8,H8),"DMK+","AIADMK+")) -> DMK+ | AI8: =EXP(AA8)/(EXP(AA8)+EXP(AB8)+EXP(AC8)) -> 0.063597102 | AJ8: =EXP(AB8)/(EXP(AA8)+EXP(AB8)+EXP(AC8)) -> 0.12572861 | AK8: TVK | AL8: =IF(AK8=R8,"Yes","No") -> Yes | AM8: =IF(AK8="TVK",AD8,IF(AK8="DMK+",AJ8,AI8)) -> 0.81067429 | AN8: =IF(AK8=P8,"No","Yes") -> Yes
A9: 5 | B9: Poonamallee | C9: Thiruvallur | D9: 19 | E9: 19 | F9: 3 | G9: 7 | H9: 34 | I9: =SUM(D9:H9) -> 82 | J9: =IF($I9=0,0,D9/$I9) -> 0.23170732 | K9: =IF($I9=0,0,E9/$I9) -> 0.23170732 | L9: =IF($I9=0,0,F9/$I9) -> 0.036585366 | M9: =IF($I9=0,0,G9/$I9) -> 0.085365854 | N9: =IF($I9=0,0,H9/$I9) -> 0.41463415 | O9: TVK | P9: =IF(O9="TVK","TVK",IF(O9="DMK","DMK+",IF(O9="ADMK","AIADMK+",""))) -> TVK | Q9: TVK | R9: TVK | S9: =IF(P9=R9,"Yes","No") -> Yes | U9: =IFERROR(SUMIFS($D$5:$D$238,$C$5:$C$238,$C9)/SUMIFS($I$5:$I$238,$C$5:$C$238,$C9),0) -> 0.18415842 | V9: =IFERROR(SUMIFS($E$5:$E$238,$C$5:$C$238,$C9)/SUMIFS($I$5:$I$238,$C$5:$C$238,$C9),0) -> 0.32475248 | W9: =IFERROR(SUMIFS($F$5:$F$238,$C$5:$C$238,$C9)/SUMIFS($I$5:$I$238,$C$5:$C$238,$C9),0) -> 0.011881188 | X9: =IFERROR(SUMIFS($G$5:$G$238,$C$5:$C$238,$C9)/SUMIFS($I$5:$I$238,$C$5:$C$238,$C9),0) -> 0.057425743 | Y9: =IFERROR(SUMIFS($H$5:$H$238,$C$5:$C$238,$C9)/SUMIFS($I$5:$I$238,$C$5:$C$238,$C9),0) -> 0.42178218 | Z9: =LN(MAX(I9,1)) -> 4.4067192 | AA9: =Calibration!$M$35+Calibration!$N$35+SUMPRODUCT(Calibration!$B$35:$F$35,J9:N9)+SUMPRODUCT(Calibration!$G$35:$K$35,U9:Y9)+Calibration!$L$35*Z9 -> -0.26794508 | AB9: =Calibration!$M$36+Calibration!$N$36+SUMPRODUCT(Calibration!$B$36:$F$36,J9:N9)+SUMPRODUCT(Calibration!$G$36:$K$36,U9:Y9)+Calibration!$L$36*Z9 -> -0.11865937 | AC9: =Calibration!$M$37+Calibration!$N$37+SUMPRODUCT(Calibration!$B$37:$F$37,J9:N9)+SUMPRODUCT(Calibration!$G$37:$K$37,U9:Y9)+Calibration!$L$37*Z9 -> 1.2116052 | AD9: =EXP(AC9)/(EXP(AA9)+EXP(AB9)+EXP(AC9)) -> 0.67017508 | AE9: =IF(AC9=MAX(AA9:AC9),"TVK",IF(AB9=MAX(AA9:AC9),"DMK+","AIADMK+")) -> TVK | AF9: =IF(AE9=R9,"Yes","No") -> Yes | AG9: =IF(AE9=P9,"No","Yes") -> No | AH9: =IF(H9=MAX(D9,E9,H9),"TVK",IF(E9=MAX(D9,E9,H9),"DMK+","AIADMK+")) -> TVK | AI9: =EXP(AA9)/(EXP(AA9)+EXP(AB9)+EXP(AC9)) -> 0.15262573 | AJ9: =EXP(AB9)/(EXP(AA9)+EXP(AB9)+EXP(AC9)) -> 0.17719918 | AK9: TVK | AL9: =IF(AK9=R9,"Yes","No") -> Yes | AM9: =IF(AK9="TVK",AD9,IF(AK9="DMK+",AJ9,AI9)) -> 0.67017508 | AN9: =IF(AK9=P9,"No","Yes") -> No
A10: 6 | B10: Avadi | C10: Thiruvallur | D10: 20 | E10: 40 | G10: 10 | H10: 34 | I10: =SUM(D10:H10) -> 104 | J10: =IF($I10=0,0,D10/$I10) -> 0.19230769 | K10: =IF($I10=0,0,E10/$I10) -> 0.38461538 | L10: =IF($I10=0,0,F10/$I10) -> 0 | M10: =IF($I10=0,0,G10/$I10) -> 0.096153846 | N10: =IF($I10=0,0,H10/$I10) -> 0.32692308 | O10: DMK | P10: =IF(O10="TVK","TVK",IF(O10="DMK","DMK+",IF(O10="ADMK","AIADMK+",""))) -> DMK+ | Q10: TVK | R10: TVK | S10: =IF(P10=R10,"Yes","No") -> No | U10: =IFERROR(SUMIFS($D$5:$D$238,$C$5:$C$238,$C10)/SUMIFS($I$5:$I$238,$C$5:$C$238,$C10),0) -> 0.18415842 | V10: =IFERROR(SUMIFS($E$5:$E$238,$C$5:$C$238,$C10)/SUMIFS($I$5:$I$238,$C$5:$C$238,$C10),0) -> 0.32475248 | W10: =IFERROR(SUMIFS($F$5:$F$238,$C$5:$C$238,$C10)/SUMIFS($I$5:$I$238,$C$5:$C$238,$C10),0) -> 0.011881188 | X10: =IFERROR(SUMIFS($G$5:$G$238,$C$5:$C$238,$C10)/SUMIFS($I$5:$I$238,$C$5:$C$238,$C10),0) -> 0.057425743 | Y10: =IFERROR(SUMIFS($H$5:$H$238,$C$5:$C$238,$C10)/SUMIFS($I$5:$I$238,$C$5:$C$238,$C10),0) -> 0.42178218 | Z10: =LN(MAX(I10,1)) -> 4.6443909 | AA10: =Calibration!$M$35+Calibration!$N$35+SUMPRODUCT(Calibration!$B$35:$F$35,J10:N10)+SUMPRODUCT(Calibration!$G$35:$K$35,U10:Y10)+Calibration!$L$35*Z10 -> -0.52549663 | AB10: =Calibration!$M$36+Calibration!$N$36+SUMPRODUCT(Calibration!$B$36:$F$36,J10:N10)+SUMPRODUCT(Calibration!$G$36:$K$36,U10:Y10)+Calibration!$L$36*Z10 -> -0.035164897 | AC10: =Calibration!$M$37+Calibration!$N$37+SUMPRODUCT(Calibration!$B$37:$F$37,J10:N10)+SUMPRODUCT(Calibration!$G$37:$K$37,U10:Y10)+Calibration!$L$37*Z10 -> 1.3856622 | AD10: =EXP(AC10)/(EXP(AA10)+EXP(AB10)+EXP(AC10)) -> 0.71972319 | AE10: =IF(AC10=MAX(AA10:AC10),"TVK",IF(AB10=MAX(AA10:AC10),"DMK+","AIADMK+")) -> TVK | AF10: =IF(AE10=R10,"Yes","No") -> Yes | AG10: =IF(AE10=P10,"No","Yes") -> Yes | AH10: =IF(H10=MAX(D10,E10,H10),"TVK",IF(E10=MAX(D10,E10,H10),"DMK+","AIADMK+")) -> DMK+ | AI10: =EXP(AA10)/(EXP(AA10)+EXP(AB10)+EXP(AC10)) -> 0.10645346 | AJ10: =EXP(AB10)/(EXP(AA10)+EXP(AB10)+EXP(AC10)) -> 0.17382336 | AK10: TVK | AL10: =IF(AK10=R10,"Yes","No") -> Yes | AM10: =IF(AK10="TVK",AD10,IF(AK10="DMK+",AJ10,AI10)) -> 0.71972319 | AN10: =IF(AK10=P10,"No","Yes") -> Yes
A11: 7 | B11: Maduravoyal | C11: Chennai | D11: 28 | E11: 20 | F11: 2 | G11: 6 | H11: 49 | I11: =SUM(D11:H11) -> 105 | J11: =IF($I11=0,0,D11/$I11) -> 0.26666667 | K11: =IF($I11=0,0,E11/$I11) -> 0.19047619 | L11: =IF($I11=0,0,F11/$I11) -> 0.019047619 | M11: =IF($I11=0,0,G11/$I11) -> 0.057142857 | N11: =IF($I11=0,0,H11/$I11) -> 0.46666667 | O11: TVK | P11: =IF(O11="TVK","TVK",IF(O11="DMK","DMK+",IF(O11="ADMK","AIADMK+",""))) -> TVK | Q11: TVK | R11: TVK | S11: =IF(P11=R11,"Yes","No") -> Yes | U11: =IFERROR(SUMIFS($D$5:$D$238,$C$5:$C$238,$C11)/SUMIFS($I$5:$I$238,$C$5:$C$238,$C11),0) -> 0.26049767 | V11: =IFERROR(SUMIFS($E$5:$E$238,$C$5:$C$238,$C11)/SUMIFS($I$5:$I$238,$C$5:$C$238,$C11),0) -> 0.27216174 | W11: =IFERROR(SUMIFS($F$5:$F$238,$C$5:$C$238,$C11)/SUMIFS($I$5:$I$238,$C$5:$C$238,$C11),0) -> 0.0077760498 | X11: =IFERROR(SUMIFS($G$5:$G$238,$C$5:$C$238,$C11)/SUMIFS($I$5:$I$238,$C$5:$C$238,$C11),0) -> 0.045101089 | Y11: =IFERROR(SUMIFS($H$5:$H$238,$C$5:$C$238,$C11)/SUMIFS($I$5:$I$238,$C$5:$C$238,$C11),0) -> 0.41446345 | Z11: =LN(MAX(I11,1)) -> 4.6539604 | AA11: =Calibration!$M$35+Calibration!$N$35+SUMPRODUCT(Calibration!$B$35:$F$35,J11:N11)+SUMPRODUCT(Calibration!$G$35:$K$35,U11:Y11)+Calibration!$L$35*Z11 -> -0.273777 | AB11: =Calibration!$M$36+Calibration!$N$36+SUMPRODUCT(Calibration!$B$36:$F$36,J11:N11)+SUMPRODUCT(Calibration!$G$36:$K$36,U11:Y11)+Calibration!$L$36*Z11 -> -0.43798301 | AC11: =Calibration!$M$37+Calibration!$N$37+SUMPRODUCT(Calibration!$B$37:$F$37,J11:N11)+SUMPRODUCT(Calibration!$G$37:$K$37,U11:Y11)+Calibration!$L$37*Z11 -> 1.5367607 | AD11: =EXP(AC11)/(EXP(AA11)+EXP(AB11)+EXP(AC11)) -> 0.76783506 | AE11: =IF(AC11=MAX(AA11:AC11),"TVK",IF(AB11=MAX(AA11:AC11),"DMK+","AIADMK+")) -> TVK | AF11: =IF(AE11=R11,"Yes","No") -> Yes | AG11: =IF(AE11=P11,"No","Yes") -> No | AH11: =IF(H11=MAX(D11,E11,H11),"TVK",IF(E11=MAX(D11,E11,H11),"DMK+","AIADMK+")) -> TVK | AI11: =EXP(AA11)/(EXP(AA11)+EXP(AB11)+EXP(AC11)) -> 0.12559183 | AJ11: =EXP(AB11)/(EXP(AA11)+EXP(AB11)+EXP(AC11)) -> 0.10657311 | AK11: TVK | AL11: =IF(AK11=R11,"Yes","No") -> Yes | AM11: =IF(AK11="TVK",AD11,IF(AK11="DMK+",AJ11,AI11)) -> 0.76783506 | AN11: =IF(AK11=P11,"No","Yes") -> No
A12: 8 | B12: Ambattur | C12: Chennai | D12: 25 | E12: 22 | F12: 3 | G12: 5 | H12: 32 | I12: =SUM(D12:H12) -> 87 | J12: =IF($I12=0,0,D12/$I12) -> 0.28735632 | K12: =IF($I12=0,0,E12/$I12) -> 0.25287356 | L12: =IF($I12=0,0,F12/$I12) -> 0.034482759 | M12: =IF($I12=0,0,G12/$I12) -> 0.057471264 | N12: =IF($I12=0,0,H12/$I12) -> 0.36781609 | O12: TVK | P12: =IF(O12="TVK","TVK",IF(O12="DMK","DMK+",IF(O12="ADMK","AIADMK+",""))) -> TVK | Q12: TVK | R12: TVK | S12: =IF(P12=R12,"Yes","No") -> Yes | U12: =IFERROR(SUMIFS($D$5:$D$238,$C$5:$C$238,$C12)/SUMIFS($I$5:$I$238,$C$5:$C$238,$C12),0) -> 0.26049767 | V12: =IFERROR(SUMIFS($E$5:$E$238,$C$5:$C$238,$C12)/SUMIFS($I$5:$I$238,$C$5:$C$238,$C12),0) -> 0.27216174 | W12: =IFERROR(SUMIFS($F$5:$F$238,$C$5:$C$238,$C12)/SUMIFS($I$5:$I$238,$C$5:$C$238,$C12),0) -> 0.0077760498 | X12: =IFERROR(SUMIFS($G$5:$G$238,$C$5:$C$238,$C12)/SUMIFS($I$5:$I$238,$C$5:$C$238,$C12),0) -> 0.045101089 | Y12: =IFERROR(SUMIFS($H$5:$H$238,$C$5:$C$238,$C12)/SUMIFS($I$5:$I$238,$C$5:$C$238,$C12),0) -> 0.41446345 | Z12: =LN(MAX(I12,1)) -> 4.4659081 | AA12: =Calibration!$M$35+Calibration!$N$35+SUMPRODUCT(Calibration!$B$35:$F$35,J12:N12)+SUMPRODUCT(Calibration!$G$35:$K$35,U12:Y12)+Calibration!$L$35*Z12 -> -0.1830431 | AB12: =Calibration!$M$36+Calibration!$N$36+SUMPRODUCT(Calibration!$B$36:$F$36,J12:N12)+SUMPRODUCT(Calibration!$G$36:$K$36,U12:Y12)+Calibration!$L$36*Z12 -> -0.23913423 | AC12: =Calibration!$M$37+Calibration!$N$37+SUMPRODUCT(Calibration!$B$37:$F$37,J12:N12)+SUMPRODUCT(Calibration!$G$37:$K$37,U12:Y12)+Calibration!$L$37*Z12 -> 1.247178 | AD12: =EXP(AC12)/(EXP(AA12)+EXP(AB12)+EXP(AC12)) -> 0.68237897 | AE12: =IF(AC12=MAX(AA12:AC12),"TVK",IF(AB12=MAX(AA12:AC12),"DMK+","AIADMK+")) -> TVK | AF12: =IF(AE12=R12,"Yes","No") -> Yes | AG12: =IF(AE12=P12,"No","Yes") -> No | AH12: =IF(H12=MAX(D12,E12,H12),"TVK",IF(E12=MAX(D12,E12,H12),"DMK+","AIADMK+")) -> TVK | AI12: =EXP(AA12)/(EXP(AA12)+EXP(AB12)+EXP(AC12)) -> 0.16326328 | AJ12: =EXP(AB12)/(EXP(AA12)+EXP(AB12)+EXP(AC12)) -> 0.15435775 | AK12: TVK | AL12: =IF(AK12=R12,"Yes","No") -> Yes | AM12: =IF(AK12="TVK",AD12,IF(AK12="DMK+",AJ12,AI12)) -> 0.68237897 | AN12: =IF(AK12=P12,"No","Yes") -> No
A13: 9 | B13: Madavaram | C13: Chennai | D13: 22 | E13: 16 | G13: 6 | H13: 34 | I13: =SUM(D13:H13) -> 78 | J13: =IF($I13=0,0,D13/$I13) -> 0.28205128 | K13: =IF($I13=0,0,E13/$I13) -> 0.20512821 | L13: =IF($I13=0,0,F13/$I13) -> 0 | M13: =IF($I13=0,0,G13/$I13) -> 0.076923077 | N13: =IF($I13=0,0,H13/$I13) -> 0.43589744 | O13: TVK | P13: =IF(O13="TVK","TVK",IF(O13="DMK","DMK+",IF(O13="ADMK","AIADMK+",""))) -> TVK | Q13: TVK | R13: TVK | S13: =IF(P13=R13,"Yes","No") -> Yes | U13: =IFERROR(SUMIFS($D$5:$D$238,$C$5:$C$238,$C13)/SUMIFS($I$5:$I$238,$C$5:$C$238,$C13),0) -> 0.26049767 | V13: =IFERROR(SUMIFS($E$5:$E$238,$C$5:$C$238,$C13)/SUMIFS($I$5:$I$238,$C$5:$C$238,$C13),0) -> 0.27216174 | W13: =IFERROR(SUMIFS($F$5:$F$238,$C$5:$C$238,$C13)/SUMIFS($I$5:$I$238,$C$5:$C$238,$C13),0) -> 0.0077760498 | X13: =IFERROR(SUMIFS($G$5:$G$238,$C$5:$C$238,$C13)/SUMIFS($I$5:$I$238,$C$5:$C$238,$C13),0) -> 0.045101089 | Y13: =IFERROR(SUMIFS($H$5:$H$238,$C$5:$C$238,$C13)/SUMIFS($I$5:$I$238,$C$5:$C$238,$C13),0) -> 0.41446345 | Z13: =LN(MAX(I13,1)) -> 4.3567088 | AA13: =Calibration!$M$35+Calibration!$N$35+SUMPRODUCT(Calibration!$B$35:$F$35,J13:N13)+SUMPRODUCT(Calibration!$G$35:$K$35,U13:Y13)+Calibration!$L$35*Z13 -> -0.11059964 | AB13: =Calibration!$M$36+Calibration!$N$36+SUMPRODUCT(Calibration!$B$36:$F$36,J13:N13)+SUMPRODUCT(Calibration!$G$36:$K$36,U13:Y13)+Calibration!$L$36*Z13 -> -0.23703574 | AC13: =Calibration!$M$37+Calibration!$N$37+SUMPRODUCT(Calibration!$B$37:$F$37,J13:N13)+SUMPRODUCT(Calibration!$G$37:$K$37,U13:Y13)+Calibration!$L$37*Z13 -> 1.1726361 | AD13: =EXP(AC13)/(EXP(AA13)+EXP(AB13)+EXP(AC13)) -> 0.65730553 | AE13: =IF(AC13=MAX(AA13:AC13),"TVK",IF(AB13=MAX(AA13:AC13),"DMK+","AIADMK+")) -> TVK | AF13: =IF(AE13=R13,"Yes","No") -> Yes | AG13: =IF(AE13=P13,"No","Yes") -> No | AH13: =IF(H13=MAX(D13,E13,H13),"TVK",IF(E13=MAX(D13,E13,H13),"DMK+","AIADMK+")) -> TVK | AI13: =EXP(AA13)/(EXP(AA13)+EXP(AB13)+EXP(AC13)) -> 0.18216506 | AJ13: =EXP(AB13)/(EXP(AA13)+EXP(AB13)+EXP(AC13)) -> 0.1605294 | AK13: TVK | AL13: =IF(AK13=R13,"Yes","No") -> Yes | AM13: =IF(AK13="TVK",AD13,IF(AK13="DMK+",AJ13,AI13)) -> 0.65730553 | AN13: =IF(AK13=P13,"No","Yes") -> No
A14: 10 | B14: Thiruvottiyur | C14: Chennai | D14: 11 | E14: 19 | G14: 5 | H14: 18 | I14: =SUM(D14:H14) -> 53 | J14: =IF($I14=0,0,D14/$I14) -> 0.20754717 | K14: =IF($I14=0,0,E14/$I14) -> 0.35849057 | L14: =IF($I14=0,0,F14/$I14) -> 0 | M14: =IF($I14=0,0,G14/$I14) -> 0.094339623 | N14: =IF($I14=0,0,H14/$I14) -> 0.33962264 | O14: DMK | P14: =IF(O14="TVK","TVK",IF(O14="DMK","DMK+",IF(O14="ADMK","AIADMK+",""))) -> DMK+ | Q14: TVK | R14: TVK | S14: =IF(P14=R14,"Yes","No") -> No | U14: =IFERROR(SUMIFS($D$5:$D$238,$C$5:$C$238,$C14)/SUMIFS($I$5:$I$238,$C$5:$C$238,$C14),0) -> 0.26049767 | V14: =IFERROR(SUMIFS($E$5:$E$238,$C$5:$C$238,$C14)/SUMIFS($I$5:$I$238,$C$5:$C$238,$C14),0) -> 0.27216174 | W14: =IFERROR(SUMIFS($F$5:$F$238,$C$5:$C$238,$C14)/SUMIFS($I$5:$I$238,$C$5:$C$238,$C14),0) -> 0.0077760498 | X14: =IFERROR(SUMIFS($G$5:$G$238,$C$5:$C$238,$C14)/SUMIFS($I$5:$I$238,$C$5:$C$238,$C14),0) -> 0.045101089 | Y14: =IFERROR(SUMIFS($H$5:$H$238,$C$5:$C$238,$C14)/SUMIFS($I$5:$I$238,$C$5:$C$238,$C14),0) -> 0.41446345 | Z14: =LN(MAX(I14,1)) -> 3.9702919 | AA14: =Calibration!$M$35+Calibration!$N$35+SUMPRODUCT(Calibration!$B$35:$F$35,J14:N14)+SUMPRODUCT(Calibration!$G$35:$K$35,U14:Y14)+Calibration!$L$35*Z14 -> -0.068603351 | AB14: =Calibration!$M$36+Calibration!$N$36+SUMPRODUCT(Calibration!$B$36:$F$36,J14:N14)+SUMPRODUCT(Calibration!$G$36:$K$36,U14:Y14)+Calibration!$L$36*Z14 -> 0.26349422 | AC14: =Calibration!$M$37+Calibration!$N$37+SUMPRODUCT(Calibration!$B$37:$F$37,J14:N14)+SUMPRODUCT(Calibration!$G$37:$K$37,U14:Y14)+Calibration!$L$37*Z14 -> 0.63010975 | AD14: =EXP(AC14)/(EXP(AA14)+EXP(AB14)+EXP(AC14)) -> 0.45655829 | AE14: =IF(AC14=MAX(AA14:AC14),"TVK",IF(AB14=MAX(AA14:AC14),"DMK+","AIADMK+")) -> TVK | AF14: =IF(AE14=R14,"Yes","No") -> Yes | AG14: =IF(AE14=P14,"No","Yes") -> Yes | AH14: =IF(H14=MAX(D14,E14,H14),"TVK",IF(E14=MAX(D14,E14,H14),"DMK+","AIADMK+")) -> DMK+ | AI14: =EXP(AA14)/(EXP(AA14)+EXP(AB14)+EXP(AC14)) -> 0.22701209 | AJ14: =EXP(AB14)/(EXP(AA14)+EXP(AB14)+EXP(AC14)) -> 0.31642962 | AK14: TVK | AL14: =IF(AK14=R14,"Yes","No") -> Yes | AM14: =IF(AK14="TVK",AD14,IF(AK14="DMK+",AJ14,AI14)) -> 0.45655829 | AN14: =IF(AK14=P14,"No","Yes") -> Yes
A15: 11 | B15: Dr. Radhakrishnan Nagar | C15: Chennai | D15: 10 | E15: 16 | G15: 3 | H15: 25 | I15: =SUM(D15:H15) -> 54 | J15: =IF($I15=0,0,D15/$I15) -> 0.18518519 | K15: =IF($I15=0,0,E15/$I15) -> 0.2962963 | L15: =IF($I15=0,0,F15/$I15) -> 0 | M15: =IF($I15=0,0,G15/$I15) -> 0.055555556 | N15: =IF($I15=0,0,H15/$I15) -> 0.46296296 | O15: TVK | P15: =IF(O15="TVK","TVK",IF(O15="DMK","DMK+",IF(O15="ADMK","AIADMK+",""))) -> TVK | Q15: TVK | R15: TVK | S15: =IF(P15=R15,"Yes","No") -> Yes | U15: =IFERROR(SUMIFS($D$5:$D$238,$C$5:$C$238,$C15)/SUMIFS($I$5:$I$238,$C$5:$C$238,$C15),0) -> 0.26049767 | V15: =IFERROR(SUMIFS($E$5:$E$238,$C$5:$C$238,$C15)/SUMIFS($I$5:$I$238,$C$5:$C$238,$C15),0) -> 0.27216174 | W15: =IFERROR(SUMIFS($F$5:$F$238,$C$5:$C$238,$C15)/SUMIFS($I$5:$I$238,$C$5:$C$238,$C15),0) -> 0.0077760498 | X15: =IFERROR(SUMIFS($G$5:$G$238,$C$5:$C$238,$C15)/SUMIFS($I$5:$I$238,$C$5:$C$238,$C15),0) -> 0.045101089 | Y15: =IFERROR(SUMIFS($H$5:$H$238,$C$5:$C$238,$C15)/SUMIFS($I$5:$I$238,$C$5:$C$238,$C15),0) -> 0.41446345 | Z15: =LN(MAX(I15,1)) -> 3.988984 | AA15: =Calibration!$M$35+Calibration!$N$35+SUMPRODUCT(Calibration!$B$35:$F$35,J15:N15)+SUMPRODUCT(Calibration!$G$35:$K$35,U15:Y15)+Calibration!$L$35*Z15 -> -0.077074345 | AB15: =Calibration!$M$36+Calibration!$N$36+SUMPRODUCT(Calibration!$B$36:$F$36,J15:N15)+SUMPRODUCT(Calibration!$G$36:$K$36,U15:Y15)+Calibration!$L$36*Z15 -> 0.15662649 | AC15: =Calibration!$M$37+Calibration!$N$37+SUMPRODUCT(Calibration!$B$37:$F$37,J15:N15)+SUMPRODUCT(Calibration!$G$37:$K$37,U15:Y15)+Calibration!$L$37*Z15 -> 0.74544859 | AD15: =EXP(AC15)/(EXP(AA15)+EXP(AB15)+EXP(AC15)) -> 0.50142845 | AE15: =IF(AC15=MAX(AA15:AC15),"TVK",IF(AB15=MAX(AA15:AC15),"DMK+","AIADMK+")) -> TVK | AF15: =IF(AE15=R15,"Yes","No") -> Yes | AG15: =IF(AE15=P15,"No","Yes") -> No | AH15: =IF(H15=MAX(D15,E15,H15),"TVK",IF(E15=MAX(D15,E15,H15),"DMK+","AIADMK+")) -> TVK | AI15: =EXP(AA15)/(EXP(AA15)+EXP(AB15)+EXP(AC15)) -> 0.22028849 | AJ15: =EXP(AB15)/(EXP(AA15)+EXP(AB15)+EXP(AC15)) -> 0.27828307 | AK15: TVK | AL15: =IF(AK15=R15,"Yes","No") -> Yes | AM15: =IF(AK15="TVK",AD15,IF(AK15="DMK+",AJ15,AI15)) -> 0.50142845 | AN15: =IF(AK15=P15,"No","Yes") -> No
A16: 12 | B16: Perambur | C16: Chennai | D16: 9 | E16: 22 | G16: 4 | H16: 60 | I16: =SUM(D16:H16) -> 95 | J16: =IF($I16=0,0,D16/$I16) -> 0.094736842 | K16: =IF($I16=0,0,E16/$I16) -> 0.23157895 | L16: =IF($I16=0,0,F16/$I16) -> 0 | M16: =IF($I16=0,0,G16/$I16) -> 0.042105263 | N16: =IF($I16=0,0,H16/$I16) -> 0.63157895 | O16: TVK | P16: =IF(O16="TVK","TVK",IF(O16="DMK","DMK+",IF(O16="ADMK","AIADMK+",""))) -> TVK | Q16: TVK | R16: TVK | S16: =IF(P16=R16,"Yes","No") -> Yes | U16: =IFERROR(SUMIFS($D$5:$D$238,$C$5:$C$238,$C16)/SUMIFS($I$5:$I$238,$C$5:$C$238,$C16),0) -> 0.26049767 | V16: =IFERROR(SUMIFS($E$5:$E$238,$C$5:$C$238,$C16)/SUMIFS($I$5:$I$238,$C$5:$C$238,$C16),0) -> 0.27216174 | W16: =IFERROR(SUMIFS($F$5:$F$238,$C$5:$C$238,$C16)/SUMIFS($I$5:$I$238,$C$5:$C$238,$C16),0) -> 0.0077760498 | X16: =IFERROR(SUMIFS($G$5:$G$238,$C$5:$C$238,$C16)/SUMIFS($I$5:$I$238,$C$5:$C$238,$C16),0) -> 0.045101089 | Y16: =IFERROR(SUMIFS($H$5:$H$238,$C$5:$C$238,$C16)/SUMIFS($I$5:$I$238,$C$5:$C$238,$C16),0) -> 0.41446345 | Z16: =LN(MAX(I16,1)) -> 4.5538769 | AA16: =Calibration!$M$35+Calibration!$N$35+SUMPRODUCT(Calibration!$B$35:$F$35,J16:N16)+SUMPRODUCT(Calibration!$G$35:$K$35,U16:Y16)+Calibration!$L$35*Z16 -> -0.43730985 | AB16: =Calibration!$M$36+Calibration!$N$36+SUMPRODUCT(Calibration!$B$36:$F$36,J16:N16)+SUMPRODUCT(Calibration!$G$36:$K$36,U16:Y16)+Calibration!$L$36*Z16 -> -0.24615348 | AC16: =Calibration!$M$37+Calibration!$N$37+SUMPRODUCT(Calibration!$B$37:$F$37,J16:N16)+SUMPRODUCT(Calibration!$G$37:$K$37,U16:Y16)+Calibration!$L$37*Z16 -> 1.5084642 | AD16: =EXP(AC16)/(EXP(AA16)+EXP(AB16)+EXP(AC16)) -> 0.75996508 | AE16: =IF(AC16=MAX(AA16:AC16),"TVK",IF(AB16=MAX(AA16:AC16),"DMK+","AIADMK+")) -> TVK | AF16: =IF(AE16=R16,"Yes","No") -> Yes | AG16: =IF(AE16=P16,"No","Yes") -> No | AH16: =IF(H16=MAX(D16,E16,H16),"TVK",IF(E16=MAX(D16,E16,H16),"DMK+","AIADMK+")) -> TVK | AI16: =EXP(AA16)/(EXP(AA16)+EXP(AB16)+EXP(AC16)) -> 0.10858121 | AJ16: =EXP(AB16)/(EXP(AA16)+EXP(AB16)+EXP(AC16)) -> 0.13145371 | AK16: TVK | AL16: =IF(AK16=R16,"Yes","No") -> Yes | AM16: =IF(AK16="TVK",AD16,IF(AK16="DMK+",AJ16,AI16)) -> 0.75996508 | AN16: =IF(AK16=P16,"No","Yes") -> No
A17: 13 | B17: Kolathur | C17: Chennai | D17: 15 | E17: 14 | F17: 1 | H17: 33 | I17: =SUM(D17:H17) -> 63 | J17: =IF($I17=0,0,D17/$I17) -> 0.23809524 | K17: =IF($I17=0,0,E17/$I17) -> 0.22222222 | L17: =IF($I17=0,0,F17/$I17) -> 0.015873016 | M17: =IF($I17=0,0,G17/$I17) -> 0 | N17: =IF($I17=0,0,H17/$I17) -> 0.52380952 | O17: TVK | P17: =IF(O17="TVK","TVK",IF(O17="DMK","DMK+",IF(O17="ADMK","AIADMK+",""))) -> TVK | Q17: TVK | R17: TVK | S17: =IF(P17=R17,"Yes","No") -> Yes | U17: =IFERROR(SUMIFS($D$5:$D$238,$C$5:$C$238,$C17)/SUMIFS($I$5:$I$238,$C$5:$C$238,$C17),0) -> 0.26049767 | V17: =IFERROR(SUMIFS($E$5:$E$238,$C$5:$C$238,$C17)/SUMIFS($I$5:$I$238,$C$5:$C$238,$C17),0) -> 0.27216174 | W17: =IFERROR(SUMIFS($F$5:$F$238,$C$5:$C$238,$C17)/SUMIFS($I$5:$I$238,$C$5:$C$238,$C17),0) -> 0.0077760498 | X17: =IFERROR(SUMIFS($G$5:$G$238,$C$5:$C$238,$C17)/SUMIFS($I$5:$I$238,$C$5:$C$238,$C17),0) -> 0.045101089 | Y17: =IFERROR(SUMIFS($H$5:$H$238,$C$5:$C$238,$C17)/SUMIFS($I$5:$I$238,$C$5:$C$238,$C17),0) -> 0.41446345 | Z17: =LN(MAX(I17,1)) -> 4.1431347 | AA17: =Calibration!$M$35+Calibration!$N$35+SUMPRODUCT(Calibration!$B$35:$F$35,J17:N17)+SUMPRODUCT(Calibration!$G$35:$K$35,U17:Y17)+Calibration!$L$35*Z17 -> -0.068331644 | AB17: =Calibration!$M$36+Calibration!$N$36+SUMPRODUCT(Calibration!$B$36:$F$36,J17:N17)+SUMPRODUCT(Calibration!$G$36:$K$36,U17:Y17)+Calibration!$L$36*Z17 -> -0.091141104 | AC17: =Calibration!$M$37+Calibration!$N$37+SUMPRODUCT(Calibration!$B$37:$F$37,J17:N17)+SUMPRODUCT(Calibration!$G$37:$K$37,U17:Y17)+Calibration!$L$37*Z17 -> 0.98447354 | AD17: =EXP(AC17)/(EXP(AA17)+EXP(AB17)+EXP(AC17)) -> 0.59170004 | AE17: =IF(AC17=MAX(AA17:AC17),"TVK",IF(AB17=MAX(AA17:AC17),"DMK+","AIADMK+")) -> TVK | AF17: =IF(AE17=R17,"Yes","No") -> Yes | AG17: =IF(AE17=P17,"No","Yes") -> No | AH17: =IF(H17=MAX(D17,E17,H17),"TVK",IF(E17=MAX(D17,E17,H17),"DMK+","AIADMK+")) -> TVK | AI17: =EXP(AA17)/(EXP(AA17)+EXP(AB17)+EXP(AC17)) -> 0.20647816 | AJ17: =EXP(AB17)/(EXP(AA17)+EXP(AB17)+EXP(AC17)) -> 0.20182181 | AK17: TVK | AL17: =IF(AK17=R17,"Yes","No") -> Yes | AM17: =IF(AK17="TVK",AD17,IF(AK17="DMK+",AJ17,AI17)) -> 0.59170004 | AN17: =IF(AK17=P17,"No","Yes") -> No
A18: 14 | B18: Villivakkam | C18: Chennai | D18: 5 | E18: 26 | G18: 2 | H18: 22 | I18: =SUM(D18:H18) -> 55 | J18: =IF($I18=0,0,D18/$I18) -> 0.090909091 | K18: =IF($I18=0,0,E18/$I18) -> 0.47272727 | L18: =IF($I18=0,0,F18/$I18) -> 0 | M18: =IF($I18=0,0,G18/$I18) -> 0.036363636 | N18: =IF($I18=0,0,H18/$I18) -> 0.4 | O18: DMK | P18: =IF(O18="TVK","TVK",IF(O18="DMK","DMK+",IF(O18="ADMK","AIADMK+",""))) -> DMK+ | Q18: TVK | R18: TVK | S18: =IF(P18=R18,"Yes","No") -> No | U18: =IFERROR(SUMIFS($D$5:$D$238,$C$5:$C$238,$C18)/SUMIFS($I$5:$I$238,$C$5:$C$238,$C18),0) -> 0.26049767 | V18: =IFERROR(SUMIFS($E$5:$E$238,$C$5:$C$238,$C18)/SUMIFS($I$5:$I$238,$C$5:$C$238,$C18),0) -> 0.27216174 | W18: =IFERROR(SUMIFS($F$5:$F$238,$C$5:$C$238,$C18)/SUMIFS($I$5:$I$238,$C$5:$C$238,$C18),0) -> 0.0077760498 | X18: =IFERROR(SUMIFS($G$5:$G$238,$C$5:$C$238,$C18)/SUMIFS($I$5:$I$238,$C$5:$C$238,$C18),0) -> 0.045101089 | Y18: =IFERROR(SUMIFS($H$5:$H$238,$C$5:$C$238,$C18)/SUMIFS($I$5:$I$238,$C$5:$C$238,$C18),0) -> 0.41446345 | Z18: =LN(MAX(I18,1)) -> 4.0073332 | AA18: =Calibration!$M$35+Calibration!$N$35+SUMPRODUCT(Calibration!$B$35:$F$35,J18:N18)+SUMPRODUCT(Calibration!$G$35:$K$35,U18:Y18)+Calibration!$L$35*Z18 -> -0.28862653 | AB18: =Calibration!$M$36+Calibration!$N$36+SUMPRODUCT(Calibration!$B$36:$F$36,J18:N18)+SUMPRODUCT(Calibration!$G$36:$K$36,U18:Y18)+Calibration!$L$36*Z18 -> 0.4319685 | AC18: =Calibration!$M$37+Calibration!$N$37+SUMPRODUCT(Calibration!$B$37:$F$37,J18:N18)+SUMPRODUCT(Calibration!$G$37:$K$37,U18:Y18)+Calibration!$L$37*Z18 -> 0.68165871 | AD18: =EXP(AC18)/(EXP(AA18)+EXP(AB18)+EXP(AC18)) -> 0.46338838 | AE18: =IF(AC18=MAX(AA18:AC18),"TVK",IF(AB18=MAX(AA18:AC18),"DMK+","AIADMK+")) -> TVK | AF18: =IF(AE18=R18,"Yes","No") -> Yes | AG18: =IF(AE18=P18,"No","Yes") -> Yes | AH18: =IF(H18=MAX(D18,E18,H18),"TVK",IF(E18=MAX(D18,E18,H18),"DMK+","AIADMK+")) -> DMK+ | AI18: =EXP(AA18)/(EXP(AA18)+EXP(AB18)+EXP(AC18)) -> 0.17561258 | AJ18: =EXP(AB18)/(EXP(AA18)+EXP(AB18)+EXP(AC18)) -> 0.36099905 | AK18: TVK | AL18: =IF(AK18=R18,"Yes","No") -> Yes | AM18: =IF(AK18="TVK",AD18,IF(AK18="DMK+",AJ18,AI18)) -> 0.46338838 | AN18: =IF(AK18=P18,"No","Yes") -> Yes
A19: 15 | B19: Thiru-Vi-Ka-Nagar | C19: Chennai | D19: 4 | E19: 3 | G19: 1 | H19: 16 | I19: =SUM(D19:H19) -> 24 | J19: =IF($I19=0,0,D19/$I19) -> 0.16666667 | K19: =IF($I19=0,0,E19/$I19) -> 0.125 | L19: =IF($I19=0,0,F19/$I19) -> 0 | M19: =IF($I19=0,0,G19/$I19) -> 0.041666667 | N19: =IF($I19=0,0,H19/$I19) -> 0.66666667 | O19: TVK | P19: =IF(O19="TVK","TVK",IF(O19="DMK","DMK+",IF(O19="ADMK","AIADMK+",""))) -> TVK | Q19: TVK | R19: TVK | S19: =IF(P19=R19,"Yes","No") -> Yes | U19: =IFERROR(SUMIFS($D$5:$D$238,$C$5:$C$238,$C19)/SUMIFS($I$5:$I$238,$C$5:$C$238,$C19),0) -> 0.26049767 | V19: =IFERROR(SUMIFS($E$5:$E$238,$C$5:$C$238,$C19)/SUMIFS($I$5:$I$238,$C$5:$C$238,$C19),0) -> 0.27216174 | W19: =IFERROR(SUMIFS($F$5:$F$238,$C$5:$C$238,$C19)/SUMIFS($I$5:$I$238,$C$5:$C$238,$C19),0) -> 0.0077760498 | X19: =IFERROR(SUMIFS($G$5:$G$238,$C$5:$C$238,$C19)/SUMIFS($I$5:$I$238,$C$5:$C$238,$C19),0) -> 0.045101089 | Y19: =IFERROR(SUMIFS($H$5:$H$238,$C$5:$C$238,$C19)/SUMIFS($I$5:$I$238,$C$5:$C$238,$C19),0) -> 0.41446345 | Z19: =LN(MAX(I19,1)) -> 3.1780538 | AA19: =Calibration!$M$35+Calibration!$N$35+SUMPRODUCT(Calibration!$B$35:$F$35,J19:N19)+SUMPRODUCT(Calibration!$G$35:$K$35,U19:Y19)+Calibration!$L$35*Z19 -> 0.41731256 | AB19: =Calibration!$M$36+Calibration!$N$36+SUMPRODUCT(Calibration!$B$36:$F$36,J19:N19)+SUMPRODUCT(Calibration!$G$36:$K$36,U19:Y19)+Calibration!$L$36*Z19 -> 0.41818799 | AC19: =Calibration!$M$37+Calibration!$N$37+SUMPRODUCT(Calibration!$B$37:$F$37,J19:N19)+SUMPRODUCT(Calibration!$G$37:$K$37,U19:Y19)+Calibration!$L$37*Z19 -> -0.01049961 | AD19: =EXP(AC19)/(EXP(AA19)+EXP(AB19)+EXP(AC19)) -> 0.24575222 | AE19: =IF(AC19=MAX(AA19:AC19),"TVK",IF(AB19=MAX(AA19:AC19),"DMK+","AIADMK+")) -> DMK+ | AF19: =IF(AE19=R19,"Yes","No") -> No | AG19: =IF(AE19=P19,"No","Yes") -> Yes | AH19: =IF(H19=MAX(D19,E19,H19),"TVK",IF(E19=MAX(D19,E19,H19),"DMK+","AIADMK+")) -> TVK | AI19: =EXP(AA19)/(EXP(AA19)+EXP(AB19)+EXP(AC19)) -> 0.37695882 | AJ19: =EXP(AB19)/(EXP(AA19)+EXP(AB19)+EXP(AC19)) -> 0.37728897 | AK19: DMK+ | AL19: =IF(AK19=R19,"Yes","No") -> No | AM19: =IF(AK19="TVK",AD19,IF(AK19="DMK+",AJ19,AI19)) -> 0.37728897 | AN19: =IF(AK19=P19,"No","Yes") -> Yes
A20: 16 | B20: Egmore | C20: Chennai | D20: 8 | E20: 22 | G20: 1 | H20: 19 | I20: =SUM(D20:H20) -> 50 | J20: =IF($I20=0,0,D20/$I20) -> 0.16 | K20: =IF($I20=0,0,E20/$I20) -> 0.44 | L20: =IF($I20=0,0,F20/$I20) -> 0 | M20: =IF($I20=0,0,G20/$I20) -> 0.02 | N20: =IF($I20=0,0,H20/$I20) -> 0.38 | O20: DMK | P20: =IF(O20="TVK","TVK",IF(O20="DMK","DMK+",IF(O20="ADMK","AIADMK+",""))) -> DMK+ | Q20: TVK | R20: TVK | S20: =IF(P20=R20,"Yes","No") -> No | U20: =IFERROR(SUMIFS($D$5:$D$238,$C$5:$C$238,$C20)/SUMIFS($I$5:$I$238,$C$5:$C$238,$C20),0) -> 0.26049767 | V20: =IFERROR(SUMIFS($E$5:$E$238,$C$5:$C$238,$C20)/SUMIFS($I$5:$I$238,$C$5:$C$238,$C20),0) -> 0.27216174 | W20: =IFERROR(SUMIFS($F$5:$F$238,$C$5:$C$238,$C20)/SUMIFS($I$5:$I$238,$C$5:$C$238,$C20),0) -> 0.0077760498 | X20: =IFERROR(SUMIFS($G$5:$G$238,$C$5:$C$238,$C20)/SUMIFS($I$5:$I$238,$C$5:$C$238,$C20),0) -> 0.045101089 | Y20: =IFERROR(SUMIFS($H$5:$H$238,$C$5:$C$238,$C20)/SUMIFS($I$5:$I$238,$C$5:$C$238,$C20),0) -> 0.41446345 | Z20: =LN(MAX(I20,1)) -> 3.912023 | AA20: =Calibration!$M$35+Calibration!$N$35+SUMPRODUCT(Calibration!$B$35:$F$35,J20:N20)+SUMPRODUCT(Calibration!$G$35:$K$35,U20:Y20)+Calibration!$L$35*Z20 -> -0.15024549 | AB20: =Calibration!$M$36+Calibration!$N$36+SUMPRODUCT(Calibration!$B$36:$F$36,J20:N20)+SUMPRODUCT(Calibration!$G$36:$K$36,U20:Y20)+Calibration!$L$36*Z20 -> 0.4030205 | AC20: =Calibration!$M$37+Calibration!$N$37+SUMPRODUCT(Calibration!$B$37:$F$37,J20:N20)+SUMPRODUCT(Calibration!$G$37:$K$37,U20:Y20)+Calibration!$L$37*Z20 -> 0.57222564 | AD20: =EXP(AC20)/(EXP(AA20)+EXP(AB20)+EXP(AC20)) -> 0.42920544 | AE20: =IF(AC20=MAX(AA20:AC20),"TVK",IF(AB20=MAX(AA20:AC20),"DMK+","AIADMK+")) -> TVK | AF20: =IF(AE20=R20,"Yes","No") -> Yes | AG20: =IF(AE20=P20,"No","Yes") -> Yes | AH20: =IF(H20=MAX(D20,E20,H20),"TVK",IF(E20=MAX(D20,E20,H20),"DMK+","AIADMK+")) -> DMK+ | AI20: =EXP(AA20)/(EXP(AA20)+EXP(AB20)+EXP(AC20)) -> 0.20840109 | AJ20: =EXP(AB20)/(EXP(AA20)+EXP(AB20)+EXP(AC20)) -> 0.36239347 | AK20: TVK | AL20: =IF(AK20=R20,"Yes","No") -> Yes | AM20: =IF(AK20="TVK",AD20,IF(AK20="DMK+",AJ20,AI20)) -> 0.42920544 | AN20: =IF(AK20=P20,"No","Yes") -> Yes
A21: 17 | B21: Royapuram | C21: Chennai | D21: 9 | E21: 15 | H21: 12 | I21: =SUM(D21:H21) -> 36 | J21: =IF($I21=0,0,D21/$I21) -> 0.25 | K21: =IF($I21=0,0,E21/$I21) -> 0.41666667 | L21: =IF($I21=0,0,F21/$I21) -> 0 | M21: =IF($I21=0,0,G21/$I21) -> 0 | N21: =IF($I21=0,0,H21/$I21) -> 0.33333333 | O21: DMK | P21: =IF(O21="TVK","TVK",IF(O21="DMK","DMK+",IF(O21="ADMK","AIADMK+",""))) -> DMK+ | Q21: TVK | R21: TVK | S21: =IF(P21=R21,"Yes","No") -> No | U21: =IFERROR(SUMIFS($D$5:$D$238,$C$5:$C$238,$C21)/SUMIFS($I$5:$I$238,$C$5:$C$238,$C21),0) -> 0.26049767 | V21: =IFERROR(SUMIFS($E$5:$E$238,$C$5:$C$238,$C21)/SUMIFS($I$5:$I$238,$C$5:$C$238,$C21),0) -> 0.27216174 | W21: =IFERROR(SUMIFS($F$5:$F$238,$C$5:$C$238,$C21)/SUMIFS($I$5:$I$238,$C$5:$C$238,$C21),0) -> 0.0077760498 | X21: =IFERROR(SUMIFS($G$5:$G$238,$C$5:$C$238,$C21)/SUMIFS($I$5:$I$238,$C$5:$C$238,$C21),0) -> 0.045101089 | Y21: =IFERROR(SUMIFS($H$5:$H$238,$C$5:$C$238,$C21)/SUMIFS($I$5:$I$238,$C$5:$C$238,$C21),0) -> 0.41446345 | Z21: =LN(MAX(I21,1)) -> 3.5835189 | AA21: =Calibration!$M$35+Calibration!$N$35+SUMPRODUCT(Calibration!$B$35:$F$35,J21:N21)+SUMPRODUCT(Calibration!$G$35:$K$35,U21:Y21)+Calibration!$L$35*Z21 -> 0.12659082 | AB21: =Calibration!$M$36+Calibration!$N$36+SUMPRODUCT(Calibration!$B$36:$F$36,J21:N21)+SUMPRODUCT(Calibration!$G$36:$K$36,U21:Y21)+Calibration!$L$36*Z21 -> 0.51955865 | AC21: =Calibration!$M$37+Calibration!$N$37+SUMPRODUCT(Calibration!$B$37:$F$37,J21:N21)+SUMPRODUCT(Calibration!$G$37:$K$37,U21:Y21)+Calibration!$L$37*Z21 -> 0.17885113 | AD21: =EXP(AC21)/(EXP(AA21)+EXP(AB21)+EXP(AC21)) -> 0.29806048 | AE21: =IF(AC21=MAX(AA21:AC21),"TVK",IF(AB21=MAX(AA21:AC21),"DMK+","AIADMK+")) -> DMK+ | AF21: =IF(AE21=R21,"Yes","No") -> No | AG21: =IF(AE21=P21,"No","Yes") -> No | AH21: =IF(H21=MAX(D21,E21,H21),"TVK",IF(E21=MAX(D21,E21,H21),"DMK+","AIADMK+")) -> DMK+ | AI21: =EXP(AA21)/(EXP(AA21)+EXP(AB21)+EXP(AC21)) -> 0.28288377 | AJ21: =EXP(AB21)/(EXP(AA21)+EXP(AB21)+EXP(AC21)) -> 0.41905574 | AK21: TVK | AL21: =IF(AK21=R21,"Yes","No") -> Yes | AM21: =IF(AK21="TVK",AD21,IF(AK21="DMK+",AJ21,AI21)) -> 0.29806048 | AN21: =IF(AK21=P21,"No","Yes") -> Yes
A22: 18 | B22: Harbour | C22: Chennai | D22: 10 | E22: 20 | G22: 1 | H22: 9 | I22: =SUM(D22:H22) -> 40 | J22: =IF($I22=0,0,D22/$I22) -> 0.25 | K22: =IF($I22=0,0,E22/$I22) -> 0.5 | L22: =IF($I22=0,0,F22/$I22) -> 0 | M22: =IF($I22=0,0,G22/$I22) -> 0.025 | N22: =IF($I22=0,0,H22/$I22) -> 0.225 | O22: DMK | P22: =IF(O22="TVK","TVK",IF(O22="DMK","DMK+",IF(O22="ADMK","AIADMK+",""))) -> DMK+ | Q22: DMK | R22: DMK+ | S22: =IF(P22=R22,"Yes","No") -> Yes | U22: =IFERROR(SUMIFS($D$5:$D$238,$C$5:$C$238,$C22)/SUMIFS($I$5:$I$238,$C$5:$C$238,$C22),0) -> 0.26049767 | V22: =IFERROR(SUMIFS($E$5:$E$238,$C$5:$C$238,$C22)/SUMIFS($I$5:$I$238,$C$5:$C$238,$C22),0) -> 0.27216174 | W22: =IFERROR(SUMIFS($F$5:$F$238,$C$5:$C$238,$C22)/SUMIFS($I$5:$I$238,$C$5:$C$238,$C22),0) -> 0.0077760498 | X22: =IFERROR(SUMIFS($G$5:$G$238,$C$5:$C$238,$C22)/SUMIFS($I$5:$I$238,$C$5:$C$238,$C22),0) -> 0.045101089 | Y22: =IFERROR(SUMIFS($H$5:$H$238,$C$5:$C$238,$C22)/SUMIFS($I$5:$I$238,$C$5:$C$238,$C22),0) -> 0.41446345 | Z22: =LN(MAX(I22,1)) -> 3.6888795 | AA22: =Calibration!$M$35+Calibration!$N$35+SUMPRODUCT(Calibration!$B$35:$F$35,J22:N22)+SUMPRODUCT(Calibration!$G$35:$K$35,U22:Y22)+Calibration!$L$35*Z22 -> 0.031570882 | AB22: =Calibration!$M$36+Calibration!$N$36+SUMPRODUCT(Calibration!$B$36:$F$36,J22:N22)+SUMPRODUCT(Calibration!$G$36:$K$36,U22:Y22)+Calibration!$L$36*Z22 -> 0.58408861 | AC22: =Calibration!$M$37+Calibration!$N$37+SUMPRODUCT(Calibration!$B$37:$F$37,J22:N22)+SUMPRODUCT(Calibration!$G$37:$K$37,U22:Y22)+Calibration!$L$37*Z22 -> 0.20934101 | AD22: =EXP(AC22)/(EXP(AA22)+EXP(AB22)+EXP(AC22)) -> 0.30378894 | AE22: =IF(AC22=MAX(AA22:AC22),"TVK",IF(AB22=MAX(AA22:AC22),"DMK+","AIADMK+")) -> DMK+ | AF22: =IF(AE22=R22,"Yes","No") -> Yes | AG22: =IF(AE22=P22,"No","Yes") -> No | AH22: =IF(H22=MAX(D22,E22,H22),"TVK",IF(E22=MAX(D22,E22,H22),"DMK+","AIADMK+")) -> DMK+ | AI22: =EXP(AA22)/(EXP(AA22)+EXP(AB22)+EXP(AC22)) -> 0.25431231 | AJ22: =EXP(AB22)/(EXP(AA22)+EXP(AB22)+EXP(AC22)) -> 0.44189875 | AK22: DMK+ | AL22: =IF(AK22=R22,"Yes","No") -> Yes | AM22: =IF(AK22="TVK",AD22,IF(AK22="DMK+",AJ22,AI22)) -> 0.44189875 | AN22: =IF(AK22=P22,"No","Yes") -> No
A23: 19 | B23: Chepauk-Thiruvallikeni | C23: Chennai | D23: 9 | E23: 16 | G23: 1 | H23: 14 | I23: =SUM(D23:H23) -> 40 | J23: =IF($I23=0,0,D23/$I23) -> 0.225 | K23: =IF($I23=0,0,E23/$I23) -> 0.4 | L23: =IF($I23=0,0,F23/$I23) -> 0 | M23: =IF($I23=0,0,G23/$I23) -> 0.025 | N23: =IF($I23=0,0,H23/$I23) -> 0.35 | O23: DMK | P23: =IF(O23="TVK","TVK",IF(O23="DMK","DMK+",IF(O23="ADMK","AIADMK+",""))) -> DMK+ | Q23: DMK | R23: DMK+ | S23: =IF(P23=R23,"Yes","No") -> Yes | U23: =IFERROR(SUMIFS($D$5:$D$238,$C$5:$C$238,$C23)/SUMIFS($I$5:$I$238,$C$5:$C$238,$C23),0) -> 0.26049767 | V23: =IFERROR(SUMIFS($E$5:$E$238,$C$5:$C$238,$C23)/SUMIFS($I$5:$I$238,$C$5:$C$238,$C23),0) -> 0.27216174 | W23: =IFERROR(SUMIFS($F$5:$F$238,$C$5:$C$238,$C23)/SUMIFS($I$5:$I$238,$C$5:$C$238,$C23),0) -> 0.0077760498 | X23: =IFERROR(SUMIFS($G$5:$G$238,$C$5:$C$238,$C23)/SUMIFS($I$5:$I$238,$C$5:$C$238,$C23),0) -> 0.045101089 | Y23: =IFERROR(SUMIFS($H$5:$H$238,$C$5:$C$238,$C23)/SUMIFS($I$5:$I$238,$C$5:$C$238,$C23),0) -> 0.41446345 | Z23: =LN(MAX(I23,1)) -> 3.6888795 | AA23: =Calibration!$M$35+Calibration!$N$35+SUMPRODUCT(Calibration!$B$35:$F$35,J23:N23)+SUMPRODUCT(Calibration!$G$35:$K$35,U23:Y23)+Calibration!$L$35*Z23 -> 0.059257532 | AB23: =Calibration!$M$36+Calibration!$N$36+SUMPRODUCT(Calibration!$B$36:$F$36,J23:N23)+SUMPRODUCT(Calibration!$G$36:$K$36,U23:Y23)+Calibration!$L$36*Z23 -> 0.45490011 | AC23: =Calibration!$M$37+Calibration!$N$37+SUMPRODUCT(Calibration!$B$37:$F$37,J23:N23)+SUMPRODUCT(Calibration!$G$37:$K$37,U23:Y23)+Calibration!$L$37*Z23 -> 0.31084298 | AD23: =EXP(AC23)/(EXP(AA23)+EXP(AB23)+EXP(AC23)) -> 0.34100398 | AE23: =IF(AC23=MAX(AA23:AC23),"TVK",IF(AB23=MAX(AA23:AC23),"DMK+","AIADMK+")) -> DMK+ | AF23: =IF(AE23=R23,"Yes","No") -> Yes | AG23: =IF(AE23=P23,"No","Yes") -> No | AH23: =IF(H23=MAX(D23,E23,H23),"TVK",IF(E23=MAX(D23,E23,H23),"DMK+","AIADMK+")) -> DMK+ | AI23: =EXP(AA23)/(EXP(AA23)+EXP(AB23)+EXP(AC23)) -> 0.26515345 | AJ23: =EXP(AB23)/(EXP(AA23)+EXP(AB23)+EXP(AC23)) -> 0.39384258 | AK23: TVK | AL23: =IF(AK23=R23,"Yes","No") -> No | AM23: =IF(AK23="TVK",AD23,IF(AK23="DMK+",AJ23,AI23)) -> 0.34100398 | AN23: =IF(AK23=P23,"No","Yes") -> Yes
A24: 20 | B24: Thousand Lights | C24: Chennai | D24: 7 | E24: 19 | G24: 1 | H24: 16 | I24: =SUM(D24:H24) -> 43 | J24: =IF($I24=0,0,D24/$I24) -> 0.1627907 | K24: =IF($I24=0,0,E24/$I24) -> 0.44186047 | L24: =IF($I24=0,0,F24/$I24) -> 0 | M24: =IF($I24=0,0,G24/$I24) -> 0.023255814 | N24: =IF($I24=0,0,H24/$I24) -> 0.37209302 | O24: DMK | P24: =IF(O24="TVK","TVK",IF(O24="DMK","DMK+",IF(O24="ADMK","AIADMK+",""))) -> DMK+ | Q24: TVK | R24: TVK | S24: =IF(P24=R24,"Yes","No") -> No | U24: =IFERROR(SUMIFS($D$5:$D$238,$C$5:$C$238,$C24)/SUMIFS($I$5:$I$238,$C$5:$C$238,$C24),0) -> 0.26049767 | V24: =IFERROR(SUMIFS($E$5:$E$238,$C$5:$C$238,$C24)/SUMIFS($I$5:$I$238,$C$5:$C$238,$C24),0) -> 0.27216174 | W24: =IFERROR(SUMIFS($F$5:$F$238,$C$5:$C$238,$C24)/SUMIFS($I$5:$I$238,$C$5:$C$238,$C24),0) -> 0.0077760498 | X24: =IFERROR(SUMIFS($G$5:$G$238,$C$5:$C$238,$C24)/SUMIFS($I$5:$I$238,$C$5:$C$238,$C24),0) -> 0.045101089 | Y24: =IFERROR(SUMIFS($H$5:$H$238,$C$5:$C$238,$C24)/SUMIFS($I$5:$I$238,$C$5:$C$238,$C24),0) -> 0.41446345 | Z24: =LN(MAX(I24,1)) -> 3.7612001 | AA24: =Calibration!$M$35+Calibration!$N$35+SUMPRODUCT(Calibration!$B$35:$F$35,J24:N24)+SUMPRODUCT(Calibration!$G$35:$K$35,U24:Y24)+Calibration!$L$35*Z24 -> -0.068699334 | AB24: =Calibration!$M$36+Calibration!$N$36+SUMPRODUCT(Calibration!$B$36:$F$36,J24:N24)+SUMPRODUCT(Calibration!$G$36:$K$36,U24:Y24)+Calibration!$L$36*Z24 -> 0.49906049 | AC24: =Calibration!$M$37+Calibration!$N$37+SUMPRODUCT(Calibration!$B$37:$F$37,J24:N24)+SUMPRODUCT(Calibration!$G$37:$K$37,U24:Y24)+Calibration!$L$37*Z24 -> 0.39463949 | AD24: =EXP(AC24)/(EXP(AA24)+EXP(AB24)+EXP(AC24)) -> 0.36506382 | AE24: =IF(AC24=MAX(AA24:AC24),"TVK",IF(AB24=MAX(AA24:AC24),"DMK+","AIADMK+")) -> DMK+ | AF24: =IF(AE24=R24,"Yes","No") -> No | AG24: =IF(AE24=P24,"No","Yes") -> No | AH24: =IF(H24=MAX(D24,E24,H24),"TVK",IF(E24=MAX(D24,E24,H24),"DMK+","AIADMK+")) -> DMK+ | AI24: =EXP(AA24)/(EXP(AA24)+EXP(AB24)+EXP(AC24)) -> 0.22969064 | AJ24: =EXP(AB24)/(EXP(AA24)+EXP(AB24)+EXP(AC24)) -> 0.40524555 | AK24: TVK | AL24: =IF(AK24=R24,"Yes","No") -> Yes | AM24: =IF(AK24="TVK",AD24,IF(AK24="DMK+",AJ24,AI24)) -> 0.36506382 | AN24: =IF(AK24=P24,"No","Yes") -> Yes
A25: 21 | B25: Anna Nagar | C25: Chennai | D25: 14 | E25: 10 | F25: 2 | G25: 2 | H25: 21 | I25: =SUM(D25:H25) -> 49 | J25: =IF($I25=0,0,D25/$I25) -> 0.28571429 | K25: =IF($I25=0,0,E25/$I25) -> 0.20408163 | L25: =IF($I25=0,0,F25/$I25) -> 0.040816327 | M25: =IF($I25=0,0,G25/$I25) -> 0.040816327 | N25: =IF($I25=0,0,H25/$I25) -> 0.42857143 | O25: TVK | P25: =IF(O25="TVK","TVK",IF(O25="DMK","DMK+",IF(O25="ADMK","AIADMK+",""))) -> TVK | Q25: TVK | R25: TVK | S25: =IF(P25=R25,"Yes","No") -> Yes | U25: =IFERROR(SUMIFS($D$5:$D$238,$C$5:$C$238,$C25)/SUMIFS($I$5:$I$238,$C$5:$C$238,$C25),0) -> 0.26049767 | V25: =IFERROR(SUMIFS($E$5:$E$238,$C$5:$C$238,$C25)/SUMIFS($I$5:$I$238,$C$5:$C$238,$C25),0) -> 0.27216174 | W25: =IFERROR(SUMIFS($F$5:$F$238,$C$5:$C$238,$C25)/SUMIFS($I$5:$I$238,$C$5:$C$238,$C25),0) -> 0.0077760498 | X25: =IFERROR(SUMIFS($G$5:$G$238,$C$5:$C$238,$C25)/SUMIFS($I$5:$I$238,$C$5:$C$238,$C25),0) -> 0.045101089 | Y25: =IFERROR(SUMIFS($H$5:$H$238,$C$5:$C$238,$C25)/SUMIFS($I$5:$I$238,$C$5:$C$238,$C25),0) -> 0.41446345 | Z25: =LN(MAX(I25,1)) -> 3.8918203 | AA25: =Calibration!$M$35+Calibration!$N$35+SUMPRODUCT(Calibration!$B$35:$F$35,J25:N25)+SUMPRODUCT(Calibration!$G$35:$K$35,U25:Y25)+Calibration!$L$35*Z25 -> 0.13992821 | AB25: =Calibration!$M$36+Calibration!$N$36+SUMPRODUCT(Calibration!$B$36:$F$36,J25:N25)+SUMPRODUCT(Calibration!$G$36:$K$36,U25:Y25)+Calibration!$L$36*Z25 -> 0.04147787 | AC25: =Calibration!$M$37+Calibration!$N$37+SUMPRODUCT(Calibration!$B$37:$F$37,J25:N25)+SUMPRODUCT(Calibration!$G$37:$K$37,U25:Y25)+Calibration!$L$37*Z25 -> 0.64359462 | AD25: =EXP(AC25)/(EXP(AA25)+EXP(AB25)+EXP(AC25)) -> 0.4646922 | AE25: =IF(AC25=MAX(AA25:AC25),"TVK",IF(AB25=MAX(AA25:AC25),"DMK+","AIADMK+")) -> TVK | AF25: =IF(AE25=R25,"Yes","No") -> Yes | AG25: =IF(AE25=P25,"No","Yes") -> No | AH25: =IF(H25=MAX(D25,E25,H25),"TVK",IF(E25=MAX(D25,E25,H25),"DMK+","AIADMK+")) -> TVK | AI25: =EXP(AA25)/(EXP(AA25)+EXP(AB25)+EXP(AC25)) -> 0.28081858 | AJ25: =EXP(AB25)/(EXP(AA25)+EXP(AB25)+EXP(AC25)) -> 0.25448922 | AK25: TVK | AL25: =IF(AK25=R25,"Yes","No") -> Yes | AM25: =IF(AK25="TVK",AD25,IF(AK25="DMK+",AJ25,AI25)) -> 0.4646922 | AN25: =IF(AK25=P25,"No","Yes") -> No
A26: 22 | B26: Virugampakkam | C26: Chennai | D26: 21 | E26: 15 | G26: 2 | H26: 27 | I26: =SUM(D26:H26) -> 65 | J26: =IF($I26=0,0,D26/$I26) -> 0.32307692 | K26: =IF($I26=0,0,E26/$I26) -> 0.23076923 | L26: =IF($I26=0,0,F26/$I26) -> 0 | M26: =IF($I26=0,0,G26/$I26) -> 0.030769231 | N26: =IF($I26=0,0,H26/$I26) -> 0.41538462 | O26: TVK | P26: =IF(O26="TVK","TVK",IF(O26="DMK","DMK+",IF(O26="ADMK","AIADMK+",""))) -> TVK | Q26: TVK | R26: TVK | S26: =IF(P26=R26,"Yes","No") -> Yes | U26: =IFERROR(SUMIFS($D$5:$D$238,$C$5:$C$238,$C26)/SUMIFS($I$5:$I$238,$C$5:$C$238,$C26),0) -> 0.26049767 | V26: =IFERROR(SUMIFS($E$5:$E$238,$C$5:$C$238,$C26)/SUMIFS($I$5:$I$238,$C$5:$C$238,$C26),0) -> 0.27216174 | W26: =IFERROR(SUMIFS($F$5:$F$238,$C$5:$C$238,$C26)/SUMIFS($I$5:$I$238,$C$5:$C$238,$C26),0) -> 0.0077760498 | X26: =IFERROR(SUMIFS($G$5:$G$238,$C$5:$C$238,$C26)/SUMIFS($I$5:$I$238,$C$5:$C$238,$C26),0) -> 0.045101089 | Y26: =IFERROR(SUMIFS($H$5:$H$238,$C$5:$C$238,$C26)/SUMIFS($I$5:$I$238,$C$5:$C$238,$C26),0) -> 0.41446345 | Z26: =LN(MAX(I26,1)) -> 4.1743873 | AA26: =Calibration!$M$35+Calibration!$N$35+SUMPRODUCT(Calibration!$B$35:$F$35,J26:N26)+SUMPRODUCT(Calibration!$G$35:$K$35,U26:Y26)+Calibration!$L$35*Z26 -> 0.0046183483 | AB26: =Calibration!$M$36+Calibration!$N$36+SUMPRODUCT(Calibration!$B$36:$F$36,J26:N26)+SUMPRODUCT(Calibration!$G$36:$K$36,U26:Y26)+Calibration!$L$36*Z26 -> -0.12994242 | AC26: =Calibration!$M$37+Calibration!$N$37+SUMPRODUCT(Calibration!$B$37:$F$37,J26:N26)+SUMPRODUCT(Calibration!$G$37:$K$37,U26:Y26)+Calibration!$L$37*Z26 -> 0.95032476 | AD26: =EXP(AC26)/(EXP(AA26)+EXP(AB26)+EXP(AC26)) -> 0.57873388 | AE26: =IF(AC26=MAX(AA26:AC26),"TVK",IF(AB26=MAX(AA26:AC26),"DMK+","AIADMK+")) -> TVK | AF26: =IF(AE26=R26,"Yes","No") -> Yes | AG26: =IF(AE26=P26,"No","Yes") -> No | AH26: =IF(H26=MAX(D26,E26,H26),"TVK",IF(E26=MAX(D26,E26,H26),"DMK+","AIADMK+")) -> TVK | AI26: =EXP(AA26)/(EXP(AA26)+EXP(AB26)+EXP(AC26)) -> 0.22478319 | AJ26: =EXP(AB26)/(EXP(AA26)+EXP(AB26)+EXP(AC26)) -> 0.19648293 | AK26: TVK | AL26: =IF(AK26=R26,"Yes","No") -> Yes | AM26: =IF(AK26="TVK",AD26,IF(AK26="DMK+",AJ26,AI26)) -> 0.57873388 | AN26: =IF(AK26=P26,"No","Yes") -> No
A27: 23 | B27: Saidapet | C27: Chennai | D27: 10 | E27: 11 | G27: 2 | H27: 16 | I27: =SUM(D27:H27) -> 39 | J27: =IF($I27=0,0,D27/$I27) -> 0.25641026 | K27: =IF($I27=0,0,E27/$I27) -> 0.28205128 | L27: =IF($I27=0,0,F27/$I27) -> 0 | M27: =IF($I27=0,0,G27/$I27) -> 0.051282051 | N27: =IF($I27=0,0,H27/$I27) -> 0.41025641 | O27: TVK | P27: =IF(O27="TVK","TVK",IF(O27="DMK","DMK+",IF(O27="ADMK","AIADMK+",""))) -> TVK | Q27: TVK | R27: TVK | S27: =IF(P27=R27,"Yes","No") -> Yes | U27: =IFERROR(SUMIFS($D$5:$D$238,$C$5:$C$238,$C27)/SUMIFS($I$5:$I$238,$C$5:$C$238,$C27),0) -> 0.26049767 | V27: =IFERROR(SUMIFS($E$5:$E$238,$C$5:$C$238,$C27)/SUMIFS($I$5:$I$238,$C$5:$C$238,$C27),0) -> 0.27216174 | W27: =IFERROR(SUMIFS($F$5:$F$238,$C$5:$C$238,$C27)/SUMIFS($I$5:$I$238,$C$5:$C$238,$C27),0) -> 0.0077760498 | X27: =IFERROR(SUMIFS($G$5:$G$238,$C$5:$C$238,$C27)/SUMIFS($I$5:$I$238,$C$5:$C$238,$C27),0) -> 0.045101089 | Y27: =IFERROR(SUMIFS($H$5:$H$238,$C$5:$C$238,$C27)/SUMIFS($I$5:$I$238,$C$5:$C$238,$C27),0) -> 0.41446345 | Z27: =LN(MAX(I27,1)) -> 3.6635616 | AA27: =Calibration!$M$35+Calibration!$N$35+SUMPRODUCT(Calibration!$B$35:$F$35,J27:N27)+SUMPRODUCT(Calibration!$G$35:$K$35,U27:Y27)+Calibration!$L$35*Z27 -> 0.17647751 | AB27: =Calibration!$M$36+Calibration!$N$36+SUMPRODUCT(Calibration!$B$36:$F$36,J27:N27)+SUMPRODUCT(Calibration!$G$36:$K$36,U27:Y27)+Calibration!$L$36*Z27 -> 0.30073629 | AC27: =Calibration!$M$37+Calibration!$N$37+SUMPRODUCT(Calibration!$B$37:$F$37,J27:N27)+SUMPRODUCT(Calibration!$G$37:$K$37,U27:Y27)+Calibration!$L$37*Z27 -> 0.34778688 | AD27: =EXP(AC27)/(EXP(AA27)+EXP(AB27)+EXP(AC27)) -> 0.35757706 | AE27: =IF(AC27=MAX(AA27:AC27),"TVK",IF(AB27=MAX(AA27:AC27),"DMK+","AIADMK+")) -> TVK | AF27: =IF(AE27=R27,"Yes","No") -> Yes | AG27: =IF(AE27=P27,"No","Yes") -> No | AH27: =IF(H27=MAX(D27,E27,H27),"TVK",IF(E27=MAX(D27,E27,H27),"DMK+","AIADMK+")) -> TVK | AI27: =EXP(AA27)/(EXP(AA27)+EXP(AB27)+EXP(AC27)) -> 0.30128044 | AJ27: =EXP(AB27)/(EXP(AA27)+EXP(AB27)+EXP(AC27)) -> 0.3411425 | AK27: TVK | AL27: =IF(AK27=R27,"Yes","No") -> Yes | AM27: =IF(AK27="TVK",AD27,IF(AK27="DMK+",AJ27,AI27)) -> 0.35757706 | AN27: =IF(AK27=P27,"No","Yes") -> No
A28: 24 | B28: Thiyagarayanagar | C28: Chennai | D28: 25 | E28: 6 | F28: 1 | G28: 2 | H28: 7 | I28: =SUM(D28:H28) -> 41 | J28: =IF($I28=0,0,D28/$I28) -> 0.6097561 | K28: =IF($I28=0,0,E28/$I28) -> 0.14634146 | L28: =IF($I28=0,0,F28/$I28) -> 0.024390244 | M28: =IF($I28=0,0,G28/$I28) -> 0.048780488 | N28: =IF($I28=0,0,H28/$I28) -> 0.17073171 | O28: ADMK | P28: =IF(O28="TVK","TVK",IF(O28="DMK","DMK+",IF(O28="ADMK","AIADMK+",""))) -> AIADMK+ | Q28: TVK | R28: TVK | S28: =IF(P28=R28,"Yes","No") -> No | U28: =IFERROR(SUMIFS($D$5:$D$238,$C$5:$C$238,$C28)/SUMIFS($I$5:$I$238,$C$5:$C$238,$C28),0) -> 0.26049767 | V28: =IFERROR(SUMIFS($E$5:$E$238,$C$5:$C$238,$C28)/SUMIFS($I$5:$I$238,$C$5:$C$238,$C28),0) -> 0.27216174 | W28: =IFERROR(SUMIFS($F$5:$F$238,$C$5:$C$238,$C28)/SUMIFS($I$5:$I$238,$C$5:$C$238,$C28),0) -> 0.0077760498 | X28: =IFERROR(SUMIFS($G$5:$G$238,$C$5:$C$238,$C28)/SUMIFS($I$5:$I$238,$C$5:$C$238,$C28),0) -> 0.045101089 | Y28: =IFERROR(SUMIFS($H$5:$H$238,$C$5:$C$238,$C28)/SUMIFS($I$5:$I$238,$C$5:$C$238,$C28),0) -> 0.41446345 | Z28: =LN(MAX(I28,1)) -> 3.7135721 | AA28: =Calibration!$M$35+Calibration!$N$35+SUMPRODUCT(Calibration!$B$35:$F$35,J28:N28)+SUMPRODUCT(Calibration!$G$35:$K$35,U28:Y28)+Calibration!$L$35*Z28 -> 0.61052912 | AB28: =Calibration!$M$36+Calibration!$N$36+SUMPRODUCT(Calibration!$B$36:$F$36,J28:N28)+SUMPRODUCT(Calibration!$G$36:$K$36,U28:Y28)+Calibration!$L$36*Z28 -> -0.089632295 | AC28: =Calibration!$M$37+Calibration!$N$37+SUMPRODUCT(Calibration!$B$37:$F$37,J28:N28)+SUMPRODUCT(Calibration!$G$37:$K$37,U28:Y28)+Calibration!$L$37*Z28 -> 0.30410361 | AD28: =EXP(AC28)/(EXP(AA28)+EXP(AB28)+EXP(AC28)) -> 0.32969651 | AE28: =IF(AC28=MAX(AA28:AC28),"TVK",IF(AB28=MAX(AA28:AC28),"DMK+","AIADMK+")) -> AIADMK+ | AF28: =IF(AE28=R28,"Yes","No") -> No | AG28: =IF(AE28=P28,"No","Yes") -> No | AH28: =IF(H28=MAX(D28,E28,H28),"TVK",IF(E28=MAX(D28,E28,H28),"DMK+","AIADMK+")) -> AIADMK+ | AI28: =EXP(AA28)/(EXP(AA28)+EXP(AB28)+EXP(AC28)) -> 0.44791258 | AJ28: =EXP(AB28)/(EXP(AA28)+EXP(AB28)+EXP(AC28)) -> 0.2223909 | AK28: TVK | AL28: =IF(AK28=R28,"Yes","No") -> Yes | AM28: =IF(AK28="TVK",AD28,IF(AK28="DMK+",AJ28,AI28)) -> 0.32969651 | AN28: =IF(AK28=P28,"No","Yes") -> Yes
A29: 25 | B29: Mylapore | C29: Chennai | D29: 14 | E29: 8 | G29: 2 | H29: 21 | I29: =SUM(D29:H29) -> 45 | J29: =IF($I29=0,0,D29/$I29) -> 0.31111111 | K29: =IF($I29=0,0,E29/$I29) -> 0.17777778 | L29: =IF($I29=0,0,F29/$I29) -> 0 | M29: =IF($I29=0,0,G29/$I29) -> 0.044444444 | N29: =IF($I29=0,0,H29/$I29) -> 0.46666667 | O29: TVK | P29: =IF(O29="TVK","TVK",IF(O29="DMK","DMK+",IF(O29="ADMK","AIADMK+",""))) -> TVK | Q29: TVK | R29: TVK | S29: =IF(P29=R29,"Yes","No") -> Yes | U29: =IFERROR(SUMIFS($D$5:$D$238,$C$5:$C$238,$C29)/SUMIFS($I$5:$I$238,$C$5:$C$238,$C29),0) -> 0.26049767 | V29: =IFERROR(SUMIFS($E$5:$E$238,$C$5:$C$238,$C29)/SUMIFS($I$5:$I$238,$C$5:$C$238,$C29),0) -> 0.27216174 | W29: =IFERROR(SUMIFS($F$5:$F$238,$C$5:$C$238,$C29)/SUMIFS($I$5:$I$238,$C$5:$C$238,$C29),0) -> 0.0077760498 | X29: =IFERROR(SUMIFS($G$5:$G$238,$C$5:$C$238,$C29)/SUMIFS($I$5:$I$238,$C$5:$C$238,$C29),0) -> 0.045101089 | Y29: =IFERROR(SUMIFS($H$5:$H$238,$C$5:$C$238,$C29)/SUMIFS($I$5:$I$238,$C$5:$C$238,$C29),0) -> 0.41446345 | Z29: =LN(MAX(I29,1)) -> 3.8066625 | AA29: =Calibration!$M$35+Calibration!$N$35+SUMPRODUCT(Calibration!$B$35:$F$35,J29:N29)+SUMPRODUCT(Calibration!$G$35:$K$35,U29:Y29)+Calibration!$L$35*Z29 -> 0.21591583 | AB29: =Calibration!$M$36+Calibration!$N$36+SUMPRODUCT(Calibration!$B$36:$F$36,J29:N29)+SUMPRODUCT(Calibration!$G$36:$K$36,U29:Y29)+Calibration!$L$36*Z29 -> 0.034753794 | AC29: =Calibration!$M$37+Calibration!$N$37+SUMPRODUCT(Calibration!$B$37:$F$37,J29:N29)+SUMPRODUCT(Calibration!$G$37:$K$37,U29:Y29)+Calibration!$L$37*Z29 -> 0.57433112 | AD29: =EXP(AC29)/(EXP(AA29)+EXP(AB29)+EXP(AC29)) -> 0.43825484 | AE29: =IF(AC29=MAX(AA29:AC29),"TVK",IF(AB29=MAX(AA29:AC29),"DMK+","AIADMK+")) -> TVK | AF29: =IF(AE29=R29,"Yes","No") -> Yes | AG29: =IF(AE29=P29,"No","Yes") -> No | AH29: =IF(H29=MAX(D29,E29,H29),"TVK",IF(E29=MAX(D29,E29,H29),"DMK+","AIADMK+")) -> TVK | AI29: =EXP(AA29)/(EXP(AA29)+EXP(AB29)+EXP(AC29)) -> 0.30624495 | AJ29: =EXP(AB29)/(EXP(AA29)+EXP(AB29)+EXP(AC29)) -> 0.25550021 | AK29: TVK | AL29: =IF(AK29=R29,"Yes","No") -> Yes | AM29: =IF(AK29="TVK",AD29,IF(AK29="DMK+",AJ29,AI29)) -> 0.43825484 | AN29: =IF(AK29=P29,"No","Yes") -> No
A30: 26 | B30: Velachery | C30: Chennai | D30: 22 | E30: 14 | G30: 3 | H30: 21 | I30: =SUM(D30:H30) -> 60 | J30: =IF($I30=0,0,D30/$I30) -> 0.36666667 | K30: =IF($I30=0,0,E30/$I30) -> 0.23333333 | L30: =IF($I30=0,0,F30/$I30) -> 0 | M30: =IF($I30=0,0,G30/$I30) -> 0.05 | N30: =IF($I30=0,0,H30/$I30) -> 0.35 | O30: ADMK | P30: =IF(O30="TVK","TVK",IF(O30="DMK","DMK+",IF(O30="ADMK","AIADMK+",""))) -> AIADMK+ | Q30: TVK | R30: TVK | S30: =IF(P30=R30,"Yes","No") -> No | U30: =IFERROR(SUMIFS($D$5:$D$238,$C$5:$C$238,$C30)/SUMIFS($I$5:$I$238,$C$5:$C$238,$C30),0) -> 0.26049767 | V30: =IFERROR(SUMIFS($E$5:$E$238,$C$5:$C$238,$C30)/SUMIFS($I$5:$I$238,$C$5:$C$238,$C30),0) -> 0.27216174 | W30: =IFERROR(SUMIFS($F$5:$F$238,$C$5:$C$238,$C30)/SUMIFS($I$5:$I$238,$C$5:$C$238,$C30),0) -> 0.0077760498 | X30: =IFERROR(SUMIFS($G$5:$G$238,$C$5:$C$238,$C30)/SUMIFS($I$5:$I$238,$C$5:$C$238,$C30),0) -> 0.045101089 | Y30: =IFERROR(SUMIFS($H$5:$H$238,$C$5:$C$238,$C30)/SUMIFS($I$5:$I$238,$C$5:$C$238,$C30),0) -> 0.41446345 | Z30: =LN(MAX(I30,1)) -> 4.0943446 | AA30: =Calibration!$M$35+Calibration!$N$35+SUMPRODUCT(Calibration!$B$35:$F$35,J30:N30)+SUMPRODUCT(Calibration!$G$35:$K$35,U30:Y30)+Calibration!$L$35*Z30 -> 0.096208708 | AB30: =Calibration!$M$36+Calibration!$N$36+SUMPRODUCT(Calibration!$B$36:$F$36,J30:N30)+SUMPRODUCT(Calibration!$G$36:$K$36,U30:Y30)+Calibration!$L$36*Z30 -> -0.089118295 | AC30: =Calibration!$M$37+Calibration!$N$37+SUMPRODUCT(Calibration!$B$37:$F$37,J30:N30)+SUMPRODUCT(Calibration!$G$37:$K$37,U30:Y30)+Calibration!$L$37*Z30 -> 0.81791021 | AD30: =EXP(AC30)/(EXP(AA30)+EXP(AB30)+EXP(AC30)) -> 0.52919941 | AE30: =IF(AC30=MAX(AA30:AC30),"TVK",IF(AB30=MAX(AA30:AC30),"DMK+","AIADMK+")) -> TVK | AF30: =IF(AE30=R30,"Yes","No") -> Yes | AG30: =IF(AE30=P30,"No","Yes") -> Yes | AH30: =IF(H30=MAX(D30,E30,H30),"TVK",IF(E30=MAX(D30,E30,H30),"DMK+","AIADMK+")) -> AIADMK+ | AI30: =EXP(AA30)/(EXP(AA30)+EXP(AB30)+EXP(AC30)) -> 0.25715109 | AJ30: =EXP(AB30)/(EXP(AA30)+EXP(AB30)+EXP(AC30)) -> 0.2136495 | AK30: TVK | AL30: =IF(AK30=R30,"Yes","No") -> Yes | AM30: =IF(AK30="TVK",AD30,IF(AK30="DMK+",AJ30,AI30)) -> 0.52919941 | AN30: =IF(AK30=P30,"No","Yes") -> Yes
A31: 27 | B31: Sholinganallur | C31: Chennai | D31: 34 | E31: 22 | F31: 1 | G31: 6 | H31: 45 | I31: =SUM(D31:H31) -> 108 | J31: =IF($I31=0,0,D31/$I31) -> 0.31481481 | K31: =IF($I31=0,0,E31/$I31) -> 0.2037037 | L31: =IF($I31=0,0,F31/$I31) -> 0.0092592593 | M31: =IF($I31=0,0,G31/$I31) -> 0.055555556 | N31: =IF($I31=0,0,H31/$I31) -> 0.41666667 | O31: TVK | P31: =IF(O31="TVK","TVK",IF(O31="DMK","DMK+",IF(O31="ADMK","AIADMK+",""))) -> TVK | Q31: TVK | R31: TVK | S31: =IF(P31=R31,"Yes","No") -> Yes | U31: =IFERROR(SUMIFS($D$5:$D$238,$C$5:$C$238,$C31)/SUMIFS($I$5:$I$238,$C$5:$C$238,$C31),0) -> 0.26049767 | V31: =IFERROR(SUMIFS($E$5:$E$238,$C$5:$C$238,$C31)/SUMIFS($I$5:$I$238,$C$5:$C$238,$C31),0) -> 0.27216174 | W31: =IFERROR(SUMIFS($F$5:$F$238,$C$5:$C$238,$C31)/SUMIFS($I$5:$I$238,$C$5:$C$238,$C31),0) -> 0.0077760498 | X31: =IFERROR(SUMIFS($G$5:$G$238,$C$5:$C$238,$C31)/SUMIFS($I$5:$I$238,$C$5:$C$238,$C31),0) -> 0.045101089 | Y31: =IFERROR(SUMIFS($H$5:$H$238,$C$5:$C$238,$C31)/SUMIFS($I$5:$I$238,$C$5:$C$238,$C31),0) -> 0.41446345 | Z31: =LN(MAX(I31,1)) -> 4.6821312 | AA31: =Calibration!$M$35+Calibration!$N$35+SUMPRODUCT(Calibration!$B$35:$F$35,J31:N31)+SUMPRODUCT(Calibration!$G$35:$K$35,U31:Y31)+Calibration!$L$35*Z31 -> -0.24691926 | AB31: =Calibration!$M$36+Calibration!$N$36+SUMPRODUCT(Calibration!$B$36:$F$36,J31:N31)+SUMPRODUCT(Calibration!$G$36:$K$36,U31:Y31)+Calibration!$L$36*Z31 -> -0.46377477 | AC31: =Calibration!$M$37+Calibration!$N$37+SUMPRODUCT(Calibration!$B$37:$F$37,J31:N31)+SUMPRODUCT(Calibration!$G$37:$K$37,U31:Y31)+Calibration!$L$37*Z31 -> 1.5356947 | AD31: =EXP(AC31)/(EXP(AA31)+EXP(AB31)+EXP(AC31)) -> 0.76710353 | AE31: =IF(AC31=MAX(AA31:AC31),"TVK",IF(AB31=MAX(AA31:AC31),"DMK+","AIADMK+")) -> TVK | AF31: =IF(AE31=R31,"Yes","No") -> Yes | AG31: =IF(AE31=P31,"No","Yes") -> No | AH31: =IF(H31=MAX(D31,E31,H31),"TVK",IF(E31=MAX(D31,E31,H31),"DMK+","AIADMK+")) -> TVK | AI31: =EXP(AA31)/(EXP(AA31)+EXP(AB31)+EXP(AC31)) -> 0.12902521 | AJ31: =EXP(AB31)/(EXP(AA31)+EXP(AB31)+EXP(AC31)) -> 0.10387126 | AK31: TVK | AL31: =IF(AK31=R31,"Yes","No") -> Yes | AM31: =IF(AK31="TVK",AD31,IF(AK31="DMK+",AJ31,AI31)) -> 0.76710353 | AN31: =IF(AK31=P31,"No","Yes") -> No
A32: 28 | B32: Alandur | C32: Chennai | D32: 23 | E32: 14 | G32: 3 | H32: 16 | I32: =SUM(D32:H32) -> 56 | J32: =IF($I32=0,0,D32/$I32) -> 0.41071429 | K32: =IF($I32=0,0,E32/$I32) -> 0.25 | L32: =IF($I32=0,0,F32/$I32) -> 0 | M32: =IF($I32=0,0,G32/$I32) -> 0.053571429 | N32: =IF($I32=0,0,H32/$I32) -> 0.28571429 | O32: ADMK | P32: =IF(O32="TVK","TVK",IF(O32="DMK","DMK+",IF(O32="ADMK","AIADMK+",""))) -> AIADMK+ | Q32: TVK | R32: TVK | S32: =IF(P32=R32,"Yes","No") -> No | U32: =IFERROR(SUMIFS($D$5:$D$238,$C$5:$C$238,$C32)/SUMIFS($I$5:$I$238,$C$5:$C$238,$C32),0) -> 0.26049767 | V32: =IFERROR(SUMIFS($E$5:$E$238,$C$5:$C$238,$C32)/SUMIFS($I$5:$I$238,$C$5:$C$238,$C32),0) -> 0.27216174 | W32: =IFERROR(SUMIFS($F$5:$F$238,$C$5:$C$238,$C32)/SUMIFS($I$5:$I$238,$C$5:$C$238,$C32),0) -> 0.0077760498 | X32: =IFERROR(SUMIFS($G$5:$G$238,$C$5:$C$238,$C32)/SUMIFS($I$5:$I$238,$C$5:$C$238,$C32),0) -> 0.045101089 | Y32: =IFERROR(SUMIFS($H$5:$H$238,$C$5:$C$238,$C32)/SUMIFS($I$5:$I$238,$C$5:$C$238,$C32),0) -> 0.41446345 | Z32: =LN(MAX(I32,1)) -> 4.0253517 | AA32: =Calibration!$M$35+Calibration!$N$35+SUMPRODUCT(Calibration!$B$35:$F$35,J32:N32)+SUMPRODUCT(Calibration!$G$35:$K$35,U32:Y32)+Calibration!$L$35*Z32 -> 0.17135006 | AB32: =Calibration!$M$36+Calibration!$N$36+SUMPRODUCT(Calibration!$B$36:$F$36,J32:N32)+SUMPRODUCT(Calibration!$G$36:$K$36,U32:Y32)+Calibration!$L$36*Z32 -> -0.042793046 | AC32: =Calibration!$M$37+Calibration!$N$37+SUMPRODUCT(Calibration!$B$37:$F$37,J32:N32)+SUMPRODUCT(Calibration!$G$37:$K$37,U32:Y32)+Calibration!$L$37*Z32 -> 0.69644354 | AD32: =EXP(AC32)/(EXP(AA32)+EXP(AB32)+EXP(AC32)) -> 0.48333033 | AE32: =IF(AC32=MAX(AA32:AC32),"TVK",IF(AB32=MAX(AA32:AC32),"DMK+","AIADMK+")) -> TVK | AF32: =IF(AE32=R32,"Yes","No") -> Yes | AG32: =IF(AE32=P32,"No","Yes") -> Yes | AH32: =IF(H32=MAX(D32,E32,H32),"TVK",IF(E32=MAX(D32,E32,H32),"DMK+","AIADMK+")) -> AIADMK+ | AI32: =EXP(AA32)/(EXP(AA32)+EXP(AB32)+EXP(AC32)) -> 0.28588993 | AJ32: =EXP(AB32)/(EXP(AA32)+EXP(AB32)+EXP(AC32)) -> 0.23077974 | AK32: TVK | AL32: =IF(AK32=R32,"Yes","No") -> Yes | AM32: =IF(AK32="TVK",AD32,IF(AK32="DMK+",AJ32,AI32)) -> 0.48333033 | AN32: =IF(AK32=P32,"No","Yes") -> Yes
A33: 29 | B33: Sriperumbudur | C33: Kancheepuram | D33: 12 | E33: 16 | G33: 3 | H33: 17 | I33: =SUM(D33:H33) -> 48 | J33: =IF($I33=0,0,D33/$I33) -> 0.25 | K33: =IF($I33=0,0,E33/$I33) -> 0.33333333 | L33: =IF($I33=0,0,F33/$I33) -> 0 | M33: =IF($I33=0,0,G33/$I33) -> 0.0625 | N33: =IF($I33=0,0,H33/$I33) -> 0.35416667 | O33: DMK | P33: =IF(O33="TVK","TVK",IF(O33="DMK","DMK+",IF(O33="ADMK","AIADMK+",""))) -> DMK+ | Q33: TVK | R33: TVK | S33: =IF(P33=R33,"Yes","No") -> No | U33: =IFERROR(SUMIFS($D$5:$D$238,$C$5:$C$238,$C33)/SUMIFS($I$5:$I$238,$C$5:$C$238,$C33),0) -> 0.25185185 | V33: =IFERROR(SUMIFS($E$5:$E$238,$C$5:$C$238,$C33)/SUMIFS($I$5:$I$238,$C$5:$C$238,$C33),0) -> 0.28888889 | W33: =IFERROR(SUMIFS($F$5:$F$238,$C$5:$C$238,$C33)/SUMIFS($I$5:$I$238,$C$5:$C$238,$C33),0) -> 0 | X33: =IFERROR(SUMIFS($G$5:$G$238,$C$5:$C$238,$C33)/SUMIFS($I$5:$I$238,$C$5:$C$238,$C33),0) -> 0.059259259 | Y33: =IFERROR(SUMIFS($H$5:$H$238,$C$5:$C$238,$C33)/SUMIFS($I$5:$I$238,$C$5:$C$238,$C33),0) -> 0.4 | Z33: =LN(MAX(I33,1)) -> 3.871201 | AA33: =Calibration!$M$35+Calibration!$N$35+SUMPRODUCT(Calibration!$B$35:$F$35,J33:N33)+SUMPRODUCT(Calibration!$G$35:$K$35,U33:Y33)+Calibration!$L$35*Z33 -> 0.020140455 | AB33: =Calibration!$M$36+Calibration!$N$36+SUMPRODUCT(Calibration!$B$36:$F$36,J33:N33)+SUMPRODUCT(Calibration!$G$36:$K$36,U33:Y33)+Calibration!$L$36*Z33 -> 0.28797215 | AC33: =Calibration!$M$37+Calibration!$N$37+SUMPRODUCT(Calibration!$B$37:$F$37,J33:N33)+SUMPRODUCT(Calibration!$G$37:$K$37,U33:Y33)+Calibration!$L$37*Z33 -> 0.51688803 | AD33: =EXP(AC33)/(EXP(AA33)+EXP(AB33)+EXP(AC33)) -> 0.41599034 | AE33: =IF(AC33=MAX(AA33:AC33),"TVK",IF(AB33=MAX(AA33:AC33),"DMK+","AIADMK+")) -> TVK | AF33: =IF(AE33=R33,"Yes","No") -> Yes | AG33: =IF(AE33=P33,"No","Yes") -> Yes | AH33: =IF(H33=MAX(D33,E33,H33),"TVK",IF(E33=MAX(D33,E33,H33),"DMK+","AIADMK+")) -> TVK | AI33: =EXP(AA33)/(EXP(AA33)+EXP(AB33)+EXP(AC33)) -> 0.25313285 | AJ33: =EXP(AB33)/(EXP(AA33)+EXP(AB33)+EXP(AC33)) -> 0.33087682 | AK33: TVK | AL33: =IF(AK33=R33,"Yes","No") -> Yes | AM33: =IF(AK33="TVK",AD33,IF(AK33="DMK+",AJ33,AI33)) -> 0.41599034 | AN33: =IF(AK33=P33,"No","Yes") -> Yes
A34: 30 | B34: Pallavaram | C34: Chengalpattu | D34: 26 | E34: 28 | G34: 4 | H34: 38 | I34: =SUM(D34:H34) -> 96 | J34: =IF($I34=0,0,D34/$I34) -> 0.27083333 | K34: =IF($I34=0,0,E34/$I34) -> 0.29166667 | L34: =IF($I34=0,0,F34/$I34) -> 0 | M34: =IF($I34=0,0,G34/$I34) -> 0.041666667 | N34: =IF($I34=0,0,H34/$I34) -> 0.39583333 | O34: TVK | P34: =IF(O34="TVK","TVK",IF(O34="DMK","DMK+",IF(O34="ADMK","AIADMK+",""))) -> TVK | Q34: TVK | R34: TVK | S34: =IF(P34=R34,"Yes","No") -> Yes | U34: =IFERROR(SUMIFS($D$5:$D$238,$C$5:$C$238,$C34)/SUMIFS($I$5:$I$238,$C$5:$C$238,$C34),0) -> 0.26347305 | V34: =IFERROR(SUMIFS($E$5:$E$238,$C$5:$C$238,$C34)/SUMIFS($I$5:$I$238,$C$5:$C$238,$C34),0) -> 0.24850299 | W34: =IFERROR(SUMIFS($F$5:$F$238,$C$5:$C$238,$C34)/SUMIFS($I$5:$I$238,$C$5:$C$238,$C34),0) -> 0.0089820359 | X34: =IFERROR(SUMIFS($G$5:$G$238,$C$5:$C$238,$C34)/SUMIFS($I$5:$I$238,$C$5:$C$238,$C34),0) -> 0.065868263 | Y34: =IFERROR(SUMIFS($H$5:$H$238,$C$5:$C$238,$C34)/SUMIFS($I$5:$I$238,$C$5:$C$238,$C34),0) -> 0.41317365 | Z34: =LN(MAX(I34,1)) -> 4.5643482 | AA34: =Calibration!$M$35+Calibration!$N$35+SUMPRODUCT(Calibration!$B$35:$F$35,J34:N34)+SUMPRODUCT(Calibration!$G$35:$K$35,U34:Y34)+Calibration!$L$35*Z34 -> -0.27568091 | AB34: =Calibration!$M$36+Calibration!$N$36+SUMPRODUCT(Calibration!$B$36:$F$36,J34:N34)+SUMPRODUCT(Calibration!$G$36:$K$36,U34:Y34)+Calibration!$L$36*Z34 -> -0.26109026 | AC34: =Calibration!$M$37+Calibration!$N$37+SUMPRODUCT(Calibration!$B$37:$F$37,J34:N34)+SUMPRODUCT(Calibration!$G$37:$K$37,U34:Y34)+Calibration!$L$37*Z34 -> 1.3617718 | AD34: =EXP(AC34)/(EXP(AA34)+EXP(AB34)+EXP(AC34)) -> 0.71848996 | AE34: =IF(AC34=MAX(AA34:AC34),"TVK",IF(AB34=MAX(AA34:AC34),"DMK+","AIADMK+")) -> TVK | AF34: =IF(AE34=R34,"Yes","No") -> Yes | AG34: =IF(AE34=P34,"No","Yes") -> No | AH34: =IF(H34=MAX(D34,E34,H34),"TVK",IF(E34=MAX(D34,E34,H34),"DMK+","AIADMK+")) -> TVK | AI34: =EXP(AA34)/(EXP(AA34)+EXP(AB34)+EXP(AC34)) -> 0.13972819 | AJ34: =EXP(AB34)/(EXP(AA34)+EXP(AB34)+EXP(AC34)) -> 0.14178186 | AK34: TVK | AL34: =IF(AK34=R34,"Yes","No") -> Yes | AM34: =IF(AK34="TVK",AD34,IF(AK34="DMK+",AJ34,AI34)) -> 0.71848996 | AN34: =IF(AK34=P34,"No","Yes") -> No
A35: 31 | B35: Tambaram | C35: Chengalpattu | D35: 25 | E35: 33 | F35: 2 | G35: 6 | H35: 31 | I35: =SUM(D35:H35) -> 97 | J35: =IF($I35=0,0,D35/$I35) -> 0.25773196 | K35: =IF($I35=0,0,E35/$I35) -> 0.34020619 | L35: =IF($I35=0,0,F35/$I35) -> 0.020618557 | M35: =IF($I35=0,0,G35/$I35) -> 0.06185567 | N35: =IF($I35=0,0,H35/$I35) -> 0.31958763 | O35: DMK | P35: =IF(O35="TVK","TVK",IF(O35="DMK","DMK+",IF(O35="ADMK","AIADMK+",""))) -> DMK+ | Q35: TVK | R35: TVK | S35: =IF(P35=R35,"Yes","No") -> No | U35: =IFERROR(SUMIFS($D$5:$D$238,$C$5:$C$238,$C35)/SUMIFS($I$5:$I$238,$C$5:$C$238,$C35),0) -> 0.26347305 | V35: =IFERROR(SUMIFS($E$5:$E$238,$C$5:$C$238,$C35)/SUMIFS($I$5:$I$238,$C$5:$C$238,$C35),0) -> 0.24850299 | W35: =IFERROR(SUMIFS($F$5:$F$238,$C$5:$C$238,$C35)/SUMIFS($I$5:$I$238,$C$5:$C$238,$C35),0) -> 0.0089820359 | X35: =IFERROR(SUMIFS($G$5:$G$238,$C$5:$C$238,$C35)/SUMIFS($I$5:$I$238,$C$5:$C$238,$C35),0) -> 0.065868263 | Y35: =IFERROR(SUMIFS($H$5:$H$238,$C$5:$C$238,$C35)/SUMIFS($I$5:$I$238,$C$5:$C$238,$C35),0) -> 0.41317365 | Z35: =LN(MAX(I35,1)) -> 4.574711 | AA35: =Calibration!$M$35+Calibration!$N$35+SUMPRODUCT(Calibration!$B$35:$F$35,J35:N35)+SUMPRODUCT(Calibration!$G$35:$K$35,U35:Y35)+Calibration!$L$35*Z35 -> -0.31165227 | AB35: =Calibration!$M$36+Calibration!$N$36+SUMPRODUCT(Calibration!$B$36:$F$36,J35:N35)+SUMPRODUCT(Calibration!$G$36:$K$36,U35:Y35)+Calibration!$L$36*Z35 -> -0.17711977 | AC35: =Calibration!$M$37+Calibration!$N$37+SUMPRODUCT(Calibration!$B$37:$F$37,J35:N35)+SUMPRODUCT(Calibration!$G$37:$K$37,U35:Y35)+Calibration!$L$37*Z35 -> 1.3137726 | AD35: =EXP(AC35)/(EXP(AA35)+EXP(AB35)+EXP(AC35)) -> 0.70323505 | AE35: =IF(AC35=MAX(AA35:AC35),"TVK",IF(AB35=MAX(AA35:AC35),"DMK+","AIADMK+")) -> TVK | AF35: =IF(AE35=R35,"Yes","No") -> Yes | AG35: =IF(AE35=P35,"No","Yes") -> Yes | AH35: =IF(H35=MAX(D35,E35,H35),"TVK",IF(E35=MAX(D35,E35,H35),"DMK+","AIADMK+")) -> DMK+ | AI35: =EXP(AA35)/(EXP(AA35)+EXP(AB35)+EXP(AC35)) -> 0.13841637 | AJ35: =EXP(AB35)/(EXP(AA35)+EXP(AB35)+EXP(AC35)) -> 0.15834858 | AK35: TVK | AL35: =IF(AK35=R35,"Yes","No") -> Yes | AM35: =IF(AK35="TVK",AD35,IF(AK35="DMK+",AJ35,AI35)) -> 0.70323505 | AN35: =IF(AK35=P35,"No","Yes") -> Yes
A36: 32 | B36: Chengalpattu | C36: Chengalpattu | D36: 13 | E36: 13 | F36: 1 | G36: 5 | H36: 35 | I36: =SUM(D36:H36) -> 67 | J36: =IF($I36=0,0,D36/$I36) -> 0.19402985 | K36: =IF($I36=0,0,E36/$I36) -> 0.19402985 | L36: =IF($I36=0,0,F36/$I36) -> 0.014925373 | M36: =IF($I36=0,0,G36/$I36) -> 0.074626866 | N36: =IF($I36=0,0,H36/$I36) -> 0.52238806 | O36: TVK | P36: =IF(O36="TVK","TVK",IF(O36="DMK","DMK+",IF(O36="ADMK","AIADMK+",""))) -> TVK | Q36: TVK | R36: TVK | S36: =IF(P36=R36,"Yes","No") -> Yes | U36: =IFERROR(SUMIFS($D$5:$D$238,$C$5:$C$238,$C36)/SUMIFS($I$5:$I$238,$C$5:$C$238,$C36),0) -> 0.26347305 | V36: =IFERROR(SUMIFS($E$5:$E$238,$C$5:$C$238,$C36)/SUMIFS($I$5:$I$238,$C$5:$C$238,$C36),0) -> 0.24850299 | W36: =IFERROR(SUMIFS($F$5:$F$238,$C$5:$C$238,$C36)/SUMIFS($I$5:$I$238,$C$5:$C$238,$C36),0) -> 0.0089820359 | X36: =IFERROR(SUMIFS($G$5:$G$238,$C$5:$C$238,$C36)/SUMIFS($I$5:$I$238,$C$5:$C$238,$C36),0) -> 0.065868263 | Y36: =IFERROR(SUMIFS($H$5:$H$238,$C$5:$C$238,$C36)/SUMIFS($I$5:$I$238,$C$5:$C$238,$C36),0) -> 0.41317365 | Z36: =LN(MAX(I36,1)) -> 4.2046926 | AA36: =Calibration!$M$35+Calibration!$N$35+SUMPRODUCT(Calibration!$B$35:$F$35,J36:N36)+SUMPRODUCT(Calibration!$G$35:$K$35,U36:Y36)+Calibration!$L$35*Z36 -> -0.10568503 | AB36: =Calibration!$M$36+Calibration!$N$36+SUMPRODUCT(Calibration!$B$36:$F$36,J36:N36)+SUMPRODUCT(Calibration!$G$36:$K$36,U36:Y36)+Calibration!$L$36*Z36 -> -0.11947407 | AC36: =Calibration!$M$37+Calibration!$N$37+SUMPRODUCT(Calibration!$B$37:$F$37,J36:N36)+SUMPRODUCT(Calibration!$G$37:$K$37,U36:Y36)+Calibration!$L$37*Z36 -> 1.0501599 | AD36: =EXP(AC36)/(EXP(AA36)+EXP(AB36)+EXP(AC36)) -> 0.61528161 | AE36: =IF(AC36=MAX(AA36:AC36),"TVK",IF(AB36=MAX(AA36:AC36),"DMK+","AIADMK+")) -> TVK | AF36: =IF(AE36=R36,"Yes","No") -> Yes | AG36: =IF(AE36=P36,"No","Yes") -> No | AH36: =IF(H36=MAX(D36,E36,H36),"TVK",IF(E36=MAX(D36,E36,H36),"DMK+","AIADMK+")) -> TVK | AI36: =EXP(AA36)/(EXP(AA36)+EXP(AB36)+EXP(AC36)) -> 0.1936854 | AJ36: =EXP(AB36)/(EXP(AA36)+EXP(AB36)+EXP(AC36)) -> 0.19103299 | AK36: TVK | AL36: =IF(AK36=R36,"Yes","No") -> Yes | AM36: =IF(AK36="TVK",AD36,IF(AK36="DMK+",AJ36,AI36)) -> 0.61528161 | AN36: =IF(AK36=P36,"No","Yes") -> No
A37: 33 | B37: Thiruporur | C37: Chengalpattu | D37: 7 | E37: 2 | G37: 5 | H37: 20 | I37: =SUM(D37:H37) -> 34 | J37: =IF($I37=0,0,D37/$I37) -> 0.20588235 | K37: =IF($I37=0,0,E37/$I37) -> 0.058823529 | L37: =IF($I37=0,0,F37/$I37) -> 0 | M37: =IF($I37=0,0,G37/$I37) -> 0.14705882 | N37: =IF($I37=0,0,H37/$I37) -> 0.58823529 | O37: TVK | P37: =IF(O37="TVK","TVK",IF(O37="DMK","DMK+",IF(O37="ADMK","AIADMK+",""))) -> TVK | Q37: TVK | R37: TVK | S37: =IF(P37=R37,"Yes","No") -> Yes | U37: =IFERROR(SUMIFS($D$5:$D$238,$C$5:$C$238,$C37)/SUMIFS($I$5:$I$238,$C$5:$C$238,$C37),0) -> 0.26347305 | V37: =IFERROR(SUMIFS($E$5:$E$238,$C$5:$C$238,$C37)/SUMIFS($I$5:$I$238,$C$5:$C$238,$C37),0) -> 0.24850299 | W37: =IFERROR(SUMIFS($F$5:$F$238,$C$5:$C$238,$C37)/SUMIFS($I$5:$I$238,$C$5:$C$238,$C37),0) -> 0.0089820359 | X37: =IFERROR(SUMIFS($G$5:$G$238,$C$5:$C$238,$C37)/SUMIFS($I$5:$I$238,$C$5:$C$238,$C37),0) -> 0.065868263 | Y37: =IFERROR(SUMIFS($H$5:$H$238,$C$5:$C$238,$C37)/SUMIFS($I$5:$I$238,$C$5:$C$238,$C37),0) -> 0.41317365 | Z37: =LN(MAX(I37,1)) -> 3.5263605 | AA37: =Calibration!$M$35+Calibration!$N$35+SUMPRODUCT(Calibration!$B$35:$F$35,J37:N37)+SUMPRODUCT(Calibration!$G$35:$K$35,U37:Y37)+Calibration!$L$35*Z37 -> 0.34745762 | AB37: =Calibration!$M$36+Calibration!$N$36+SUMPRODUCT(Calibration!$B$36:$F$36,J37:N37)+SUMPRODUCT(Calibration!$G$36:$K$36,U37:Y37)+Calibration!$L$36*Z37 -> 0.13283357 | AC37: =Calibration!$M$37+Calibration!$N$37+SUMPRODUCT(Calibration!$B$37:$F$37,J37:N37)+SUMPRODUCT(Calibration!$G$37:$K$37,U37:Y37)+Calibration!$L$37*Z37 -> 0.34470965 | AD37: =EXP(AC37)/(EXP(AA37)+EXP(AB37)+EXP(AC37)) -> 0.35564196 | AE37: =IF(AC37=MAX(AA37:AC37),"TVK",IF(AB37=MAX(AA37:AC37),"DMK+","AIADMK+")) -> AIADMK+ | AF37: =IF(AE37=R37,"Yes","No") -> No | AG37: =IF(AE37=P37,"No","Yes") -> Yes | AH37: =IF(H37=MAX(D37,E37,H37),"TVK",IF(E37=MAX(D37,E37,H37),"DMK+","AIADMK+")) -> TVK | AI37: =EXP(AA37)/(EXP(AA37)+EXP(AB37)+EXP(AC37)) -> 0.3566206 | AJ37: =EXP(AB37)/(EXP(AA37)+EXP(AB37)+EXP(AC37)) -> 0.28773745 | AK37: TVK | AL37: =IF(AK37=R37,"Yes","No") -> Yes | AM37: =IF(AK37="TVK",AD37,IF(AK37="DMK+",AJ37,AI37)) -> 0.35564196 | AN37: =IF(AK37=P37,"No","Yes") -> No
A38: 34 | B38: Cheyyur | C38: Chengalpattu | D38: 12 | E38: 3 | G38: 1 | H38: 6 | I38: =SUM(D38:H38) -> 22 | J38: =IF($I38=0,0,D38/$I38) -> 0.54545455 | K38: =IF($I38=0,0,E38/$I38) -> 0.13636364 | L38: =IF($I38=0,0,F38/$I38) -> 0 | M38: =IF($I38=0,0,G38/$I38) -> 0.045454545 | N38: =IF($I38=0,0,H38/$I38) -> 0.27272727 | O38: ADMK | P38: =IF(O38="TVK","TVK",IF(O38="DMK","DMK+",IF(O38="ADMK","AIADMK+",""))) -> AIADMK+ | Q38: AIADMK | R38: AIADMK+ | S38: =IF(P38=R38,"Yes","No") -> Yes | U38: =IFERROR(SUMIFS($D$5:$D$238,$C$5:$C$238,$C38)/SUMIFS($I$5:$I$238,$C$5:$C$238,$C38),0) -> 0.26347305 | V38: =IFERROR(SUMIFS($E$5:$E$238,$C$5:$C$238,$C38)/SUMIFS($I$5:$I$238,$C$5:$C$238,$C38),0) -> 0.24850299 | W38: =IFERROR(SUMIFS($F$5:$F$238,$C$5:$C$238,$C38)/SUMIFS($I$5:$I$238,$C$5:$C$238,$C38),0) -> 0.0089820359 | X38: =IFERROR(SUMIFS($G$5:$G$238,$C$5:$C$238,$C38)/SUMIFS($I$5:$I$238,$C$5:$C$238,$C38),0) -> 0.065868263 | Y38: =IFERROR(SUMIFS($H$5:$H$238,$C$5:$C$238,$C38)/SUMIFS($I$5:$I$238,$C$5:$C$238,$C38),0) -> 0.41317365 | Z38: =LN(MAX(I38,1)) -> 3.0910425 | AA38: =Calibration!$M$35+Calibration!$N$35+SUMPRODUCT(Calibration!$B$35:$F$35,J38:N38)+SUMPRODUCT(Calibration!$G$35:$K$35,U38:Y38)+Calibration!$L$35*Z38 -> 0.87546615 | AB38: =Calibration!$M$36+Calibration!$N$36+SUMPRODUCT(Calibration!$B$36:$F$36,J38:N38)+SUMPRODUCT(Calibration!$G$36:$K$36,U38:Y38)+Calibration!$L$36*Z38 -> 0.29726732 | AC38: =Calibration!$M$37+Calibration!$N$37+SUMPRODUCT(Calibration!$B$37:$F$37,J38:N38)+SUMPRODUCT(Calibration!$G$37:$K$37,U38:Y38)+Calibration!$L$37*Z38 -> -0.34773295 | AD38: =EXP(AC38)/(EXP(AA38)+EXP(AB38)+EXP(AC38)) -> 0.15862872 | AE38: =IF(AC38=MAX(AA38:AC38),"TVK",IF(AB38=MAX(AA38:AC38),"DMK+","AIADMK+")) -> AIADMK+ | AF38: =IF(AE38=R38,"Yes","No") -> Yes | AG38: =IF(AE38=P38,"No","Yes") -> No | AH38: =IF(H38=MAX(D38,E38,H38),"TVK",IF(E38=MAX(D38,E38,H38),"DMK+","AIADMK+")) -> AIADMK+ | AI38: =EXP(AA38)/(EXP(AA38)+EXP(AB38)+EXP(AC38)) -> 0.53902691 | AJ38: =EXP(AB38)/(EXP(AA38)+EXP(AB38)+EXP(AC38)) -> 0.30234437 | AK38: AIADMK+ | AL38: =IF(AK38=R38,"Yes","No") -> Yes | AM38: =IF(AK38="TVK",AD38,IF(AK38="DMK+",AJ38,AI38)) -> 0.53902691 | AN38: =IF(AK38=P38,"No","Yes") -> No
A39: 35 | B39: Madurantakam | C39: Chengalpattu | D39: 5 | E39: 4 | G39: 1 | H39: 8 | I39: =SUM(D39:H39) -> 18 | J39: =IF($I39=0,0,D39/$I39) -> 0.27777778 | K39: =IF($I39=0,0,E39/$I39) -> 0.22222222 | L39: =IF($I39=0,0,F39/$I39) -> 0 | M39: =IF($I39=0,0,G39/$I39) -> 0.055555556 | N39: =IF($I39=0,0,H39/$I39) -> 0.44444444 | O39: TVK | P39: =IF(O39="TVK","TVK",IF(O39="DMK","DMK+",IF(O39="ADMK","AIADMK+",""))) -> TVK | Q39: AIADMK | R39: AIADMK+ | S39: =IF(P39=R39,"Yes","No") -> No | U39: =IFERROR(SUMIFS($D$5:$D$238,$C$5:$C$238,$C39)/SUMIFS($I$5:$I$238,$C$5:$C$238,$C39),0) -> 0.26347305 | V39: =IFERROR(SUMIFS($E$5:$E$238,$C$5:$C$238,$C39)/SUMIFS($I$5:$I$238,$C$5:$C$238,$C39),0) -> 0.24850299 | W39: =IFERROR(SUMIFS($F$5:$F$238,$C$5:$C$238,$C39)/SUMIFS($I$5:$I$238,$C$5:$C$238,$C39),0) -> 0.0089820359 | X39: =IFERROR(SUMIFS($G$5:$G$238,$C$5:$C$238,$C39)/SUMIFS($I$5:$I$238,$C$5:$C$238,$C39),0) -> 0.065868263 | Y39: =IFERROR(SUMIFS($H$5:$H$238,$C$5:$C$238,$C39)/SUMIFS($I$5:$I$238,$C$5:$C$238,$C39),0) -> 0.41317365 | Z39: =LN(MAX(I39,1)) -> 2.8903718 | AA39: =Calibration!$M$35+Calibration!$N$35+SUMPRODUCT(Calibration!$B$35:$F$35,J39:N39)+SUMPRODUCT(Calibration!$G$35:$K$35,U39:Y39)+Calibration!$L$35*Z39 -> 0.64779245 | AB39: =Calibration!$M$36+Calibration!$N$36+SUMPRODUCT(Calibration!$B$36:$F$36,J39:N39)+SUMPRODUCT(Calibration!$G$36:$K$36,U39:Y39)+Calibration!$L$36*Z39 -> 0.6787015 | AC39: =Calibration!$M$37+Calibration!$N$37+SUMPRODUCT(Calibration!$B$37:$F$37,J39:N39)+SUMPRODUCT(Calibration!$G$37:$K$37,U39:Y39)+Calibration!$L$37*Z39 -> -0.50149326 | AD39: =EXP(AC39)/(EXP(AA39)+EXP(AB39)+EXP(AC39)) -> 0.13493554 | AE39: =IF(AC39=MAX(AA39:AC39),"TVK",IF(AB39=MAX(AA39:AC39),"DMK+","AIADMK+")) -> DMK+ | AF39: =IF(AE39=R39,"Yes","No") -> No | AG39: =IF(AE39=P39,"No","Yes") -> Yes | AH39: =IF(H39=MAX(D39,E39,H39),"TVK",IF(E39=MAX(D39,E39,H39),"DMK+","AIADMK+")) -> TVK | AI39: =EXP(AA39)/(EXP(AA39)+EXP(AB39)+EXP(AC39)) -> 0.42584818 | AJ39: =EXP(AB39)/(EXP(AA39)+EXP(AB39)+EXP(AC39)) -> 0.43921628 | AK39: AIADMK+ | AL39: =IF(AK39=R39,"Yes","No") -> Yes | AM39: =IF(AK39="TVK",AD39,IF(AK39="DMK+",AJ39,AI39)) -> 0.42584818 | AN39: =IF(AK39=P39,"No","Yes") -> Yes
A40: 36 | B40: Uthiramerur | C40: Kancheepuram | D40: 11 | E40: 11 | H40: 3 | I40: =SUM(D40:H40) -> 25 | J40: =IF($I40=0,0,D40/$I40) -> 0.44 | K40: =IF($I40=0,0,E40/$I40) -> 0.44 | L40: =IF($I40=0,0,F40/$I40) -> 0 | M40: =IF($I40=0,0,G40/$I40) -> 0 | N40: =IF($I40=0,0,H40/$I40) -> 0.12 | O40: DMK | P40: =IF(O40="TVK","TVK",IF(O40="DMK","DMK+",IF(O40="ADMK","AIADMK+",""))) -> DMK+ | Q40: TVK | R40: TVK | S40: =IF(P40=R40,"Yes","No") -> No | U40: =IFERROR(SUMIFS($D$5:$D$238,$C$5:$C$238,$C40)/SUMIFS($I$5:$I$238,$C$5:$C$238,$C40),0) -> 0.25185185 | V40: =IFERROR(SUMIFS($E$5:$E$238,$C$5:$C$238,$C40)/SUMIFS($I$5:$I$238,$C$5:$C$238,$C40),0) -> 0.28888889 | W40: =IFERROR(SUMIFS($F$5:$F$238,$C$5:$C$238,$C40)/SUMIFS($I$5:$I$238,$C$5:$C$238,$C40),0) -> 0 | X40: =IFERROR(SUMIFS($G$5:$G$238,$C$5:$C$238,$C40)/SUMIFS($I$5:$I$238,$C$5:$C$238,$C40),0) -> 0.059259259 | Y40: =IFERROR(SUMIFS($H$5:$H$238,$C$5:$C$238,$C40)/SUMIFS($I$5:$I$238,$C$5:$C$238,$C40),0) -> 0.4 | Z40: =LN(MAX(I40,1)) -> 3.2188758 | AA40: =Calibration!$M$35+Calibration!$N$35+SUMPRODUCT(Calibration!$B$35:$F$35,J40:N40)+SUMPRODUCT(Calibration!$G$35:$K$35,U40:Y40)+Calibration!$L$35*Z40 -> 0.49345005 | AB40: =Calibration!$M$36+Calibration!$N$36+SUMPRODUCT(Calibration!$B$36:$F$36,J40:N40)+SUMPRODUCT(Calibration!$G$36:$K$36,U40:Y40)+Calibration!$L$36*Z40 -> 0.71950873 | AC40: =Calibration!$M$37+Calibration!$N$37+SUMPRODUCT(Calibration!$B$37:$F$37,J40:N40)+SUMPRODUCT(Calibration!$G$37:$K$37,U40:Y40)+Calibration!$L$37*Z40 -> -0.38795837 | AD40: =EXP(AC40)/(EXP(AA40)+EXP(AB40)+EXP(AC40)) -> 0.15525588 | AE40: =IF(AC40=MAX(AA40:AC40),"TVK",IF(AB40=MAX(AA40:AC40),"DMK+","AIADMK+")) -> DMK+ | AF40: =IF(AE40=R40,"Yes","No") -> No | AG40: =IF(AE40=P40,"No","Yes") -> No | AH40: =IF(H40=MAX(D40,E40,H40),"TVK",IF(E40=MAX(D40,E40,H40),"DMK+","AIADMK+")) -> DMK+ | AI40: =EXP(AA40)/(EXP(AA40)+EXP(AB40)+EXP(AC40)) -> 0.3748339 | AJ40: =EXP(AB40)/(EXP(AA40)+EXP(AB40)+EXP(AC40)) -> 0.46991023 | AK40: TVK | AL40: =IF(AK40=R40,"Yes","No") -> Yes | AM40: =IF(AK40="TVK",AD40,IF(AK40="DMK+",AJ40,AI40)) -> 0.15525588 | AN40: =IF(AK40=P40,"No","Yes") -> Yes
A41: 37 | B41: Kancheepuram | C41: Kancheepuram | D41: 11 | E41: 12 | G41: 5 | H41: 34 | I41: =SUM(D41:H41) -> 62 | J41: =IF($I41=0,0,D41/$I41) -> 0.17741935 | K41: =IF($I41=0,0,E41/$I41) -> 0.19354839 | L41: =IF($I41=0,0,F41/$I41) -> 0 | M41: =IF($I41=0,0,G41/$I41) -> 0.080645161 | N41: =IF($I41=0,0,H41/$I41) -> 0.5483871 | O41: TVK | P41: =IF(O41="TVK","TVK",IF(O41="DMK","DMK+",IF(O41="ADMK","AIADMK+",""))) -> TVK | Q41: TVK | R41: TVK | S41: =IF(P41=R41,"Yes","No") -> Yes | U41: =IFERROR(SUMIFS($D$5:$D$238,$C$5:$C$238,$C41)/SUMIFS($I$5:$I$238,$C$5:$C$238,$C41),0) -> 0.25185185 | V41: =IFERROR(SUMIFS($E$5:$E$238,$C$5:$C$238,$C41)/SUMIFS($I$5:$I$238,$C$5:$C$238,$C41),0) -> 0.28888889 | W41: =IFERROR(SUMIFS($F$5:$F$238,$C$5:$C$238,$C41)/SUMIFS($I$5:$I$238,$C$5:$C$238,$C41),0) -> 0 | X41: =IFERROR(SUMIFS($G$5:$G$238,$C$5:$C$238,$C41)/SUMIFS($I$5:$I$238,$C$5:$C$238,$C41),0) -> 0.059259259 | Y41: =IFERROR(SUMIFS($H$5:$H$238,$C$5:$C$238,$C41)/SUMIFS($I$5:$I$238,$C$5:$C$238,$C41),0) -> 0.4 | Z41: =LN(MAX(I41,1)) -> 4.1271344 | AA41: =Calibration!$M$35+Calibration!$N$35+SUMPRODUCT(Calibration!$B$35:$F$35,J41:N41)+SUMPRODUCT(Calibration!$G$35:$K$35,U41:Y41)+Calibration!$L$35*Z41 -> -0.11140477 | AB41: =Calibration!$M$36+Calibration!$N$36+SUMPRODUCT(Calibration!$B$36:$F$36,J41:N41)+SUMPRODUCT(Calibration!$G$36:$K$36,U41:Y41)+Calibration!$L$36*Z41 -> -0.023827798 | AC41: =Calibration!$M$37+Calibration!$N$37+SUMPRODUCT(Calibration!$B$37:$F$37,J41:N41)+SUMPRODUCT(Calibration!$G$37:$K$37,U41:Y41)+Calibration!$L$37*Z41 -> 0.9602334 | AD41: =EXP(AC41)/(EXP(AA41)+EXP(AB41)+EXP(AC41)) -> 0.58267009 | AE41: =IF(AC41=MAX(AA41:AC41),"TVK",IF(AB41=MAX(AA41:AC41),"DMK+","AIADMK+")) -> TVK | AF41: =IF(AE41=R41,"Yes","No") -> Yes | AG41: =IF(AE41=P41,"No","Yes") -> No | AH41: =IF(H41=MAX(D41,E41,H41),"TVK",IF(E41=MAX(D41,E41,H41),"DMK+","AIADMK+")) -> TVK | AI41: =EXP(AA41)/(EXP(AA41)+EXP(AB41)+EXP(AC41)) -> 0.19953367 | AJ41: =EXP(AB41)/(EXP(AA41)+EXP(AB41)+EXP(AC41)) -> 0.21779624 | AK41: TVK | AL41: =IF(AK41=R41,"Yes","No") -> Yes | AM41: =IF(AK41="TVK",AD41,IF(AK41="DMK+",AJ41,AI41)) -> 0.58267009 | AN41: =IF(AK41=P41,"No","Yes") -> No
A42: 38 | B42: Arakkonam | C42: Ranipet | D42: 14 | E42: 5 | G42: 3 | H42: 9 | I42: =SUM(D42:H42) -> 31 | J42: =IF($I42=0,0,D42/$I42) -> 0.4516129 | K42: =IF($I42=0,0,E42/$I42) -> 0.16129032 | L42: =IF($I42=0,0,F42/$I42) -> 0 | M42: =IF($I42=0,0,G42/$I42) -> 0.096774194 | N42: =IF($I42=0,0,H42/$I42) -> 0.29032258 | O42: ADMK | P42: =IF(O42="TVK","TVK",IF(O42="DMK","DMK+",IF(O42="ADMK","AIADMK+",""))) -> AIADMK+ | Q42: TVK | R42: TVK | S42: =IF(P42=R42,"Yes","No") -> No | U42: =IFERROR(SUMIFS($D$5:$D$238,$C$5:$C$238,$C42)/SUMIFS($I$5:$I$238,$C$5:$C$238,$C42),0) -> 0.32727273 | V42: =IFERROR(SUMIFS($E$5:$E$238,$C$5:$C$238,$C42)/SUMIFS($I$5:$I$238,$C$5:$C$238,$C42),0) -> 0.23636364 | W42: =IFERROR(SUMIFS($F$5:$F$238,$C$5:$C$238,$C42)/SUMIFS($I$5:$I$238,$C$5:$C$238,$C42),0) -> 0 | X42: =IFERROR(SUMIFS($G$5:$G$238,$C$5:$C$238,$C42)/SUMIFS($I$5:$I$238,$C$5:$C$238,$C42),0) -> 0.1 | Y42: =IFERROR(SUMIFS($H$5:$H$238,$C$5:$C$238,$C42)/SUMIFS($I$5:$I$238,$C$5:$C$238,$C42),0) -> 0.33636364 | Z42: =LN(MAX(I42,1)) -> 3.4339872 | AA42: =Calibration!$M$35+Calibration!$N$35+SUMPRODUCT(Calibration!$B$35:$F$35,J42:N42)+SUMPRODUCT(Calibration!$G$35:$K$35,U42:Y42)+Calibration!$L$35*Z42 -> 0.63327403 | AB42: =Calibration!$M$36+Calibration!$N$36+SUMPRODUCT(Calibration!$B$36:$F$36,J42:N42)+SUMPRODUCT(Calibration!$G$36:$K$36,U42:Y42)+Calibration!$L$36*Z42 -> 0.23197151 | AC42: =Calibration!$M$37+Calibration!$N$37+SUMPRODUCT(Calibration!$B$37:$F$37,J42:N42)+SUMPRODUCT(Calibration!$G$37:$K$37,U42:Y42)+Calibration!$L$37*Z42 -> -0.040245007 | AD42: =EXP(AC42)/(EXP(AA42)+EXP(AB42)+EXP(AC42)) -> 0.23397299 | AE42: =IF(AC42=MAX(AA42:AC42),"TVK",IF(AB42=MAX(AA42:AC42),"DMK+","AIADMK+")) -> AIADMK+ | AF42: =IF(AE42=R42,"Yes","No") -> No | AG42: =IF(AE42=P42,"No","Yes") -> No | AH42: =IF(H42=MAX(D42,E42,H42),"TVK",IF(E42=MAX(D42,E42,H42),"DMK+","AIADMK+")) -> AIADMK+ | AI42: =EXP(AA42)/(EXP(AA42)+EXP(AB42)+EXP(AC42)) -> 0.45885061 | AJ42: =EXP(AB42)/(EXP(AA42)+EXP(AB42)+EXP(AC42)) -> 0.3071764 | AK42: TVK | AL42: =IF(AK42=R42,"Yes","No") -> Yes | AM42: =IF(AK42="TVK",AD42,IF(AK42="DMK+",AJ42,AI42)) -> 0.23397299 | AN42: =IF(AK42=P42,"No","Yes") -> Yes
A43: 39 | B43: Sholingur | C43: Ranipet | D43: 6 | E43: 3 | G43: 4 | H43: 4 | I43: =SUM(D43:H43) -> 17 | J43: =IF($I43=0,0,D43/$I43) -> 0.35294118 | K43: =IF($I43=0,0,E43/$I43) -> 0.17647059 | L43: =IF($I43=0,0,F43/$I43) -> 0 | M43: =IF($I43=0,0,G43/$I43) -> 0.23529412 | N43: =IF($I43=0,0,H43/$I43) -> 0.23529412 | O43: ADMK | P43: =IF(O43="TVK","TVK",IF(O43="DMK","DMK+",IF(O43="ADMK","AIADMK+",""))) -> AIADMK+ | Q43: TVK | R43: TVK | S43: =IF(P43=R43,"Yes","No") -> No | U43: =IFERROR(SUMIFS($D$5:$D$238,$C$5:$C$238,$C43)/SUMIFS($I$5:$I$238,$C$5:$C$238,$C43),0) -> 0.32727273 | V43: =IFERROR(SUMIFS($E$5:$E$238,$C$5:$C$238,$C43)/SUMIFS($I$5:$I$238,$C$5:$C$238,$C43),0) -> 0.23636364 | W43: =IFERROR(SUMIFS($F$5:$F$238,$C$5:$C$238,$C43)/SUMIFS($I$5:$I$238,$C$5:$C$238,$C43),0) -> 0 | X43: =IFERROR(SUMIFS($G$5:$G$238,$C$5:$C$238,$C43)/SUMIFS($I$5:$I$238,$C$5:$C$238,$C43),0) -> 0.1 | Y43: =IFERROR(SUMIFS($H$5:$H$238,$C$5:$C$238,$C43)/SUMIFS($I$5:$I$238,$C$5:$C$238,$C43),0) -> 0.33636364 | Z43: =LN(MAX(I43,1)) -> 2.8332133 | AA43: =Calibration!$M$35+Calibration!$N$35+SUMPRODUCT(Calibration!$B$35:$F$35,J43:N43)+SUMPRODUCT(Calibration!$G$35:$K$35,U43:Y43)+Calibration!$L$35*Z43 -> 0.86356465 | AB43: =Calibration!$M$36+Calibration!$N$36+SUMPRODUCT(Calibration!$B$36:$F$36,J43:N43)+SUMPRODUCT(Calibration!$G$36:$K$36,U43:Y43)+Calibration!$L$36*Z43 -> 0.73856892 | AC43: =Calibration!$M$37+Calibration!$N$37+SUMPRODUCT(Calibration!$B$37:$F$37,J43:N43)+SUMPRODUCT(Calibration!$G$37:$K$37,U43:Y43)+Calibration!$L$37*Z43 -> -0.7771331 | AD43: =EXP(AC43)/(EXP(AA43)+EXP(AB43)+EXP(AC43)) -> 0.093358618 | AE43: =IF(AC43=MAX(AA43:AC43),"TVK",IF(AB43=MAX(AA43:AC43),"DMK+","AIADMK+")) -> AIADMK+ | AF43: =IF(AE43=R43,"Yes","No") -> No | AG43: =IF(AE43=P43,"No","Yes") -> No | AH43: =IF(H43=MAX(D43,E43,H43),"TVK",IF(E43=MAX(D43,E43,H43),"DMK+","AIADMK+")) -> AIADMK+ | AI43: =EXP(AA43)/(EXP(AA43)+EXP(AB43)+EXP(AC43)) -> 0.48161544 | AJ43: =EXP(AB43)/(EXP(AA43)+EXP(AB43)+EXP(AC43)) -> 0.42502595 | AK43: AIADMK+ | AL43: =IF(AK43=R43,"Yes","No") -> No | AM43: =IF(AK43="TVK",AD43,IF(AK43="DMK+",AJ43,AI43)) -> 0.48161544 | AN43: =IF(AK43=P43,"No","Yes") -> No
