Workbook

Sheet Summary
A1: TN 2026 Exit Poll Analysis — data export
A2: Export of the "TN 2026 Exit Poll Analysis" dashboard. Blue = counts from the survey file; black = formulas.
A4: Headline
A5: Votes analysed | B5: ='Statewide Votes'!G5 -> 31316
A6: With district or AC | B6: ='Statewide Votes'!G6 -> 11449
A7: Vote only (no location) | B7: ='Statewide Votes'!G7 -> 19867
A8: Constituencies covered | B8: =COUNTA('AC Results'!$A$5:$A$238) -> 234
A9: Firm calls (Strong + Lean) | B9: =COUNTIF('AC Results'!$V$5:$V$238,"Strong")+COUNTIF('AC Results'!$V$5:$V$238,"Lean") -> 159
A11: Vote share
A12: Respondent group | B12: TVK | C12: AIADMK+ | D12: DMK+ | E12: NTK | F12: NOTA
A13: All responses | B13: ='Statewide Votes'!H5 -> 0.34780943 | C13: ='Statewide Votes'!I5 -> 0.28279474 | D13: ='Statewide Votes'!J5 -> 0.29205518 | E13: ='Statewide Votes'!K5 -> 0.069389449 | F13: ='Statewide Votes'!L5 -> 0.0079512071
A14: With district or AC | B14: ='Statewide Votes'!H6 -> 0.39243602 | C14: ='Statewide Votes'!I6 -> 0.27539523 | D14: ='Statewide Votes'!J6 -> 0.24770722 | E14: ='Statewide Votes'!K6 -> 0.078172766 | F14: ='Statewide Votes'!L6 -> 0.0062887588
A15: Vote only (no location) | B15: ='Statewide Votes'!H7 -> 0.32209191 | C15: ='Statewide Votes'!I7 -> 0.28705894 | D15: ='Statewide Votes'!J7 -> 0.31761212 | E15: ='Statewide Votes'!K7 -> 0.06432778 | F15: ='Statewide Votes'!L7 -> 0.0089092465
A17: Projected seats (234)
A18: Party | B18: Seats | C18: Strong | D18: Lean | E18: Toss-up | F18: Low sample
A19: TVK | B19: =COUNTIF('AC Results'!$S$5:$S$238,A19) -> 115 | C19: =COUNTIFS('AC Results'!$S$5:$S$238,$A19,'AC Results'!$V$5:$V$238,"Strong") -> 37 | D19: =COUNTIFS('AC Results'!$S$5:$S$238,$A19,'AC Results'!$V$5:$V$238,"Lean") -> 46 | E19: =COUNTIFS('AC Results'!$S$5:$S$238,$A19,'AC Results'!$V$5:$V$238,"Toss-up") -> 32 | F19: =COUNTIFS('AC Results'!$S$5:$S$238,$A19,'AC Results'!$V$5:$V$238,"Low sample") -> 0
A20: AIADMK+BJP+PMK+AMMK | B20: =COUNTIF('AC Results'!$S$5:$S$238,A20) -> 60 | C20: =COUNTIFS('AC Results'!$S$5:$S$238,$A20,'AC Results'!$V$5:$V$238,"Strong") -> 18 | D20: =COUNTIFS('AC Results'!$S$5:$S$238,$A20,'AC Results'!$V$5:$V$238,"Lean") -> 25 | E20: =COUNTIFS('AC Results'!$S$5:$S$238,$A20,'AC Results'!$V$5:$V$238,"Toss-up") -> 16 | F20: =COUNTIFS('AC Results'!$S$5:$S$238,$A20,'AC Results'!$V$5:$V$238,"Low sample") -> 1
A21: DMK+INC+VCK | B21: =COUNTIF('AC Results'!$S$5:$S$238,A21) -> 56 | C21: =COUNTIFS('AC Results'!$S$5:$S$238,$A21,'AC Results'!$V$5:$V$238,"Strong") -> 13 | D21: =COUNTIFS('AC Results'!$S$5:$S$238,$A21,'AC Results'!$V$5:$V$238,"Lean") -> 18 | E21: =COUNTIFS('AC Results'!$S$5:$S$238,$A21,'AC Results'!$V$5:$V$238,"Toss-up") -> 25 | F21: =COUNTIFS('AC Results'!$S$5:$S$238,$A21,'AC Results'!$V$5:$V$238,"Low sample") -> 0
A22: NTK | B22: =COUNTIF('AC Results'!$S$5:$S$238,A22) -> 3 | C22: =COUNTIFS('AC Results'!$S$5:$S$238,$A22,'AC Results'!$V$5:$V$238,"Strong") -> 1 | D22: =COUNTIFS('AC Results'!$S$5:$S$238,$A22,'AC Results'!$V$5:$V$238,"Lean") -> 1 | E22: =COUNTIFS('AC Results'!$S$5:$S$238,$A22,'AC Results'!$V$5:$V$238,"Toss-up") -> 1 | F22: =COUNTIFS('AC Results'!$S$5:$S$238,$A22,'AC Results'!$V$5:$V$238,"Low sample") -> 0
A23: Tie | B23: =COUNTIF('AC Results'!$S$5:$S$238,A23) -> 0 | C23: =COUNTIFS('AC Results'!$S$5:$S$238,$A23,'AC Results'!$V$5:$V$238,"Strong") -> 0 | D23: =COUNTIFS('AC Results'!$S$5:$S$238,$A23,'AC Results'!$V$5:$V$238,"Lean") -> 0 | E23: =COUNTIFS('AC Results'!$S$5:$S$238,$A23,'AC Results'!$V$5:$V$238,"Toss-up") -> 0 | F23: =COUNTIFS('AC Results'!$S$5:$S$238,$A23,'AC Results'!$V$5:$V$238,"Low sample") -> 0
A24: Total | B24: =SUM(B19:B23) -> 234 | C24: =SUM(C19:C23) -> 69 | D24: =SUM(D19:D23) -> 90 | E24: =SUM(E19:E23) -> 74 | F24: =SUM(F19:F23) -> 1
A25: Majority = 118. Seats use shares shifted to all 31,316 votes (uniform swing); see Statewide Votes.
A27: Districts led
A28: Party | B28: Districts
A29: TVK | B29: =COUNTIF('District Results'!$M$5:$M$42,A29) -> 22
A30: AIADMK+BJP+PMK+AMMK | B30: =COUNTIF('District Results'!$M$5:$M$42,A30) -> 8
A31: DMK+INC+VCK | B31: =COUNTIF('District Results'!$M$5:$M$42,A31) -> 8

Sheet Statewide Votes
A1: Statewide votes by respondent group
A2: Source: TN Election Poll 2026 file (7 forms), 31,316 responses with a party chosen, no rows removed. "Others" was already counted under DMK+INC+VCK in the file.
A4: Respondent group | B4: TVK votes | C4: AIADMK+ votes | D4: DMK+ votes | E4: NTK votes | F4: NOTA votes | G4: Total | H4: TVK share | I4: AIADMK+ share | J4: DMK+ share | K4: NTK share | L4: NOTA share
A5: All responses | B5: 10892 | C5: 8856 | D5: 9146 | E5: 2173 | F5: 249 | G5: =SUM(B5:F5) -> 31316 | H5: =IF($G5=0,0,B5/$G5) -> 0.34780943 | I5: =IF($G5=0,0,C5/$G5) -> 0.28279474 | J5: =IF($G5=0,0,D5/$G5) -> 0.29205518 | K5: =IF($G5=0,0,E5/$G5) -> 0.069389449 | L5: =IF($G5=0,0,F5/$G5) -> 0.0079512071
A6: With district or AC | B6: 4493 | C6: 3153 | D6: 2836 | E6: 895 | F6: 72 | G6: =SUM(B6:F6) -> 11449 | H6: =IF($G6=0,0,B6/$G6) -> 0.39243602 | I6: =IF($G6=0,0,C6/$G6) -> 0.27539523 | J6: =IF($G6=0,0,D6/$G6) -> 0.24770722 | K6: =IF($G6=0,0,E6/$G6) -> 0.078172766 | L6: =IF($G6=0,0,F6/$G6) -> 0.0062887588
A7: Vote only (no location) | B7: 6399 | C7: 5703 | D7: 6310 | E7: 1278 | F7: 177 | G7: =SUM(B7:F7) -> 19867 | H7: =IF($G7=0,0,B7/$G7) -> 0.32209191 | I7: =IF($G7=0,0,C7/$G7) -> 0.28705894 | J7: =IF($G7=0,0,D7/$G7) -> 0.31761212 | K7: =IF($G7=0,0,E7/$G7) -> 0.06432778 | L7: =IF($G7=0,0,F7/$G7) -> 0.0089092465
A9: Shift to all 31,316 votes (pts) | H9: =(H5-H6)*100 -> -4.4626594 | I9: =(I5-I6)*100 -> 0.73995065 | J9: =(J5-J6)*100 -> 4.4347956 | K9: =(K5-K6)*100 -> -0.87833167 | L9: =(L5-L6)*100 -> 0.16624482
A10: Shift = share among all votes minus share among votes with a location. It is added to every district and constituency share (uniform swing), so located results match the full sample level.

Sheet AC Results
A1: Constituency-wise winners — shares shifted to all 31,316 votes
A2: Raw = share of that AC's own responses. Adjusted = raw + statewide shift (floored at 0). Confidence: Tie if margin 0; Low sample if n<10; Strong if n≥30 and margin ≥10 pts; Lean if margin ≥5; else Toss-up.
A4: Constituency | B4: District | C4: TVK votes | D4: AIADMK+ votes | E4: DMK+ votes | F4: NTK votes | G4: NOTA votes | H4: Responses (n) | I4: TVK raw % | J4: AIADMK+ raw % | K4: DMK+ raw % | L4: NTK raw % | M4: NOTA raw % | N4: TVK adjusted % | O4: AIADMK+ adjusted % | P4: DMK+ adjusted % | Q4: NTK adjusted % | R4: NOTA adjusted % | S4: Winner | T4: Runner-up | U4: Margin (pts) | V4: Confidence | W4: Winner before shift | X4: Winner % | Y4: District (2026 ECI grouping)
A5: Ariyalur | B5: Ariyalur | C5: 18 | D5: 16 | E5: 9 | F5: 8 | G5: 0 | H5: =SUM(C5:G5) -> 51 | I5: =IF($H5=0,0,C5/$H5) -> 0.35294118 | J5: =IF($H5=0,0,D5/$H5) -> 0.31372549 | K5: =IF($H5=0,0,E5/$H5) -> 0.17647059 | L5: =IF($H5=0,0,F5/$H5) -> 0.15686275 | M5: =IF($H5=0,0,G5/$H5) -> 0 | N5: =MAX(0,I5+'Statewide Votes'!$H$9/100) -> 0.30831458 | O5: =MAX(0,J5+'Statewide Votes'!$I$9/100) -> 0.321125 | P5: =MAX(0,K5+'Statewide Votes'!$J$9/100) -> 0.22081854 | Q5: =MAX(0,L5+'Statewide Votes'!$K$9/100) -> 0.14807943 | R5: =MAX(0,M5+'Statewide Votes'!$L$9/100) -> 0.0016624482 | S5: =IF(U5=0,"Tie",INDEX({"TVK","AIADMK+BJP+PMK+AMMK","DMK+INC+VCK","NTK","NOTA"},MATCH(MAX(N5:R5),N5:R5,0))) -> AIADMK+BJP+PMK+AMMK | T5: =INDEX({"TVK","AIADMK+BJP+PMK+AMMK","DMK+INC+VCK","NTK","NOTA"},MATCH(LARGE(N5:R5,2),N5:R5,0)) -> TVK | U5: =ROUND((LARGE(N5:R5,1)-LARGE(N5:R5,2))*100,1) -> 1.3 | V5: =IF(U5=0,"Tie",IF(H5<10,"Low sample",IF(AND(H5>=30,U5>=10),"Strong",IF(U5>=5,"Lean","Toss-up")))) -> Toss-up | W5: =IF(LARGE(I5:M5,1)=LARGE(I5:M5,2),"Tie",INDEX({"TVK","AIADMK+BJP+PMK+AMMK","DMK+INC+VCK","NTK","NOTA"},MATCH(MAX(I5:M5),I5:M5,0))) -> TVK | X5: =MAX(N5:R5) -> 0.321125 | Y5: =IF(ISNUMBER(MATCH(A5,{"Maduravoyal","Ambattur","Madavaram","Thiruvottiyur","Sholinganallur","Alandur"},0)),"Chennai",B5) -> Ariyalur
A6: Jayankondam | B6: Ariyalur | C6: 14 | D6: 12 | E6: 5 | F6: 1 | G6: 0 | H6: =SUM(C6:G6) -> 32 | I6: =IF($H6=0,0,C6/$H6) -> 0.4375 | J6: =IF($H6=0,0,D6/$H6) -> 0.375 | K6: =IF($H6=0,0,E6/$H6) -> 0.15625 | L6: =IF($H6=0,0,F6/$H6) -> 0.03125 | M6: =IF($H6=0,0,G6/$H6) -> 0 | N6: =MAX(0,I6+'Statewide Votes'!$H$9/100) -> 0.39287341 | O6: =MAX(0,J6+'Statewide Votes'!$I$9/100) -> 0.38239951 | P6: =MAX(0,K6+'Statewide Votes'!$J$9/100) -> 0.20059796 | Q6: =MAX(0,L6+'Statewide Votes'!$K$9/100) -> 0.022466683 | R6: =MAX(0,M6+'Statewide Votes'!$L$9/100) -> 0.0016624482 | S6: =IF(U6=0,"Tie",INDEX({"TVK","AIADMK+BJP+PMK+AMMK","DMK+INC+VCK","NTK","NOTA"},MATCH(MAX(N6:R6),N6:R6,0))) -> TVK | T6: =INDEX({"TVK","AIADMK+BJP+PMK+AMMK","DMK+INC+VCK","NTK","NOTA"},MATCH(LARGE(N6:R6,2),N6:R6,0)) -> AIADMK+BJP+PMK+AMMK | U6: =ROUND((LARGE(N6:R6,1)-LARGE(N6:R6,2))*100,1) -> 1 | V6: =IF(U6=0,"Tie",IF(H6<10,"Low sample",IF(AND(H6>=30,U6>=10),"Strong",IF(U6>=5,"Lean","Toss-up")))) -> Toss-up | W6: =IF(LARGE(I6:M6,1)=LARGE(I6:M6,2),"Tie",INDEX({"TVK","AIADMK+BJP+PMK+AMMK","DMK+INC+VCK","NTK","NOTA"},MATCH(MAX(I6:M6),I6:M6,0))) -> TVK | X6: =MAX(N6:R6) -> 0.39287341 | Y6: =IF(ISNUMBER(MATCH(A6,{"Maduravoyal","Ambattur","Madavaram","Thiruvottiyur","Sholinganallur","Alandur"},0)),"Chennai",B6) -> Ariyalur
A7: Chengalpattu | B7: Chengalpattu | C7: 35 | D7: 13 | E7: 13 | F7: 5 | G7: 1 | H7: =SUM(C7:G7) -> 67 | I7: =IF($H7=0,0,C7/$H7) -> 0.52238806 | J7: =IF($H7=0,0,D7/$H7) -> 0.19402985 | K7: =IF($H7=0,0,E7/$H7) -> 0.19402985 | L7: =IF($H7=0,0,F7/$H7) -> 0.074626866 | M7: =IF($H7=0,0,G7/$H7) -> 0.014925373 | N7: =MAX(0,I7+'Statewide Votes'!$H$9/100) -> 0.47776147 | O7: =MAX(0,J7+'Statewide Votes'!$I$9/100) -> 0.20142936 | P7: =MAX(0,K7+'Statewide Votes'!$J$9/100) -> 0.23837781 | Q7: =MAX(0,L7+'Statewide Votes'!$K$9/100) -> 0.065843549 | R7: =MAX(0,M7+'Statewide Votes'!$L$9/100) -> 0.016587821 | S7: =IF(U7=0,"Tie",INDEX({"TVK","AIADMK+BJP+PMK+AMMK","DMK+INC+VCK","NTK","NOTA"},MATCH(MAX(N7:R7),N7:R7,0))) -> TVK | T7: =INDEX({"TVK","AIADMK+BJP+PMK+AMMK","DMK+INC+VCK","NTK","NOTA"},MATCH(LARGE(N7:R7,2),N7:R7,0)) -> DMK+INC+VCK | U7: =ROUND((LARGE(N7:R7,1)-LARGE(N7:R7,2))*100,1) -> 23.9 | V7: =IF(U7=0,"Tie",IF(H7<10,"Low sample",IF(AND(H7>=30,U7>=10),"Strong",IF(U7>=5,"Lean","Toss-up")))) -> Strong | W7: =IF(LARGE(I7:M7,1)=LARGE(I7:M7,2),"Tie",INDEX({"TVK","AIADMK+BJP+PMK+AMMK","DMK+INC+VCK","NTK","NOTA"},MATCH(MAX(I7:M7),I7:M7,0))) -> TVK | X7: =MAX(N7:R7) -> 0.47776147 | Y7: =IF(ISNUMBER(MATCH(A7,{"Maduravoyal","Ambattur","Madavaram","Thiruvottiyur","Sholinganallur","Alandur"},0)),"Chennai",B7) -> Chengalpattu
A8: Cheyyur | B8: Chengalpattu | C8: 6 | D8: 12 | E8: 3 | F8: 1 | G8: 0 | H8: =SUM(C8:G8) -> 22 | I8: =IF($H8=0,0,C8/$H8) -> 0.27272727 | J8: =IF($H8=0,0,D8/$H8) -> 0.54545455 | K8: =IF($H8=0,0,E8/$H8) -> 0.13636364 | L8: =IF($H8=0,0,F8/$H8) -> 0.045454545 | M8: =IF($H8=0,0,G8/$H8) -> 0 | N8: =MAX(0,I8+'Statewide Votes'!$H$9/100) -> 0.22810068 | O8: =MAX(0,J8+'Statewide Votes'!$I$9/100) -> 0.55285405 | P8: =MAX(0,K8+'Statewide Votes'!$J$9/100) -> 0.18071159 | Q8: =MAX(0,L8+'Statewide Votes'!$K$9/100) -> 0.036671229 | R8: =MAX(0,M8+'Statewide Votes'!$L$9/100) -> 0.0016624482 | S8: =IF(U8=0,"Tie",INDEX({"TVK","AIADMK+BJP+PMK+AMMK","DMK+INC+VCK","NTK","NOTA"},MATCH(MAX(N8:R8),N8:R8,0))) -> AIADMK+BJP+PMK+AMMK | T8: =INDEX({"TVK","AIADMK+BJP+PMK+AMMK","DMK+INC+VCK","NTK","NOTA"},MATCH(LARGE(N8:R8,2),N8:R8,0)) -> TVK | U8: =ROUND((LARGE(N8:R8,1)-LARGE(N8:R8,2))*100,1) -> 32.5 | V8: =IF(U8=0,"Tie",IF(H8<10,"Low sample",IF(AND(H8>=30,U8>=10),"Strong",IF(U8>=5,"Lean","Toss-up")))) -> Lean | W8: =IF(LARGE(I8:M8,1)=LARGE(I8:M8,2),"Tie",INDEX({"TVK","AIADMK+BJP+PMK+AMMK","DMK+INC+VCK","NTK","NOTA"},MATCH(MAX(I8:M8),I8:M8,0))) -> AIADMK+BJP+PMK+AMMK | X8: =MAX(N8:R8) -> 0.55285405 | Y8: =IF(ISNUMBER(MATCH(A8,{"Maduravoyal","Ambattur","Madavaram","Thiruvottiyur","Sholinganallur","Alandur"},0)),"Chennai",B8) -> Chengalpattu
A9: Madurantakam | B9: Chengalpattu | C9: 8 | D9: 5 | E9: 4 | F9: 1 | G9: 0 | H9: =SUM(C9:G9) -> 18 | I9: =IF($H9=0,0,C9/$H9) -> 0.44444444 | J9: =IF($H9=0,0,D9/$H9) -> 0.27777778 | K9: =IF($H9=0,0,E9/$H9) -> 0.22222222 | L9: =IF($H9=0,0,F9/$H9) -> 0.055555556 | M9: =IF($H9=0,0,G9/$H9) -> 0 | N9: =MAX(0,I9+'Statewide Votes'!$H$9/100) -> 0.39981785 | O9: =MAX(0,J9+'Statewide Votes'!$I$9/100) -> 0.28517728 | P9: =MAX(0,K9+'Statewide Votes'!$J$9/100) -> 0.26657018 | Q9: =MAX(0,L9+'Statewide Votes'!$K$9/100) -> 0.046772239 | R9: =MAX(0,M9+'Statewide Votes'!$L$9/100) -> 0.0016624482 | S9: =IF(U9=0,"Tie",INDEX({"TVK","AIADMK+BJP+PMK+AMMK","DMK+INC+VCK","NTK","NOTA"},MATCH(MAX(N9:R9),N9:R9,0))) -> TVK | T9: =INDEX({"TVK","AIADMK+BJP+PMK+AMMK","DMK+INC+VCK","NTK","NOTA"},MATCH(LARGE(N9:R9,2),N9:R9,0)) -> AIADMK+BJP+PMK+AMMK | U9: =ROUND((LARGE(N9:R9,1)-LARGE(N9:R9,2))*100,1) -> 11.5 | V9: =IF(U9=0,"Tie",IF(H9<10,"Low sample",IF(AND(H9>=30,U9>=10),"Strong",IF(U9>=5,"Lean","Toss-up")))) -> Lean | W9: =IF(LARGE(I9:M9,1)=LARGE(I9:M9,2),"Tie",INDEX({"TVK","AIADMK+BJP+PMK+AMMK","DMK+INC+VCK","NTK","NOTA"},MATCH(MAX(I9:M9),I9:M9,0))) -> TVK | X9: =MAX(N9:R9) -> 0.39981785 | Y9: =IF(ISNUMBER(MATCH(A9,{"Maduravoyal","Ambattur","Madavaram","Thiruvottiyur","Sholinganallur","Alandur"},0)),"Chennai",B9) -> Chengalpattu
A10: Pallavaram | B10: Chengalpattu | C10: 38 | D10: 26 | E10: 28 | F10: 4 | G10: 0 | H10: =SUM(C10:G10) -> 96 | I10: =IF($H10=0,0,C10/$H10) -> 0.39583333 | J10: =IF($H10=0,0,D10/$H10) -> 0.27083333 | K10: =IF($H10=0,0,E10/$H10) -> 0.29166667 | L10: =IF($H10=0,0,F10/$H10) -> 0.041666667 | M10: =IF($H10=0,0,G10/$H10) -> 0 | N10: =MAX(0,I10+'Statewide Votes'!$H$9/100) -> 0.35120674 | O10: =MAX(0,J10+'Statewide Votes'!$I$9/100) -> 0.27823284 | P10: =MAX(0,K10+'Statewide Votes'!$J$9/100) -> 0.33601462 | Q10: =MAX(0,L10+'Statewide Votes'!$K$9/100) -> 0.03288335 | R10: =MAX(0,M10+'Statewide Votes'!$L$9/100) -> 0.0016624482 | S10: =IF(U10=0,"Tie",INDEX({"TVK","AIADMK+BJP+PMK+AMMK","DMK+INC+VCK","NTK","NOTA"},MATCH(MAX(N10:R10),N10:R10,0))) -> TVK | T10: =INDEX({"TVK","AIADMK+BJP+PMK+AMMK","DMK+INC+VCK","NTK","NOTA"},MATCH(LARGE(N10:R10,2),N10:R10,0)) -> DMK+INC+VCK | U10: =ROUND((LARGE(N10:R10,1)-LARGE(N10:R10,2))*100,1) -> 1.5 | V10: =IF(U10=0,"Tie",IF(H10<10,"Low sample",IF(AND(H10>=30,U10>=10),"Strong",IF(U10>=5,"Lean","Toss-up")))) -> Toss-up | W10: =IF(LARGE(I10:M10,1)=LARGE(I10:M10,2),"Tie",INDEX({"TVK","AIADMK+BJP+PMK+AMMK","DMK+INC+VCK","NTK","NOTA"},MATCH(MAX(I10:M10),I10:M10,0))) -> TVK | X10: =MAX(N10:R10) -> 0.35120674 | Y10: =IF(ISNUMBER(MATCH(A10,{"Maduravoyal","Ambattur","Madavaram","Thiruvottiyur","Sholinganallur","Alandur"},0)),"Chennai",B10) -> Chengalpattu
A11: Sholinganallur | B11: Chengalpattu | C11: 45 | D11: 34 | E11: 22 | F11: 6 | G11: 1 | H11: =SUM(C11:G11) -> 108 | I11: =IF($H11=0,0,C11/$H11) -> 0.41666667 | J11: =IF($H11=0,0,D11/$H11) -> 0.31481481 | K11: =IF($H11=0,0,E11/$H11) -> 0.2037037 | L11: =IF($H11=0,0,F11/$H11) -> 0.055555556 | M11: =IF($H11=0,0,G11/$H11) -> 0.0092592593 | N11: =MAX(0,I11+'Statewide Votes'!$H$9/100) -> 0.37204007 | O11: =MAX(0,J11+'Statewide Votes'!$I$9/100) -> 0.32221432 | P11: =MAX(0,K11+'Statewide Votes'!$J$9/100) -> 0.24805166 | Q11: =MAX(0,L11+'Statewide Votes'!$K$9/100) -> 0.046772239 | R11: =MAX(0,M11+'Statewide Votes'!$L$9/100) -> 0.010921707 | S11: =IF(U11=0,"Tie",INDEX({"TVK","AIADMK+BJP+PMK+AMMK","DMK+INC+VCK","NTK","NOTA"},MATCH(MAX(N11:R11),N11:R11,0))) -> TVK | T11: =INDEX({"TVK","AIADMK+BJP+PMK+AMMK","DMK+INC+VCK","NTK","NOTA"},MATCH(LARGE(N11:R11,2),N11:R11,0)) -> AIADMK+BJP+PMK+AMMK | U11: =ROUND((LARGE(N11:R11,1)-LARGE(N11:R11,2))*100,1) -> 5 | V11: =IF(U11=0,"Tie",IF(H11<10,"Low sample",IF(AND(H11>=30,U11>=10),"Strong",IF(U11>=5,"Lean","Toss-up")))) -> Lean | W11: =IF(LARGE(I11:M11,1)=LARGE(I11:M11,2),"Tie",INDEX({"TVK","AIADMK+BJP+PMK+AMMK","DMK+INC+VCK","NTK","NOTA"},MATCH(MAX(I11:M11),I11:M11,0))) -> TVK | X11: =MAX(N11:R11) -> 0.37204007 | Y11: =IF(ISNUMBER(MATCH(A11,{"Maduravoyal","Ambattur","Madavaram","Thiruvottiyur","Sholinganallur","Alandur"},0)),"Chennai",B11) -> Chennai
A12: Tambaram | B12: Chengalpattu | C12: 31 | D12: 25 | E12: 24 | F12: 6 | G12: 2 | H12: =SUM(C12:G12) -> 88 | I12: =IF($H12=0,0,C12/$H12) -> 0.35227273 | J12: =IF($H12=0,0,D12/$H12) -> 0.28409091 | K12: =IF($H12=0,0,E12/$H12) -> 0.27272727 | L12: =IF($H12=0,0,F12/$H12) -> 0.068181818 | M12: =IF($H12=0,0,G12/$H12) -> 0.022727273 | N12: =MAX(0,I12+'Statewide Votes'!$H$9/100) -> 0.30764613 | O12: =MAX(0,J12+'Statewide Votes'!$I$9/100) -> 0.29149042 | P12: =MAX(0,K12+'Statewide Votes'!$J$9/100) -> 0.31707523 | Q12: =MAX(0,L12+'Statewide Votes'!$K$9/100) -> 0.059398501 | R12: =MAX(0,M12+'Statewide Votes'!$L$9/100) -> 0.024389721 | S12: =IF(U12=0,"Tie",INDEX({"TVK","AIADMK+BJP+PMK+AMMK","DMK+INC+VCK","NTK","NOTA"},MATCH(MAX(N12:R12),N12:R12,0))) -> DMK+INC+VCK | T12: =INDEX({"TVK","AIADMK+BJP+PMK+AMMK","DMK+INC+VCK","NTK","NOTA"},MATCH(LARGE(N12:R12,2),N12:R12,0)) -> TVK | U12: =ROUND((LARGE(N12:R12,1)-LARGE(N12:R12,2))*100,1) -> 0.9 | V12: =IF(U12=0,"Tie",IF(H12<10,"Low sample",IF(AND(H12>=30,U12>=10),"Strong",IF(U12>=5,"Lean","Toss-up")))) -> Toss-up | W12: =IF(LARGE(I12:M12,1)=LARGE(I12:M12,2),"Tie",INDEX({"TVK","AIADMK+BJP+PMK+AMMK","DMK+INC+VCK","NTK","NOTA"},MATCH(MAX(I12:M12),I12:M12,0))) -> TVK | X12: =MAX(N12:R12) -> 0.31707523 | Y12: =IF(ISNUMBER(MATCH(A12,{"Maduravoyal","Ambattur","Madavaram","Thiruvottiyur","Sholinganallur","Alandur"},0)),"Chennai",B12) -> Chengalpattu
A13: Thiruporur | B13: Chengalpattu | C13: 20 | D13: 7 | E13: 2 | F13: 5 | G13: 0 | H13: =SUM(C13:G13) -> 34 | I13: =IF($H13=0,0,C13/$H13) -> 0.58823529 | J13: =IF($H13=0,0,D13/$H13) -> 0.20588235 | K13: =IF($H13=0,0,E13/$H13) -> 0.058823529 | L13: =IF($H13=0,0,F13/$H13) -> 0.14705882 | M13: =IF($H13=0,0,G13/$H13) -> 0 | N13: =MAX(0,I13+'Statewide Votes'!$H$9/100) -> 0.5436087 | O13: =MAX(0,J13+'Statewide Votes'!$I$9/100) -> 0.21328186 | P13: =MAX(0,K13+'Statewide Votes'!$J$9/100) -> 0.10317149 | Q13: =MAX(0,L13+'Statewide Votes'!$K$9/100) -> 0.13827551 | R13: =MAX(0,M13+'Statewide Votes'!$L$9/100) -> 0.0016624482 | S13: =IF(U13=0,"Tie",INDEX({"TVK","AIADMK+BJP+PMK+AMMK","DMK+INC+VCK","NTK","NOTA"},MATCH(MAX(N13:R13),N13:R13,0))) -> TVK | T13: =INDEX({"TVK","AIADMK+BJP+PMK+AMMK","DMK+INC+VCK","NTK","NOTA"},MATCH(LARGE(N13:R13,2),N13:R13,0)) -> AIADMK+BJP+PMK+AMMK | U13: =ROUND((LARGE(N13:R13,1)-LARGE(N13:R13,2))*100,1) -> 33 | V13: =IF(U13=0,"Tie",IF(H13<10,"Low sample",IF(AND(H13>=30,U13>=10),"Strong",IF(U13>=5,"Lean","Toss-up")))) -> Strong | W13: =IF(LARGE(I13:M13,1)=LARGE(I13:M13,2),"Tie",INDEX({"TVK","AIADMK+BJP+PMK+AMMK","DMK+INC+VCK","NTK","NOTA"},MATCH(MAX(I13:M13),I13:M13,0))) -> TVK | X13: =MAX(N13:R13) -> 0.5436087 | Y13: =IF(ISNUMBER(MATCH(A13,{"Maduravoyal","Ambattur","Madavaram","Thiruvottiyur","Sholinganallur","Alandur"},0)),"Chennai",B13) -> Chengalpattu
A14: Anna Nagar | B14: Chennai | C14: 21 | D14: 14 | E14: 10 | F14: 2 | G14: 2 | H14: =SUM(C14:G14) -> 49 | I14: =IF($H14=0,0,C14/$H14) -> 0.42857143 | J14: =IF($H14=0,0,D14/$H14) -> 0.28571429 | K14: =IF($H14=0,0,E14/$H14) -> 0.20408163 | L14: =IF($H14=0,0,F14/$H14) -> 0.040816327 | M14: =IF($H14=0,0,G14/$H14) -> 0.040816327 | N14: =MAX(0,I14+'Statewide Votes'!$H$9/100) -> 0.38394483 | O14: =MAX(0,J14+'Statewide Votes'!$I$9/100) -> 0.29311379 | P14: =MAX(0,K14+'Statewide Votes'!$J$9/100) -> 0.24842959 | Q14: =MAX(0,L14+'Statewide Votes'!$K$9/100) -> 0.03203301 | R14: =MAX(0,M14+'Statewide Votes'!$L$9/100) -> 0.042478775 | S14: =IF(U14=0,"Tie",INDEX({"TVK","AIADMK+BJP+PMK+AMMK","DMK+INC+VCK","NTK","NOTA"},MATCH(MAX(N14:R14),N14:R14,0))) -> TVK | T14: =INDEX({"TVK","AIADMK+BJP+PMK+AMMK","DMK+INC+VCK","NTK","NOTA"},MATCH(LARGE(N14:R14,2),N14:R14,0)) -> AIADMK+BJP+PMK+AMMK | U14: =ROUND((LARGE(N14:R14,1)-LARGE(N14:R14,2))*100,1) -> 9.1 | V14: =IF(U14=0,"Tie",IF(H14<10,"Low sample",IF(AND(H14>=30,U14>=10),"Strong",IF(U14>=5,"Lean","Toss-up")))) -> Lean | W14: =IF(LARGE(I14:M14,1)=LARGE(I14:M14,2),"Tie",INDEX({"TVK","AIADMK+BJP+PMK+AMMK","DMK+INC+VCK","NTK","NOTA"},MATCH(MAX(I14:M14),I14:M14,0))) -> TVK | X14: =MAX(N14:R14) -> 0.38394483 | Y14: =IF(ISNUMBER(MATCH(A14,{"Maduravoyal","Ambattur","Madavaram","Thiruvottiyur","Sholinganallur","Alandur"},0)),"Chennai",B14) -> Chennai
A15: Chepauk-Thiruvallikeni | B15: Chennai | C15: 14 | D15: 9 | E15: 11 | F15: 1 | G15: 0 | H15: =SUM(C15:G15) -> 35 | I15: =IF($H15=0,0,C15/$H15) -> 0.4 | J15: =IF($H15=0,0,D15/$H15) -> 0.25714286 | K15: =IF($H15=0,0,E15/$H15) -> 0.31428571 | L15: =IF($H15=0,0,F15/$H15) -> 0.028571429 | M15: =IF($H15=0,0,G15/$H15) -> 0 | N15: =MAX(0,I15+'Statewide Votes'!$H$9/100) -> 0.35537341 | O15: =MAX(0,J15+'Statewide Votes'!$I$9/100) -> 0.26454236 | P15: =MAX(0,K15+'Statewide Votes'!$J$9/100) -> 0.35863367 | Q15: =MAX(0,L15+'Statewide Votes'!$K$9/100) -> 0.019788112 | R15: =MAX(0,M15+'Statewide Votes'!$L$9/100) -> 0.0016624482 | S15: =IF(U15=0,"Tie",INDEX({"TVK","AIADMK+BJP+PMK+AMMK","DMK+INC+VCK","NTK","NOTA"},MATCH(MAX(N15:R15),N15:R15,0))) -> DMK+INC+VCK | T15: =INDEX({"TVK","AIADMK+BJP+PMK+AMMK","DMK+INC+VCK","NTK","NOTA"},MATCH(LARGE(N15:R15,2),N15:R15,0)) -> TVK | U15: =ROUND((LARGE(N15:R15,1)-LARGE(N15:R15,2))*100,1) -> 0.3 | V15: =IF(U15=0,"Tie",IF(H15<10,"Low sample",IF(AND(H15>=30,U15>=10),"Strong",IF(U15>=5,"Lean","Toss-up")))) -> Toss-up | W15: =IF(LARGE(I15:M15,1)=LARGE(I15:M15,2),"Tie",INDEX({"TVK","AIADMK+BJP+PMK+AMMK","DMK+INC+VCK","NTK","NOTA"},MATCH(MAX(I15:M15),I15:M15,0))) -> TVK | X15: =MAX(N15:R15) -> 0.35863367 | Y15: =IF(ISNUMBER(MATCH(A15,{"Maduravoyal","Ambattur","Madavaram","Thiruvottiyur","Sholinganallur","Alandur"},0)),"Chennai",B15) -> Chennai
A16: Dr. Radhakrishnan Nagar | B16: Chennai | C16: 25 | D16: 10 | E16: 16 | F16: 3 | G16: 0 | H16: =SUM(C16:G16) -> 54 | I16: =IF($H16=0,0,C16/$H16) -> 0.46296296 | J16: =IF($H16=0,0,D16/$H16) -> 0.18518519 | K16: =IF($H16=0,0,E16/$H16) -> 0.2962963 | L16: =IF($H16=0,0,F16/$H16) -> 0.055555556 | M16: =IF($H16=0,0,G16/$H16) -> 0 | N16: =MAX(0,I16+'Statewide Votes'!$H$9/100) -> 0.41833637 | O16: =MAX(0,J16+'Statewide Votes'!$I$9/100) -> 0.19258469 | P16: =MAX(0,K16+'Statewide Votes'!$J$9/100) -> 0.34064425 | Q16: =MAX(0,L16+'Statewide Votes'!$K$9/100) -> 0.046772239 | R16: =MAX(0,M16+'Statewide Votes'!$L$9/100) -> 0.0016624482 | S16: =IF(U16=0,"Tie",INDEX({"TVK","AIADMK+BJP+PMK+AMMK","DMK+INC+VCK","NTK","NOTA"},MATCH(MAX(N16:R16),N16:R16,0))) -> TVK | T16: =INDEX({"TVK","AIADMK+BJP+PMK+AMMK","DMK+INC+VCK","NTK","NOTA"},MATCH(LARGE(N16:R16,2),N16:R16,0)) -> DMK+INC+VCK | U16: =ROUND((LARGE(N16:R16,1)-LARGE(N16:R16,2))*100,1) -> 7.8 | V16: =IF(U16=0,"Tie",IF(H16<10,"Low sample",IF(AND(H16>=30,U16>=10),"Strong",IF(U16>=5,"Lean","Toss-up")))) -> Lean | W16: =IF(LARGE(I16:M16,1)=LARGE(I16:M16,2),"Tie",INDEX({"TVK","AIADMK+BJP+PMK+AMMK","DMK+INC+VCK","NTK","NOTA"},MATCH(MAX(I16:M16),I16:M16,0))) -> TVK | X16: =MAX(N16:R16) -> 0.41833637 | Y16: =IF(ISNUMBER(MATCH(A16,{"Maduravoyal","Ambattur","Madavaram","Thiruvottiyur","Sholinganallur","Alandur"},0)),"Chennai",B16) -> Chennai
... A238: Virudhunagar | B238: Virudhunagar | C238: 19 | D238: 8 | E238: 14 | F238: 2 | G238: 0 | H238: =SUM(C238:G238) -> 43 | I238: =IF($H238=0,0,C238/$H238) -> 0.44186047 | J238: =IF($H238=0,0,D238/$H238) -> 0.18604651 | K238: =IF($H238=0,0,E238/$H238) -> 0.3255814 | L238: =IF($H238=0,0,F238/$H238) -> 0.046511628 | M238: =IF($H238=0,0,G238/$H238) -> 0 | N238: =MAX(0,I238+'Statewide Votes'!$H$9/100) -> 0.39723387 | O238: =MAX(0,J238+'Statewide Votes'!$I$9/100) -> 0.19344602 | P238: =MAX(0,K238+'Statewide Votes'!$J$9/100) -> 0.36992935 | Q238: =MAX(0,L238+'Statewide Votes'!$K$9/100) -> 0.037728311 | R238: =MAX(0,M238+'Statewide Votes'!$L$9/100) -> 0.0016624482 | S238: =IF(U238=0,"Tie",INDEX({"TVK","AIADMK+BJP+PMK+AMMK","DMK+INC+VCK","NTK","NOTA"},MATCH(MAX(N238:R238),N238:R238,0))) -> TVK | T238: =INDEX({"TVK","AIADMK+BJP+PMK+AMMK","DMK+INC+VCK","NTK","NOTA"},MATCH(LARGE(N238:R238,2),N238:R238,0)) -> DMK+INC+VCK | U238: =ROUND((LARGE(N238:R238,1)-LARGE(N238:R238,2))*100,1) -> 2.7 | V238: =IF(U238=0,"Tie",IF(H238<10,"Low sample",IF(AND(H238>=30,U238>=10),"Strong",IF(U238>=5,"Lean","Toss-up")))) -> Toss-up | W238: =IF(LARGE(I238:M238,1)=LARGE(I238:M238,2),"Tie",INDEX({"TVK","AIADMK+BJP+PMK+AMMK","DMK+INC+VCK","NTK","NOTA"},MATCH(MAX(I238:M238),I238:M238,0))) -> TVK | X238: =MAX(N238:R238) -> 0.39723387 | Y238: =IF(ISNUMBER(MATCH(A238,{"Maduravoyal","Ambattur","Madavaram","Thiruvottiyur","Sholinganallur","Alandur"},0)),"Chennai",B238) -> Virudhunagar
C239: =SUM(C4:C238) -> 4165 | D239: =SUM(D4:D238) -> 2898 | E239: =SUM(E4:E238) -> 2583 | F239: =SUM(F4:F238) -> 856 | G239: =SUM(G4:G238) -> 65 | I239: =AVERAGE(I4:I238) -> 0.38861606
C240: =C239/SUM(C239:G239) -> 0.3941516

Sheet District vs Actual 2026
A1: District seats — survey projection vs actual 2026 result
A2: Actual: ECI result declared 4 May 2026, constituency winners as listed by IndiaVotes (totals match ECI: TVK 108, DMK+ 73, AIADMK+ 53), summed by district. Districts follow the Wikipedia/ECI table: Chennai includes Maduravoyal, Ambattur, Madavaram, Thiruvottiyur, Sholinganallur and Alandur.
A4: District | B4: Seats | C4: Proj. TVK | D4: Proj. AIADMK+ | E4: Proj. DMK+ | F4: Proj. other / tie | G4: Actual TVK | H4: Actual AIADMK+ | I4: Actual DMK+ | J4: Actual − Proj. TVK | K4: Actual − Proj. AIADMK+ | L4: Actual − Proj. DMK+ | M4: Seat error (abs) | N4: Projected top party | O4: Actual top party | P4: Top party match? | Q4: TVK actual ≥ proj.? | R4: AIADMK+ actual ≥ proj.? | S4: DMK+ actual ≥ proj.?
A5: Thiruvallur | B5: =COUNTIF('AC Results'!$Y$5:$Y$238,$A5) -> 6 | C5: =COUNTIFS('AC Results'!$Y$5:$Y$238,$A5,'AC Results'!$S$5:$S$238,"TVK") -> 5 | D5: =COUNTIFS('AC Results'!$Y$5:$Y$238,$A5,'AC Results'!$S$5:$S$238,"AIADMK+BJP+PMK+AMMK") -> 0 | E5: =COUNTIFS('AC Results'!$Y$5:$Y$238,$A5,'AC Results'!$S$5:$S$238,"DMK+INC+VCK") -> 1 | F5: =B5-SUM(C5:E5) -> 0 | G5: =COUNTIFS('AC vs Actual 2026'!$C$5:$C$238,$A5,'AC vs Actual 2026'!$L$5:$L$238,"TVK") -> 5 | H5: =COUNTIFS('AC vs Actual 2026'!$C$5:$C$238,$A5,'AC vs Actual 2026'!$L$5:$L$238,"AIADMK+BJP+PMK+AMMK") -> 1 | I5: =COUNTIFS('AC vs Actual 2026'!$C$5:$C$238,$A5,'AC vs Actual 2026'!$L$5:$L$238,"DMK+INC+VCK") -> 0 | J5: =G5-C5 -> 0 | K5: =H5-D5 -> 1 | L5: =I5-E5 -> -1 | M5: =ABS(J5)+ABS(K5)+ABS(L5)+F5 -> 2 | N5: =IF(COUNTIF(C5:E5,MAX(C5:E5))>1,"Tie",INDEX({"TVK","AIADMK+","DMK+"},MATCH(MAX(C5:E5),C5:E5,0))) -> TVK | O5: =IF(COUNTIF(G5:I5,MAX(G5:I5))>1,"Tie",INDEX({"TVK","AIADMK+","DMK+"},MATCH(MAX(G5:I5),G5:I5,0))) -> TVK | P5: =IF(OR(N5="Tie",O5="Tie"),"Partly",IF(N5=O5,"Yes","No")) -> Yes | Q5: =IF(J5>=0,"Yes","No") -> Yes | R5: =IF(K5>=0,"Yes","No") -> Yes | S5: =IF(L5>=0,"Yes","No") -> No
A6: Chennai | B6: =COUNTIF('AC Results'!$Y$5:$Y$238,$A6) -> 22 | C6: =COUNTIFS('AC Results'!$Y$5:$Y$238,$A6,'AC Results'!$S$5:$S$238,"TVK") -> 13 | D6: =COUNTIFS('AC Results'!$Y$5:$Y$238,$A6,'AC Results'!$S$5:$S$238,"AIADMK+BJP+PMK+AMMK") -> 3 | E6: =COUNTIFS('AC Results'!$Y$5:$Y$238,$A6,'AC Results'!$S$5:$S$238,"DMK+INC+VCK") -> 6 | F6: =B6-SUM(C6:E6) -> 0 | G6: =COUNTIFS('AC vs Actual 2026'!$C$5:$C$238,$A6,'AC vs Actual 2026'!$L$5:$L$238,"TVK") -> 20 | H6: =COUNTIFS('AC vs Actual 2026'!$C$5:$C$238,$A6,'AC vs Actual 2026'!$L$5:$L$238,"AIADMK+BJP+PMK+AMMK") -> 0 | I6: =COUNTIFS('AC vs Actual 2026'!$C$5:$C$238,$A6,'AC vs Actual 2026'!$L$5:$L$238,"DMK+INC+VCK") -> 2 | J6: =G6-C6 -> 7 | K6: =H6-D6 -> -3 | L6: =I6-E6 -> -4 | M6: =ABS(J6)+ABS(K6)+ABS(L6)+F6 -> 14 | N6: =IF(COUNTIF(C6:E6,MAX(C6:E6))>1,"Tie",INDEX({"TVK","AIADMK+","DMK+"},MATCH(MAX(C6:E6),C6:E6,0))) -> TVK | O6: =IF(COUNTIF(G6:I6,MAX(G6:I6))>1,"Tie",INDEX({"TVK","AIADMK+","DMK+"},MATCH(MAX(G6:I6),G6:I6,0))) -> TVK | P6: =IF(OR(N6="Tie",O6="Tie"),"Partly",IF(N6=O6,"Yes","No")) -> Yes | Q6: =IF(J6>=0,"Yes","No") -> Yes | R6: =IF(K6>=0,"Yes","No") -> No | S6: =IF(L6>=0,"Yes","No") -> No
A7: Kancheepuram | B7: =COUNTIF('AC Results'!$Y$5:$Y$238,$A7) -> 3 | C7: =COUNTIFS('AC Results'!$Y$5:$Y$238,$A7,'AC Results'!$S$5:$S$238,"TVK") -> 1 | D7: =COUNTIFS('AC Results'!$Y$5:$Y$238,$A7,'AC Results'!$S$5:$S$238,"AIADMK+BJP+PMK+AMMK") -> 0 | E7: =COUNTIFS('AC Results'!$Y$5:$Y$238,$A7,'AC Results'!$S$5:$S$238,"DMK+INC+VCK") -> 2 | F7: =B7-SUM(C7:E7) -> 0 | G7: =COUNTIFS('AC vs Actual 2026'!$C$5:$C$238,$A7,'AC vs Actual 2026'!$L$5:$L$238,"TVK") -> 3 | H7: =COUNTIFS('AC vs Actual 2026'!$C$5:$C$238,$A7,'AC vs Actual 2026'!$L$5:$L$238,"AIADMK+BJP+PMK+AMMK") -> 0 | I7: =COUNTIFS('AC vs Actual 2026'!$C$5:$C$238,$A7,'AC vs Actual 2026'!$L$5:$L$238,"DMK+INC+VCK") -> 0 | J7: =G7-C7 -> 2 | K7: =H7-D7 -> 0 | L7: =I7-E7 -> -2 | M7: =ABS(J7)+ABS(K7)+ABS(L7)+F7 -> 4 | N7: =IF(COUNTIF(C7:E7,MAX(C7:E7))>1,"Tie",INDEX({"TVK","AIADMK+","DMK+"},MATCH(MAX(C7:E7),C7:E7,0))) -> DMK+ | O7: =IF(COUNTIF(G7:I7,MAX(G7:I7))>1,"Tie",INDEX({"TVK","AIADMK+","DMK+"},MATCH(MAX(G7:I7),G7:I7,0))) -> TVK | P7: =IF(OR(N7="Tie",O7="Tie"),"Partly",IF(N7=O7,"Yes","No")) -> No | Q7: =IF(J7>=0,"Yes","No") -> Yes | R7: =IF(K7>=0,"Yes","No") -> Yes | S7: =IF(L7>=0,"Yes","No") -> No
A8: Chengalpattu | B8: =COUNTIF('AC Results'!$Y$5:$Y$238,$A8) -> 6 | C8: =COUNTIFS('AC Results'!$Y$5:$Y$238,$A8,'AC Results'!$S$5:$S$238,"TVK") -> 4 | D8: =COUNTIFS('AC Results'!$Y$5:$Y$238,$A8,'AC Results'!$S$5:$S$238,"AIADMK+BJP+PMK+AMMK") -> 1 | E8: =COUNTIFS('AC Results'!$Y$5:$Y$238,$A8,'AC Results'!$S$5:$S$238,"DMK+INC+VCK") -> 1 | F8: =B8-SUM(C8:E8) -> 0 | G8: =COUNTIFS('AC vs Actual 2026'!$C$5:$C$238,$A8,'AC vs Actual 2026'!$L$5:$L$238,"TVK") -> 4 | H8: =COUNTIFS('AC vs Actual 2026'!$C$5:$C$238,$A8,'AC vs Actual 2026'!$L$5:$L$238,"AIADMK+BJP+PMK+AMMK") -> 2 | I8: =COUNTIFS('AC vs Actual 2026'!$C$5:$C$238,$A8,'AC vs Actual 2026'!$L$5:$L$238,"DMK+INC+VCK") -> 0 | J8: =G8-C8 -> 0 | K8: =H8-D8 -> 1 | L8: =I8-E8 -> -1 | M8: =ABS(J8)+ABS(K8)+ABS(L8)+F8 -> 2 | N8: =IF(COUNTIF(C8:E8,MAX(C8:E8))>1,"Tie",INDEX({"TVK","AIADMK+","DMK+"},MATCH(MAX(C8:E8),C8:E8,0))) -> TVK | O8: =IF(COUNTIF(G8:I8,MAX(G8:I8))>1,"Tie",INDEX({"TVK","AIADMK+","DMK+"},MATCH(MAX(G8:I8),G8:I8,0))) -> TVK | P8: =IF(OR(N8="Tie",O8="Tie"),"Partly",IF(N8=O8,"Yes","No")) -> Yes | Q8: =IF(J8>=0,"Yes","No") -> Yes | R8: =IF(K8>=0,"Yes","No") -> Yes | S8: =IF(L8>=0,"Yes","No") -> No
A9: Ranipet | B9: =COUNTIF('AC Results'!$Y$5:$Y$238,$A9) -> 4 | C9: =COUNTIFS('AC Results'!$Y$5:$Y$238,$A9,'AC Results'!$S$5:$S$238,"TVK") -> 1 | D9: =COUNTIFS('AC Results'!$Y$5:$Y$238,$A9,'AC Results'!$S$5:$S$238,"AIADMK+BJP+PMK+AMMK") -> 2 | E9: =COUNTIFS('AC Results'!$Y$5:$Y$238,$A9,'AC Results'!$S$5:$S$238,"DMK+INC+VCK") -> 1 | F9: =B9-SUM(C9:E9) -> 0 | G9: =COUNTIFS('AC vs Actual 2026'!$C$5:$C$238,$A9,'AC vs Actual 2026'!$L$5:$L$238,"TVK") -> 3 | H9: =COUNTIFS('AC vs Actual 2026'!$C$5:$C$238,$A9,'AC vs Actual 2026'!$L$5:$L$238,"AIADMK+BJP+PMK+AMMK") -> 1 | I9: =COUNTIFS('AC vs Actual 2026'!$C$5:$C$238,$A9,'AC vs Actual 2026'!$L$5:$L$238,"DMK+INC+VCK") -> 0 | J9: =G9-C9 -> 2 | K9: =H9-D9 -> -1 | L9: =I9-E9 -> -1 | M9: =ABS(J9)+ABS(K9)+ABS(L9)+F9 -> 4 | N9: =IF(COUNTIF(C9:E9,MAX(C9:E9))>1,"Tie",INDEX({"TVK","AIADMK+","DMK+"},MATCH(MAX(C9:E9),C9:E9,0))) -> AIADMK+ | O9: =IF(COUNTIF(G9:I9,MAX(G9:I9))>1,"Tie",INDEX({"TVK","AIADMK+","DMK+"},MATCH(MAX(G9:I9),G9:I9,0))) -> TVK | P9: =IF(OR(N9="Tie",O9="Tie"),"Partly",IF(N9=O9,"Yes","No")) -> No | Q9: =IF(J9>=0,"Yes","No") -> Yes | R9: =IF(K9>=0,"Yes","No") -> No | S9: =IF(L9>=0,"Yes","No") -> No
A10: Vellore | B10: =COUNTIF('AC Results'!$Y$5:$Y$238,$A10) -> 5 | C10: =COUNTIFS('AC Results'!$Y$5:$Y$238,$A10,'AC Results'!$S$5:$S$238,"TVK") -> 3 | D10: =COUNTIFS('AC Results'!$Y$5:$Y$238,$A10,'AC Results'!$S$5:$S$238,"AIADMK+BJP+PMK+AMMK") -> 1 | E10: =COUNTIFS('AC Results'!$Y$5:$Y$238,$A10,'AC Results'!$S$5:$S$238,"DMK+INC+VCK") -> 1 | F10: =B10-SUM(C10:E10) -> 0 | G10: =COUNTIFS('AC vs Actual 2026'!$C$5:$C$238,$A10,'AC vs Actual 2026'!$L$5:$L$238,"TVK") -> 4 | H10: =COUNTIFS('AC vs Actual 2026'!$C$5:$C$238,$A10,'AC vs Actual 2026'!$L$5:$L$238,"AIADMK+BJP+PMK+AMMK") -> 1 | I10: =COUNTIFS('AC vs Actual 2026'!$C$5:$C$238,$A10,'AC vs Actual 2026'!$L$5:$L$238,"DMK+INC+VCK") -> 0 | J10: =G10-C10 -> 1 | K10: =H10-D10 -> 0 | L10: =I10-E10 -> -1 | M10: =ABS(J10)+ABS(K10)+ABS(L10)+F10 -> 2 | N10: =IF(COUNTIF(C10:E10,MAX(C10:E10))>1,"Tie",INDEX({"TVK","AIADMK+","DMK+"},MATCH(MAX(C10:E10),C10:E10,0))) -> TVK | O10: =IF(COUNTIF(G10:I10,MAX(G10:I10))>1,"Tie",INDEX({"TVK","AIADMK+","DMK+"},MATCH(MAX(G10:I10),G10:I10,0))) -> TVK | P10: =IF(OR(N10="Tie",O10="Tie"),"Partly",IF(N10=O10,"Yes","No")) -> Yes | Q10: =IF(J10>=0,"Yes","No") -> Yes | R10: =IF(K10>=0,"Yes","No") -> Yes | S10: =IF(L10>=0,"Yes","No") -> No
A11: Tirupathur | B11: =COUNTIF('AC Results'!$Y$5:$Y$238,$A11) -> 4 | C11: =COUNTIFS('AC Results'!$Y$5:$Y$238,$A11,'AC Results'!$S$5:$S$238,"TVK") -> 2 | D11: =COUNTIFS('AC Results'!$Y$5:$Y$238,$A11,'AC Results'!$S$5:$S$238,"AIADMK+BJP+PMK+AMMK") -> 0 | E11: =COUNTIFS('AC Results'!$Y$5:$Y$238,$A11,'AC Results'!$S$5:$S$238,"DMK+INC+VCK") -> 2 | F11: =B11-SUM(C11:E11) -> 0 | G11: =COUNTIFS('AC vs Actual 2026'!$C$5:$C$238,$A11,'AC vs Actual 2026'!$L$5:$L$238,"TVK") -> 1 | H11: =COUNTIFS('AC vs Actual 2026'!$C$5:$C$238,$A11,'AC vs Actual 2026'!$L$5:$L$238,"AIADMK+BJP+PMK+AMMK") -> 1 | I11: =COUNTIFS('AC vs Actual 2026'!$C$5:$C$238,$A11,'AC vs Actual 2026'!$L$5:$L$238,"DMK+INC+VCK") -> 2 | J11: =G11-C11 -> -1 | K11: =H11-D11 -> 1 | L11: =I11-E11 -> 0 | M11: =ABS(J11)+ABS(K11)+ABS(L11)+F11 -> 2 | N11: =IF(COUNTIF(C11:E11,MAX(C11:E11))>1,"Tie",INDEX({"TVK","AIADMK+","DMK+"},MATCH(MAX(C11:E11),C11:E11,0))) -> Tie | O11: =IF(COUNTIF(G11:I11,MAX(G11:I11))>1,"Tie",INDEX({"TVK","AIADMK+","DMK+"},MATCH(MAX(G11:I11),G11:I11,0))) -> DMK+ | P11: =IF(OR(N11="Tie",O11="Tie"),"Partly",IF(N11=O11,"Yes","No")) -> Partly | Q11: =IF(J11>=0,"Yes","No") -> No | R11: =IF(K11>=0,"Yes","No") -> Yes | S11: =IF(L11>=0,"Yes","No") -> Yes
A12: Krishnagiri | B12: =COUNTIF('AC Results'!$Y$5:$Y$238,$A12) -> 6 | C12: =COUNTIFS('AC Results'!$Y$5:$Y$238,$A12,'AC Results'!$S$5:$S$238,"TVK") -> 4 | D12: =COUNTIFS('AC Results'!$Y$5:$Y$238,$A12,'AC Results'!$S$5:$S$238,"AIADMK+BJP+PMK+AMMK") -> 2 | E12: =COUNTIFS('AC Results'!$Y$5:$Y$238,$A12,'AC Results'!$S$5:$S$238,"DMK+INC+VCK") -> 0 | F12: =B12-SUM(C12:E12) -> 0 | G12: =COUNTIFS('AC vs Actual 2026'!$C$5:$C$238,$A12,'AC vs Actual 2026'!$L$5:$L$238,"TVK") -> 2 | H12: =COUNTIFS('AC vs Actual 2026'!$C$5:$C$238,$A12,'AC vs Actual 2026'!$L$5:$L$238,"AIADMK+BJP+PMK+AMMK") -> 2 | I12: =COUNTIFS('AC vs Actual 2026'!$C$5:$C$238,$A12,'AC vs Actual 2026'!$L$5:$L$238,"DMK+INC+VCK") -> 2 | J12: =G12-C12 -> -2 | K12: =H12-D12 -> 0 | L12: =I12-E12 -> 2 | M12: =ABS(J12)+ABS(K12)+ABS(L12)+F12 -> 4 | N12: =IF(COUNTIF(C12:E12,MAX(C12:E12))>1,"Tie",INDEX({"TVK","AIADMK+","DMK+"},MATCH(MAX(C12:E12),C12:E12,0))) -> TVK | O12: =IF(COUNTIF(G12:I12,MAX(G12:I12))>1,"Tie",INDEX({"TVK","AIADMK+","DMK+"},MATCH(MAX(G12:I12),G12:I12,0))) -> Tie | P12: =IF(OR(N12="Tie",O12="Tie"),"Partly",IF(N12=O12,"Yes","No")) -> Partly | Q12: =IF(J12>=0,"Yes","No") -> No | R12: =IF(K12>=0,"Yes","No") -> Yes | S12: =IF(L12>=0,"Yes","No") -> Yes
A13: Dharmapuri | B13: =COUNTIF('AC Results'!$Y$5:$Y$238,$A13) -> 5 | C13: =COUNTIFS('AC Results'!$Y$5:$Y$238,$A13,'AC Results'!$S$5:$S$238,"TVK") -> 1 | D13: =COUNTIFS('AC Results'!$Y$5:$Y$238,$A13,'AC Results'!$S$5:$S$238,"AIADMK+BJP+PMK+AMMK") -> 4 | E13: =COUNTIFS('AC Results'!$Y$5:$Y$238,$A13,'AC Results'!$S$5:$S$238,"DMK+INC+VCK") -> 0 | F13: =B13-SUM(C13:E13) -> 0 | G13: =COUNTIFS('AC vs Actual 2026'!$C$5:$C$238,$A13,'AC vs Actual 2026'!$L$5:$L$238,"TVK") -> 1 | H13: =COUNTIFS('AC vs Actual 2026'!$C$5:$C$238,$A13,'AC vs Actual 2026'!$L$5:$L$238,"AIADMK+BJP+PMK+AMMK") -> 4 | I13: =COUNTIFS('AC vs Actual 2026'!$C$5:$C$238,$A13,'AC vs Actual 2026'!$L$5:$L$238,"DMK+INC+VCK") -> 0 | J13: =G13-C13 -> 0 | K13: =H13-D13 -> 0 | L13: =I13-E13 -> 0 | M13: =ABS(J13)+ABS(K13)+ABS(L13)+F13 -> 0 | N13: =IF(COUNTIF(C13:E13,MAX(C13:E13))>1,"Tie",INDEX({"TVK","AIADMK+","DMK+"},MATCH(MAX(C13:E13),C13:E13,0))) -> AIADMK+ | O13: =IF(COUNTIF(G13:I13,MAX(G13:I13))>1,"Tie",INDEX({"TVK","AIADMK+","DMK+"},MATCH(MAX(G13:I13),G13:I13,0))) -> AIADMK+ | P13: =IF(OR(N13="Tie",O13="Tie"),"Partly",IF(N13=O13,"Yes","No")) -> Yes | Q13: =IF(J13>=0,"Yes","No") -> Yes | R13: =IF(K13>=0,"Yes","No") -> Yes | S13: =IF(L13>=0,"Yes","No") -> Yes
A14: Tiruvannamalai | B14: =COUNTIF('AC Results'!$Y$5:$Y$238,$A14) -> 8 | C14: =COUNTIFS('AC Results'!$Y$5:$Y$238,$A14,'AC Results'!$S$5:$S$238,"TVK") -> 6 | D14: =COUNTIFS('AC Results'!$Y$5:$Y$238,$A14,'AC Results'!$S$5:$S$238,"AIADMK+BJP+PMK+AMMK") -> 1 | E14: =COUNTIFS('AC Results'!$Y$5:$Y$238,$A14,'AC Results'!$S$5:$S$238,"DMK+INC+VCK") -> 1 | F14: =B14-SUM(C14:E14) -> 0 | G14: =COUNTIFS('AC vs Actual 2026'!$C$5:$C$238,$A14,'AC vs Actual 2026'!$L$5:$L$238,"TVK") -> 1 | H14: =COUNTIFS('AC vs Actual 2026'!$C$5:$C$238,$A14,'AC vs Actual 2026'!$L$5:$L$238,"AIADMK+BJP+PMK+AMMK") -> 5 | I14: =COUNTIFS('AC vs Actual 2026'!$C$5:$C$238,$A14,'AC vs Actual 2026'!$L$5:$L$238,"DMK+INC+VCK") -> 2 | J14: =G14-C14 -> -5 | K14: =H14-D14 -> 4 | L14: =I14-E14 -> 1 | M14: =ABS(J14)+ABS(K14)+ABS(L14)+F14 -> 10 | N14: =IF(COUNTIF(C14:E14,MAX(C14:E14))>1,"Tie",INDEX({"TVK","AIADMK+","DMK+"},MATCH(MAX(C14:E14),C14:E14,0))) -> TVK | O14: =IF(COUNTIF(G14:I14,MAX(G14:I14))>1,"Tie",INDEX({"TVK","AIADMK+","DMK+"},MATCH(MAX(G14:I14),G14:I14,0))) -> AIADMK+ | P14: =IF(OR(N14="Tie",O14="Tie"),"Partly",IF(N14=O14,"Yes","No")) -> No | Q14: =IF(J14>=0,"Yes","No") -> No | R14: =IF(K14>=0,"Yes","No") -> Yes | S14: =IF(L14>=0,"Yes","No") -> Yes
A15: Villupuram | B15: =COUNTIF('AC Results'!$Y$5:$Y$238,$A15) -> 7 | C15: =COUNTIFS('AC Results'!$Y$5:$Y$238,$A15,'AC Results'!$S$5:$S$238,"TVK") -> 0 | D15: =COUNTIFS('AC Results'!$Y$5:$Y$238,$A15,'AC Results'!$S$5:$S$238,"AIADMK+BJP+PMK+AMMK") -> 6 | E15: =COUNTIFS('AC Results'!$Y$5:$Y$238,$A15,'AC Results'!$S$5:$S$238,"DMK+INC+VCK") -> 1 | F15: =B15-SUM(C15:E15) -> 0 | G15: =COUNTIFS('AC vs Actual 2026'!$C$5:$C$238,$A15,'AC vs Actual 2026'!$L$5:$L$238,"TVK") -> 0 | H15: =COUNTIFS('AC vs Actual 2026'!$C$5:$C$238,$A15,'AC vs Actual 2026'!$L$5:$L$238,"AIADMK+BJP+PMK+AMMK") -> 4 | I15: =COUNTIFS('AC vs Actual 2026'!$C$5:$C$238,$A15,'AC vs Actual 2026'!$L$5:$L$238,"DMK+INC+VCK") -> 3 | J15: =G15-C15 -> 0 | K15: =H15-D15 -> -2 | L15: =I15-E15 -> 2 | M15: =ABS(J15)+ABS(K15)+ABS(L15)+F15 -> 4 | N15: =IF(COUNTIF(C15:E15,MAX(C15:E15))>1,"Tie",INDEX({"TVK","AIADMK+","DMK+"},MATCH(MAX(C15:E15),C15:E15,0))) -> AIADMK+ | O15: =IF(COUNTIF(G15:I15,MAX(G15:I15))>1,"Tie",INDEX({"TVK","AIADMK+","DMK+"},MATCH(MAX(G15:I15),G15:I15,0))) -> AIADMK+ | P15: =IF(OR(N15="Tie",O15="Tie"),"Partly",IF(N15=O15,"Yes","No")) -> Yes | Q15: =IF(J15>=0,"Yes","No") -> Yes | R15: =IF(K15>=0,"Yes","No") -> No | S15: =IF(L15>=0,"Yes","No") -> Yes
A16: Kallakurichi | B16: =COUNTIF('AC Results'!$Y$5:$Y$238,$A16) -> 4 | C16: =COUNTIFS('AC Results'!$Y$5:$Y$238,$A16,'AC Results'!$S$5:$S$238,"TVK") -> 4 | D16: =COUNTIFS('AC Results'!$Y$5:$Y$238,$A16,'AC Results'!$S$5:$S$238,"AIADMK+BJP+PMK+AMMK") -> 0 | E16: =COUNTIFS('AC Results'!$Y$5:$Y$238,$A16,'AC Results'!$S$5:$S$238,"DMK+INC+VCK") -> 0 | F16: =B16-SUM(C16:E16) -> 0 | G16: =COUNTIFS('AC vs Actual 2026'!$C$5:$C$238,$A16,'AC vs Actual 2026'!$L$5:$L$238,"TVK") -> 1 | H16: =COUNTIFS('AC vs Actual 2026'!$C$5:$C$238,$A16,'AC vs Actual 2026'!$L$5:$L$238,"AIADMK+BJP+PMK+AMMK") -> 1 | I16: =COUNTIFS('AC vs Actual 2026'!$C$5:$C$238,$A16,'AC vs Actual 2026'!$L$5:$L$238,"DMK+INC+VCK") -> 2 | J16: =G16-C16 -> -3 | K16: =H16-D16 -> 1 | L16: =I16-E16 -> 2 | M16: =ABS(J16)+ABS(K16)+ABS(L16)+F16 -> 6 | N16: =IF(COUNTIF(C16:E16,MAX(C16:E16))>1,"Tie",INDEX({"TVK","AIADMK+","DMK+"},MATCH(MAX(C16:E16),C16:E16,0))) -> TVK | O16: =IF(COUNTIF(G16:I16,MAX(G16:I16))>1,"Tie",INDEX({"TVK","AIADMK+","DMK+"},MATCH(MAX(G16:I16),G16:I16,0))) -> DMK+ | P16: =IF(OR(N16="Tie",O16="Tie"),"Partly",IF(N16=O16,"Yes","No")) -> No | Q16: =IF(J16>=0,"Yes","No") -> No | R16: =IF(K16>=0,"Yes","No") -> Yes | S16: =IF(L16>=0,"Yes","No") -> Yes
... A42: Kanniyakumari | B42: =COUNTIF('AC Results'!$Y$5:$Y$238,$A42) -> 6 | C42: =COUNTIFS('AC Results'!$Y$5:$Y$238,$A42,'AC Results'!$S$5:$S$238,"TVK") -> 3 | D42: =COUNTIFS('AC Results'!$Y$5:$Y$238,$A42,'AC Results'!$S$5:$S$238,"AIADMK+BJP+PMK+AMMK") -> 2 | E42: =COUNTIFS('AC Results'!$Y$5:$Y$238,$A42,'AC Results'!$S$5:$S$238,"DMK+INC+VCK") -> 1 | F42: =B42-SUM(C42:E42) -> 0 | G42: =COUNTIFS('AC vs Actual 2026'!$C$5:$C$238,$A42,'AC vs Actual 2026'!$L$5:$L$238,"TVK") -> 0 | H42: =COUNTIFS('AC vs Actual 2026'!$C$5:$C$238,$A42,'AC vs Actual 2026'!$L$5:$L$238,"AIADMK+BJP+PMK+AMMK") -> 1 | I42: =COUNTIFS('AC vs Actual 2026'!$C$5:$C$238,$A42,'AC vs Actual 2026'!$L$5:$L$238,"DMK+INC+VCK") -> 5 | J42: =G42-C42 -> -3 | K42: =H42-D42 -> -1 | L42: =I42-E42 -> 4 | M42: =ABS(J42)+ABS(K42)+ABS(L42)+F42 -> 8 | N42: =IF(COUNTIF(C42:E42,MAX(C42:E42))>1,"Tie",INDEX({"TVK","AIADMK+","DMK+"},MATCH(MAX(C42:E42),C42:E42,0))) -> TVK | O42: =IF(COUNTIF(G42:I42,MAX(G42:I42))>1,"Tie",INDEX({"TVK","AIADMK+","DMK+"},MATCH(MAX(G42:I42),G42:I42,0))) -> DMK+ | P42: =IF(OR(N42="Tie",O42="Tie"),"Partly",IF(N42=O42,"Yes","No")) -> No | Q42: =IF(J42>=0,"Yes","No") -> No | R42: =IF(K42>=0,"Yes","No") -> No | S42: =IF(L42>=0,"Yes","No") -> Yes
A43: Tamil Nadu | B43: =SUM(B5:B42) -> 234 | C43: =SUM(C5:C42) -> 115 | D43: =SUM(D5:D42) -> 60 | E43: =SUM(E5:E42) -> 56 | F43: =SUM(F5:F42) -> 3 | G43: =SUM(G5:G42) -> 108 | H43: =SUM(H5:H42) -> 53 | I43: =SUM(I5:I42) -> 73 | ... M43: =SUM(M5:M42) -> 170 | Q43: =COUNTIF(Q5:Q42,"Yes")&" of 38 Yes" -> 21 of 38 Yes | R43: =COUNTIF(R5:R42,"Yes")&" of 38 Yes" -> 22 of 38 Yes | S43: =COUNTIF(S5:S42,"Yes")&" of 38 Yes" -> 26 of 38 Yes
A45: Accuracy
A46: Districts where projected top party = actual top party | B46: =COUNTIF(P5:P42,"Yes") -> 13
A47: Districts with a tie on either side | B47: =COUNTIF(P5:P42,"Partly") -> 9
A48: Districts missed | B48: =COUNTIF(P5:P42,"No") -> 16
A49: Hit rate (excluding ties) | B49: =IFERROR(B46/(B46+B48),0) -> 0.44827586
A50: Seats called for the right party (min of projected and actual, summed) | B50: =SUMPRODUCT((C5:C42<G5:G42)*C5:C42+(C5:C42>=G5:G42)*G5:G42)+SUMPRODUCT((D5:D42<H5:H42)*D5:D42+(D5:D42>=H5:H42)*H5:H42)+SUMPRODUCT((E5:E42<I5:I42)*E5:E42+(E5:E42>=I5:I42)*I5:I42) -> 149
A51: Share of 234 seats matched at district level | B51: =B50/234 -> 0.63675214
A52: Total absolute seat error | B52: =M43 -> 170
A53: Districts where TVK actual ≥ projected | B53: =COUNTIF(Q5:Q42,"Yes") -> 21
A54: Districts where AIADMK+ actual ≥ projected | B54: =COUNTIF(R5:R42,"Yes") -> 22
A55: Districts where DMK+ actual ≥ projected | B55: =COUNTIF(S5:S42,"Yes") -> 26
A58: Statewide — survey vs actual 2026
A59: Measure | B59: TVK | C59: AIADMK+ | D59: DMK+ | E59: NTK | F59: NOTA / others
A60: Survey vote share (all 31,316) | B60: ='Statewide Votes'!H5 -> 0.34780943 | C60: ='Statewide Votes'!I5 -> 0.28279474 | D60: ='Statewide Votes'!J5 -> 0.29205518 | E60: ='Statewide Votes'!K5 -> 0.069389449 | F60: ='Statewide Votes'!L5 -> 0.0079512071
A61: Actual vote share (ECI) | B61: 0.3502 | C61: 0.2721 | D61: 0.314 | E61: 0.04 | F61: 0.0237
A62: Actual − survey (pts) | B62: =(B61-B60)*100 -> 0.23905735 | C62: =(C61-C60)*100 -> -1.0694738 | D62: =(D61-D60)*100 -> 2.1944821 | E62: =(E61-E60)*100 -> -2.9389449 | F62: =(F61-F60)*100 -> 1.5748793
A63: Projected seats (survey) | B63: =C43 -> 115 | C63: =D43 -> 60 | D63: =E43 -> 56 | E63: =COUNTIF('AC Results'!$S$5:$S$238,"NTK") -> 3 | F63: =F43-COUNTIF('AC Results'!$S$5:$S$238,"NTK") -> 0
A64: Actual seats (ECI) | B64: 108 | C64: 53 | D64: 73 | E64: 0 | F64: 0
A65: Actual − projected seats | B65: =B64-B63 -> -7 | C65: =C64-C63 -> -7 | D65: =D64-D63 -> 17 | E65: =E64-E63 -> -3 | F65: =F64-F63 -> 0
A66: Actual ≥ projected? | B66: =IF(B65>=0,"Yes","No") -> No | C66: =IF(C65>=0,"Yes","No") -> No | D66: =IF(D65>=0,"Yes","No") -> Yes | E66: =IF(E65>=0,"Yes","No") -> No | F66: =IF(F65>=0,"Yes","No") -> Yes
A67: Actual alliance totals: DMK+ includes DMDK (1 seat); AIADMK+ includes AMMK (1 seat). District seats are now summed from the constituency winners, so they match the ECI party totals (Wikipedia's district table sums to 72 / 54).

Sheet AC vs Actual 2026
A1: Constituency-wise — survey prediction vs actual 2026 winner
A2: Actual 2026 winners: ECI result (4 May 2026) as listed by IndiaVotes (indiavotes.com/compare/vidhan-sabha/tamil-nadu/2021/2026); party totals match the ECI tally (TVK 108, DMK 59, AIADMK 47, INC 5, PMK 4 …). 2021: ECI. Prediction: AC Results sheet (shifted to all 31,316 votes).
A4: AC No | B4: Constituency | C4: District (2026 ECI grouping) | D4: 2021 winner party | E4: 2021 alliance | F4: Survey n | G4: Predicted winner | H4: Predicted margin (pts) | I4: Confidence | J4: Prediction before shift | K4: Actual 2026 winner party | L4: Actual 2026 alliance | M4: Match? | N4: Match before shift? | O4: Alliance changed 2021→2026? | Q4: Accuracy summary
A5: 1 | B5: ='AC Results'!A168 -> Gummidipoondi | C5: ='AC Results'!Y168 -> Thiruvallur | D5: DMK | E5: DMK+INC+VCK | F5: ='AC Results'!H168 -> 45 | G5: ='AC Results'!S168 -> TVK | H5: ='AC Results'!U168 -> 13.3 | I5: ='AC Results'!V168 -> Strong | J5: ='AC Results'!W168 -> TVK | K5: TVK | L5: TVK | M5: =IF(G5=L5,"Yes","No") -> Yes | N5: =IF(J5=L5,"Yes","No") -> Yes | O5: =IF(E5<>L5,"Changed","Held") -> Changed | R5: Seats predicted correctly | S5: =COUNTIF($M$5:$M$238,"Yes") -> 110
A6: 2 | B6: ='AC Results'!A171 -> Ponneri | C6: ='AC Results'!Y171 -> Thiruvallur | D6: INC | E6: DMK+INC+VCK | F6: ='AC Results'!H171 -> 78 | G6: ='AC Results'!S171 -> TVK | H6: ='AC Results'!U171 -> 20.6 | I6: ='AC Results'!V171 -> Strong | J6: ='AC Results'!W171 -> TVK | K6: TVK | L6: TVK | M6: =IF(G6=L6,"Yes","No") -> Yes | N6: =IF(J6=L6,"Yes","No") -> Yes | O6: =IF(E6<>L6,"Changed","Held") -> Changed | R6: Accuracy | S6: =S5/234 -> 0.47008547
A7: 3 | B7: ='AC Results'!A175 -> Tiruttani | C7: ='AC Results'!Y175 -> Thiruvallur | D7: DMK | E7: DMK+INC+VCK | F7: ='AC Results'!H175 -> 59 | G7: ='AC Results'!S175 -> TVK | H7: ='AC Results'!U175 -> 8.1 | I7: ='AC Results'!V175 -> Lean | J7: ='AC Results'!W175 -> TVK | K7: ADMK | L7: AIADMK+BJP+PMK+AMMK | M7: =IF(G7=L7,"Yes","No") -> No | N7: =IF(J7=L7,"Yes","No") -> No | O7: =IF(E7<>L7,"Changed","Held") -> Changed | R7: Correct before shift | S7: =COUNTIF($N$5:$N$238,"Yes") -> 105
A8: 4 | B8: ='AC Results'!A173 -> Thiruvallur | C8: ='AC Results'!Y173 -> Thiruvallur | D8: DMK | E8: DMK+INC+VCK | F8: ='AC Results'!H173 -> 110 | G8: ='AC Results'!S173 -> TVK | H8: ='AC Results'!U173 -> 12.9 | I8: ='AC Results'!V173 -> Strong | J8: ='AC Results'!W173 -> TVK | K8: TVK | L8: TVK | M8: =IF(G8=L8,"Yes","No") -> Yes | N8: =IF(J8=L8,"Yes","No") -> Yes | O8: =IF(E8<>L8,"Changed","Held") -> Changed | R8: Accuracy before shift | S8: =S7/234 -> 0.44871795
A9: 5 | B9: ='AC Results'!A172 -> Poonamallee | C9: ='AC Results'!Y172 -> Thiruvallur | D9: DMK | E9: DMK+INC+VCK | F9: ='AC Results'!H172 -> 82 | G9: ='AC Results'!S172 -> TVK | H9: ='AC Results'!U172 -> 9.4 | I9: ='AC Results'!V172 -> Lean | J9: ='AC Results'!W172 -> TVK | K9: TVK | L9: TVK | M9: =IF(G9=L9,"Yes","No") -> Yes | N9: =IF(J9=L9,"Yes","No") -> Yes | O9: =IF(E9<>L9,"Changed","Held") -> Changed | R9: Baseline: every seat to TVK | S9: =COUNTIF($L$5:$L$238,"TVK")/234 -> 0.46153846
A10: 6 | B10: ='AC Results'!A167 -> Avadi | C10: ='AC Results'!Y167 -> Thiruvallur | D10: DMK | E10: DMK+INC+VCK | F10: ='AC Results'!H167 -> 117 | G10: ='AC Results'!S167 -> DMK+INC+VCK | H10: ='AC Results'!U167 -> 2.9 | I10: ='AC Results'!V167 -> Toss-up | J10: ='AC Results'!W167 -> TVK | K10: TVK | L10: TVK | M10: =IF(G10=L10,"Yes","No") -> No | N10: =IF(J10=L10,"Yes","No") -> Yes | O10: =IF(E10<>L10,"Changed","Held") -> Changed | R10: Baseline: 2021 alliance holds | S10: =COUNTIF($O$5:$O$238,"Held")/234 -> 0.33333333
A11: 7 | B11: ='AC Results'!A170 -> Maduravoyal | C11: ='AC Results'!Y170 -> Chennai | D11: DMK | E11: DMK+INC+VCK | F11: ='AC Results'!H170 -> 105 | G11: ='AC Results'!S170 -> TVK | H11: ='AC Results'!U170 -> 14.8 | I11: ='AC Results'!V170 -> Strong | J11: ='AC Results'!W170 -> TVK | K11: TVK | L11: TVK | M11: =IF(G11=L11,"Yes","No") -> Yes | N11: =IF(J11=L11,"Yes","No") -> Yes | O11: =IF(E11<>L11,"Changed","Held") -> Changed
A12: 8 | B12: ='AC Results'!A166 -> Ambattur | C12: ='AC Results'!Y166 -> Chennai | D12: DMK | E12: DMK+INC+VCK | F12: ='AC Results'!H166 -> 87 | G12: ='AC Results'!S166 -> TVK | H12: ='AC Results'!U166 -> 2.6 | I12: ='AC Results'!V166 -> Toss-up | J12: ='AC Results'!W166 -> TVK | K12: TVK | L12: TVK | M12: =IF(G12=L12,"Yes","No") -> Yes | N12: =IF(J12=L12,"Yes","No") -> Yes | O12: =IF(E12<>L12,"Changed","Held") -> Changed | R12: Accuracy by confidence
A13: 9 | B13: ='AC Results'!A169 -> Madavaram | C13: ='AC Results'!Y169 -> Chennai | D13: DMK | E13: DMK+INC+VCK | F13: ='AC Results'!H169 -> 78 | G13: ='AC Results'!S169 -> TVK | H13: ='AC Results'!U169 -> 10.2 | I13: ='AC Results'!V169 -> Strong | J13: ='AC Results'!W169 -> TVK | K13: TVK | L13: TVK | M13: =IF(G13=L13,"Yes","No") -> Yes | N13: =IF(J13=L13,"Yes","No") -> Yes | O13: =IF(E13<>L13,"Changed","Held") -> Changed | R13: Confidence | S13: Seats | T13: Correct | U13: Accuracy
A14: 10 | B14: ='AC Results'!A174 -> Thiruvottiyur | C14: ='AC Results'!Y174 -> Chennai | D14: DMK | E14: DMK+INC+VCK | F14: ='AC Results'!H174 -> 50 | G14: ='AC Results'!S174 -> DMK+INC+VCK | H14: ='AC Results'!U174 -> 4.9 | I14: ='AC Results'!V174 -> Toss-up | J14: ='AC Results'!W174 -> TVK | K14: TVK | L14: TVK | M14: =IF(G14=L14,"Yes","No") -> No | N14: =IF(J14=L14,"Yes","No") -> Yes | O14: =IF(E14<>L14,"Changed","Held") -> Changed | R14: Strong | S14: =COUNTIF($I$5:$I$238,R14) -> 69 | T14: =COUNTIFS($I$5:$I$238,R14,$M$5:$M$238,"Yes") -> 35 | U14: =IF(S14=0,"–",T14/S14) -> 0.50724638
A15: 11 | B15: ='AC Results'!A16 -> Dr. Radhakrishnan Nagar | C15: ='AC Results'!Y16 -> Chennai | D15: DMK | E15: DMK+INC+VCK | F15: ='AC Results'!H16 -> 54 | G15: ='AC Results'!S16 -> TVK | H15: ='AC Results'!U16 -> 7.8 | I15: ='AC Results'!V16 -> Lean | J15: ='AC Results'!W16 -> TVK | K15: TVK | L15: TVK | M15: =IF(G15=L15,"Yes","No") -> Yes | N15: =IF(J15=L15,"Yes","No") -> Yes | O15: =IF(E15<>L15,"Changed","Held") -> Changed | R15: Lean | S15: =COUNTIF($I$5:$I$238,R15) -> 90 | T15: =COUNTIFS($I$5:$I$238,R15,$M$5:$M$238,"Yes") -> 42 | U15: =IF(S15=0,"–",T15/S15) -> 0.46666667
A16: 12 | B16: ='AC Results'!A21 -> Perambur | C16: ='AC Results'!Y21 -> Chennai | D16: DMK | E16: DMK+INC+VCK | F16: ='AC Results'!H21 -> 95 | G16: ='AC Results'!S21 -> TVK | H16: ='AC Results'!U21 -> 31.1 | I16: ='AC Results'!V21 -> Strong | J16: ='AC Results'!W21 -> TVK | K16: TVK | L16: TVK | M16: =IF(G16=L16,"Yes","No") -> Yes | N16: =IF(J16=L16,"Yes","No") -> Yes | O16: =IF(E16<>L16,"Changed","Held") -> Changed | R16: Toss-up | S16: =COUNTIF($I$5:$I$238,R16) -> 74 | T16: =COUNTIFS($I$5:$I$238,R16,$M$5:$M$238,"Yes") -> 33 | U16: =IF(S16=0,"–",T16/S16) -> 0.44594595
A17: 13 | B17: ='AC Results'!A19 -> Kolathur | C17: ='AC Results'!Y19 -> Chennai | D17: DMK | E17: DMK+INC+VCK | F17: ='AC Results'!H19 -> 63 | G17: ='AC Results'!S19 -> TVK | H17: ='AC Results'!U19 -> 21.3 | I17: ='AC Results'!V19 -> Strong | J17: ='AC Results'!W19 -> TVK | K17: TVK | L17: TVK | M17: =IF(G17=L17,"Yes","No") -> Yes | N17: =IF(J17=L17,"Yes","No") -> Yes | O17: =IF(E17<>L17,"Changed","Held") -> Changed | R17: Low sample | S17: =COUNTIF($I$5:$I$238,R17) -> 1 | T17: =COUNTIFS($I$5:$I$238,R17,$M$5:$M$238,"Yes") -> 0 | U17: =IF(S17=0,"–",T17/S17) -> 0
A18: 14 | B18: ='AC Results'!A28 -> Villivakkam | C18: ='AC Results'!Y28 -> Chennai | D18: DMK | E18: DMK+INC+VCK | F18: ='AC Results'!H28 -> 44 | G18: ='AC Results'!S28 -> TVK | H18: ='AC Results'!U28 -> 7 | I18: ='AC Results'!V28 -> Lean | J18: ='AC Results'!W28 -> TVK | K18: TVK | L18: TVK | M18: =IF(G18=L18,"Yes","No") -> Yes | N18: =IF(J18=L18,"Yes","No") -> Yes | O18: =IF(E18<>L18,"Changed","Held") -> Changed | R18: Tie | S18: =COUNTIF($I$5:$I$238,R18) -> 0 | T18: =COUNTIFS($I$5:$I$238,R18,$M$5:$M$238,"Yes") -> 0 | U18: =IF(S18=0,"–",T18/S18) -> –
A19: 15 | B19: ='AC Results'!A24 -> Thiru-Vi-Ka-Nagar | C19: ='AC Results'!Y24 -> Chennai | D19: DMK | E19: DMK+INC+VCK | F19: ='AC Results'!H24 -> 24 | G19: ='AC Results'!S24 -> TVK | H19: ='AC Results'!U24 -> 44.8 | I19: ='AC Results'!V24 -> Lean | J19: ='AC Results'!W24 -> TVK | K19: TVK | L19: TVK | M19: =IF(G19=L19,"Yes","No") -> Yes | N19: =IF(J19=L19,"Yes","No") -> Yes | O19: =IF(E19<>L19,"Changed","Held") -> Changed
A20: 16 | B20: ='AC Results'!A17 -> Egmore | C20: ='AC Results'!Y17 -> Chennai | D20: DMK | E20: DMK+INC+VCK | F20: ='AC Results'!H17 -> 48 | G20: ='AC Results'!S17 -> DMK+INC+VCK | H20: ='AC Results'!U17 -> 11 | I20: ='AC Results'!V17 -> Strong | J20: ='AC Results'!W17 -> DMK+INC+VCK | K20: TVK | L20: TVK | M20: =IF(G20=L20,"Yes","No") -> No | N20: =IF(J20=L20,"Yes","No") -> No | O20: =IF(E20<>L20,"Changed","Held") -> Changed
A21: 17 | B21: ='AC Results'!A22 -> Royapuram | C21: ='AC Results'!Y22 -> Chennai | D21: DMK | E21: DMK+INC+VCK | F21: ='AC Results'!H22 -> 31 | G21: ='AC Results'!S22 -> DMK+INC+VCK | H21: ='AC Results'!U22 -> 2.4 | I21: ='AC Results'!V22 -> Toss-up | J21: ='AC Results'!W22 -> TVK | K21: TVK | L21: TVK | M21: =IF(G21=L21,"Yes","No") -> No | N21: =IF(J21=L21,"Yes","No") -> Yes | O21: =IF(E21<>L21,"Changed","Held") -> Changed | R21: Predicted (rows) vs actual (columns)
A22: 18 | B22: ='AC Results'!A18 -> Harbour | C22: ='AC Results'!Y18 -> Chennai | D22: DMK | E22: DMK+INC+VCK | F22: ='AC Results'!H18 -> 30 | G22: ='AC Results'!S18 -> DMK+INC+VCK | H22: ='AC Results'!U18 -> 3.7 | I22: ='AC Results'!V18 -> Toss-up | J22: ='AC Results'!W18 -> Tie | K22: DMK | L22: DMK+INC+VCK | M22: =IF(G22=L22,"Yes","No") -> Yes | N22: =IF(J22=L22,"Yes","No") -> No | O22: =IF(E22<>L22,"Changed","Held") -> Held | R22: Predicted \ Actual | S22: TVK | T22: AIADMK+ | U22: DMK+ | V22: Total | W22: Precision
A23: 19 | B23: ='AC Results'!A15 -> Chepauk-Thiruvallikeni | C23: ='AC Results'!Y15 -> Chennai | D23: DMK | E23: DMK+INC+VCK | F23: ='AC Results'!H15 -> 35 | G23: ='AC Results'!S15 -> DMK+INC+VCK | H23: ='AC Results'!U15 -> 0.3 | I23: ='AC Results'!V15 -> Toss-up | J23: ='AC Results'!W15 -> TVK | K23: DMK | L23: DMK+INC+VCK | M23: =IF(G23=L23,"Yes","No") -> Yes | N23: =IF(J23=L23,"Yes","No") -> No | O23: =IF(E23<>L23,"Changed","Held") -> Held | R23: TVK | S23: =COUNTIFS($G$5:$G$238,$R23,$L$5:$L$238,"TVK") -> 63 | T23: =COUNTIFS($G$5:$G$238,$R23,$L$5:$L$238,"AIADMK+BJP+PMK+AMMK") -> 21 | U23: =COUNTIFS($G$5:$G$238,$R23,$L$5:$L$238,"DMK+INC+VCK") -> 31 | V23: =SUM(S23:U23) -> 115 | W23: =IF(V23=0,"–",INDEX(S23:U23,MATCH($R23,{"TVK","AIADMK+BJP+PMK+AMMK","DMK+INC+VCK"},0))/V23) -> 0.54782609
A24: 20 | B24: ='AC Results'!A26 -> Thousand Lights | C24: ='AC Results'!Y26 -> Chennai | D24: DMK | E24: DMK+INC+VCK | F24: ='AC Results'!H26 -> 40 | G24: ='AC Results'!S26 -> DMK+INC+VCK | H24: ='AC Results'!U26 -> 8.9 | I24: ='AC Results'!V26 -> Lean | J24: ='AC Results'!W26 -> Tie | K24: TVK | L24: TVK | M24: =IF(G24=L24,"Yes","No") -> No | N24: =IF(J24=L24,"Yes","No") -> No | O24: =IF(E24<>L24,"Changed","Held") -> Changed | R24: AIADMK+BJP+PMK+AMMK | S24: =COUNTIFS($G$5:$G$238,$R24,$L$5:$L$238,"TVK") -> 22 | T24: =COUNTIFS($G$5:$G$238,$R24,$L$5:$L$238,"AIADMK+BJP+PMK+AMMK") -> 22 | U24: =COUNTIFS($G$5:$G$238,$R24,$L$5:$L$238,"DMK+INC+VCK") -> 16 | V24: =SUM(S24:U24) -> 60 | W24: =IF(V24=0,"–",INDEX(S24:U24,MATCH($R24,{"TVK","AIADMK+BJP+PMK+AMMK","DMK+INC+VCK"},0))/V24) -> 0.36666667
A25: 21 | B25: ='AC Results'!A14 -> Anna Nagar | C25: ='AC Results'!Y14 -> Chennai | D25: DMK | E25: DMK+INC+VCK | F25: ='AC Results'!H14 -> 49 | G25: ='AC Results'!S14 -> TVK | H25: ='AC Results'!U14 -> 9.1 | I25: ='AC Results'!V14 -> Lean | J25: ='AC Results'!W14 -> TVK | K25: TVK | L25: TVK | M25: =IF(G25=L25,"Yes","No") -> Yes | N25: =IF(J25=L25,"Yes","No") -> Yes | O25: =IF(E25<>L25,"Changed","Held") -> Changed | R25: DMK+INC+VCK | S25: =COUNTIFS($G$5:$G$238,$R25,$L$5:$L$238,"TVK") -> 22 | T25: =COUNTIFS($G$5:$G$238,$R25,$L$5:$L$238,"AIADMK+BJP+PMK+AMMK") -> 9 | U25: =COUNTIFS($G$5:$G$238,$R25,$L$5:$L$238,"DMK+INC+VCK") -> 25 | V25: =SUM(S25:U25) -> 56 | W25: =IF(V25=0,"–",INDEX(S25:U25,MATCH($R25,{"TVK","AIADMK+BJP+PMK+AMMK","DMK+INC+VCK"},0))/V25) -> 0.44642857
A26: 22 | B26: ='AC Results'!A29 -> Virugampakkam | C26: ='AC Results'!Y29 -> Chennai | D26: DMK | E26: DMK+INC+VCK | F26: ='AC Results'!H29 -> 65 | G26: ='AC Results'!S29 -> TVK | H26: ='AC Results'!U29 -> 4 | I26: ='AC Results'!V29 -> Toss-up | J26: ='AC Results'!W29 -> TVK | K26: TVK | L26: TVK | M26: =IF(G26=L26,"Yes","No") -> Yes | N26: =IF(J26=L26,"Yes","No") -> Yes | O26: =IF(E26<>L26,"Changed","Held") -> Changed | R26: NTK | S26: =COUNTIFS($G$5:$G$238,$R26,$L$5:$L$238,"TVK") -> 1 | T26: =COUNTIFS($G$5:$G$238,$R26,$L$5:$L$238,"AIADMK+BJP+PMK+AMMK") -> 1 | U26: =COUNTIFS($G$5:$G$238,$R26,$L$5:$L$238,"DMK+INC+VCK") -> 1 | V26: =SUM(S26:U26) -> 3 | W26: –
A27: 23 | B27: ='AC Results'!A23 -> Saidapet | C27: ='AC Results'!Y23 -> Chennai | D27: DMK | E27: DMK+INC+VCK | F27: ='AC Results'!H23 -> 39 | G27: ='AC Results'!S23 -> TVK | H27: ='AC Results'!U23 -> 3.9 | I27: ='AC Results'!V23 -> Toss-up | J27: ='AC Results'!W23 -> TVK | K27: TVK | L27: TVK | M27: =IF(G27=L27,"Yes","No") -> Yes | N27: =IF(J27=L27,"Yes","No") -> Yes | O27: =IF(E27<>L27,"Changed","Held") -> Changed | R27: Tie | S27: =COUNTIFS($G$5:$G$238,$R27,$L$5:$L$238,"TVK") -> 0 | T27: =COUNTIFS($G$5:$G$238,$R27,$L$5:$L$238,"AIADMK+BJP+PMK+AMMK") -> 0 | U27: =COUNTIFS($G$5:$G$238,$R27,$L$5:$L$238,"DMK+INC+VCK") -> 0 | V27: =SUM(S27:U27) -> 0 | W27: –
A28: 24 | B28: ='AC Results'!A25 -> Thiyagarayanagar | C28: ='AC Results'!Y25 -> Chennai | D28: DMK | E28: DMK+INC+VCK | F28: ='AC Results'!H25 -> 41 | G28: ='AC Results'!S25 -> AIADMK+BJP+PMK+AMMK | H28: ='AC Results'!U25 -> 42.6 | I28: ='AC Results'!V25 -> Strong | J28: ='AC Results'!W25 -> AIADMK+BJP+PMK+AMMK | K28: TVK | L28: TVK | M28: =IF(G28=L28,"Yes","No") -> No | N28: =IF(J28=L28,"Yes","No") -> No | O28: =IF(E28<>L28,"Changed","Held") -> Changed | R28: Total actual | S28: =SUM(S23:S27) -> 108 | T28: =SUM(T23:T27) -> 53 | U28: =SUM(U23:U27) -> 73 | V28: =SUM(V23:V27) -> 234
A29: 25 | B29: ='AC Results'!A20 -> Mylapore | C29: ='AC Results'!Y20 -> Chennai | D29: DMK | E29: DMK+INC+VCK | F29: ='AC Results'!H20 -> 45 | G29: ='AC Results'!S20 -> TVK | H29: ='AC Results'!U20 -> 10.4 | I29: ='AC Results'!V20 -> Strong | J29: ='AC Results'!W20 -> TVK | K29: TVK | L29: TVK | M29: =IF(G29=L29,"Yes","No") -> Yes | N29: =IF(J29=L29,"Yes","No") -> Yes | O29: =IF(E29<>L29,"Changed","Held") -> Changed | R29: Recall | S29: =IF(S28=0,0,S23/S28) -> 0.58333333 | T29: =IF(T28=0,0,T24/T28) -> 0.41509434 | U29: =IF(U28=0,0,U25/U28) -> 0.34246575
A30: 26 | B30: ='AC Results'!A27 -> Velachery | C30: ='AC Results'!Y27 -> Chennai | D30: INC | E30: DMK+INC+VCK | F30: ='AC Results'!H27 -> 60 | G30: ='AC Results'!S27 -> AIADMK+BJP+PMK+AMMK | H30: ='AC Results'!U27 -> 6.9 | I30: ='AC Results'!V27 -> Lean | J30: ='AC Results'!W27 -> AIADMK+BJP+PMK+AMMK | K30: TVK | L30: TVK | M30: =IF(G30=L30,"Yes","No") -> No | N30: =IF(J30=L30,"Yes","No") -> No | O30: =IF(E30<>L30,"Changed","Held") -> Changed
A31: 27 | B31: ='AC Results'!A11 -> Sholinganallur | C31: ='AC Results'!Y11 -> Chennai | D31: DMK | E31: DMK+INC+VCK | F31: ='AC Results'!H11 -> 108 | G31: ='AC Results'!S11 -> TVK | H31: ='AC Results'!U11 -> 5 | I31: ='AC Results'!V11 -> Lean | J31: ='AC Results'!W11 -> TVK | K31: TVK | L31: TVK | M31: =IF(G31=L31,"Yes","No") -> Yes | N31: =IF(J31=L31,"Yes","No") -> Yes | O31: =IF(E31<>L31,"Changed","Held") -> Changed
A32: 28 | B32: ='AC Results'!A73 -> Alandur | C32: ='AC Results'!Y73 -> Chennai | D32: DMK | E32: DMK+INC+VCK | F32: ='AC Results'!H73 -> 56 | G32: ='AC Results'!S73 -> AIADMK+BJP+PMK+AMMK | H32: ='AC Results'!U73 -> 12.4 | I32: ='AC Results'!V73 -> Strong | J32: ='AC Results'!W73 -> AIADMK+BJP+PMK+AMMK | K32: TVK | L32: TVK | M32: =IF(G32=L32,"Yes","No") -> No | N32: =IF(J32=L32,"Yes","No") -> No | O32: =IF(E32<>L32,"Changed","Held") -> Changed | R32: Accuracy by 2021→2026 outcome
A33: 29 | B33: ='AC Results'!A75 -> Sriperumbudur | C33: ='AC Results'!Y75 -> Kancheepuram | D33: INC | E33: DMK+INC+VCK | F33: ='AC Results'!H75 -> 48 | G33: ='AC Results'!S75 -> DMK+INC+VCK | H33: ='AC Results'!U75 -> 6.8 | I33: ='AC Results'!V75 -> Lean | J33: ='AC Results'!W75 -> TVK | K33: TVK | L33: TVK | M33: =IF(G33=L33,"Yes","No") -> No | N33: =IF(J33=L33,"Yes","No") -> Yes | O33: =IF(E33<>L33,"Changed","Held") -> Changed | R33: Outcome | S33: Seats | T33: Correct | U33: Accuracy
A34: 30 | B34: ='AC Results'!A10 -> Pallavaram | C34: ='AC Results'!Y10 -> Chengalpattu | D34: DMK | E34: DMK+INC+VCK | F34: ='AC Results'!H10 -> 96 | G34: ='AC Results'!S10 -> TVK | H34: ='AC Results'!U10 -> 1.5 | I34: ='AC Results'!V10 -> Toss-up | J34: ='AC Results'!W10 -> TVK | K34: TVK | L34: TVK | M34: =IF(G34=L34,"Yes","No") -> Yes | N34: =IF(J34=L34,"Yes","No") -> Yes | O34: =IF(E34<>L34,"Changed","Held") -> Changed | R34: Held | S34: =COUNTIF($O$5:$O$238,R34) -> 78 | T34: =COUNTIFS($O$5:$O$238,R34,$M$5:$M$238,"Yes") -> 30 | U34: =IF(S34=0,"–",T34/S34) -> 0.38461538
A35: 31 | B35: ='AC Results'!A12 -> Tambaram | C35: ='AC Results'!Y12 -> Chengalpattu | D35: DMK | E35: DMK+INC+VCK | F35: ='AC Results'!H12 -> 88 | G35: ='AC Results'!S12 -> DMK+INC+VCK | H35: ='AC Results'!U12 -> 0.9 | I35: ='AC Results'!V12 -> Toss-up | J35: ='AC Results'!W12 -> TVK | K35: TVK | L35: TVK | M35: =IF(G35=L35,"Yes","No") -> No | N35: =IF(J35=L35,"Yes","No") -> Yes | O35: =IF(E35<>L35,"Changed","Held") -> Changed | R35: Changed | S35: =COUNTIF($O$5:$O$238,R35) -> 156 | T35: =COUNTIFS($O$5:$O$238,R35,$M$5:$M$238,"Yes") -> 80 | U35: =IF(S35=0,"–",T35/S35) -> 0.51282051
A36: 32 | B36: ='AC Results'!A7 -> Chengalpattu | C36: ='AC Results'!Y7 -> Chengalpattu | D36: DMK | E36: DMK+INC+VCK | F36: ='AC Results'!H7 -> 67 | G36: ='AC Results'!S7 -> TVK | H36: ='AC Results'!U7 -> 23.9 | I36: ='AC Results'!V7 -> Strong | J36: ='AC Results'!W7 -> TVK | K36: TVK | L36: TVK | M36: =IF(G36=L36,"Yes","No") -> Yes | N36: =IF(J36=L36,"Yes","No") -> Yes | O36: =IF(E36<>L36,"Changed","Held") -> Changed
A37: 33 | B37: ='AC Results'!A13 -> Thiruporur | C37: ='AC Results'!Y13 -> Chengalpattu | D37: VCK | E37: DMK+INC+VCK | F37: ='AC Results'!H13 -> 34 | G37: ='AC Results'!S13 -> TVK | H37: ='AC Results'!U13 -> 33 | I37: ='AC Results'!V13 -> Strong | J37: ='AC Results'!W13 -> TVK | K37: TVK | L37: TVK | M37: =IF(G37=L37,"Yes","No") -> Yes | N37: =IF(J37=L37,"Yes","No") -> Yes | O37: =IF(E37<>L37,"Changed","Held") -> Changed
A38: 34 | B38: ='AC Results'!A8 -> Cheyyur | C38: ='AC Results'!Y8 -> Chengalpattu | D38: VCK | E38: DMK+INC+VCK | F38: ='AC Results'!H8 -> 22 | G38: ='AC Results'!S8 -> AIADMK+BJP+PMK+AMMK | H38: ='AC Results'!U8 -> 32.5 | I38: ='AC Results'!V8 -> Lean | J38: ='AC Results'!W8 -> AIADMK+BJP+PMK+AMMK | K38: ADMK | L38: AIADMK+BJP+PMK+AMMK | M38: =IF(G38=L38,"Yes","No") -> Yes | N38: =IF(J38=L38,"Yes","No") -> Yes | O38: =IF(E38<>L38,"Changed","Held") -> Changed
A39: 35 | B39: ='AC Results'!A9 -> Madurantakam | C39: ='AC Results'!Y9 -> Chengalpattu | D39: AIADMK | E39: AIADMK+BJP+PMK+AMMK | F39: ='AC Results'!H9 -> 18 | G39: ='AC Results'!S9 -> TVK | H39: ='AC Results'!U9 -> 11.5 | I39: ='AC Results'!V9 -> Lean | J39: ='AC Results'!W9 -> TVK | K39: ADMK | L39: AIADMK+BJP+PMK+AMMK | M39: =IF(G39=L39,"Yes","No") -> No | N39: =IF(J39=L39,"Yes","No") -> No | O39: =IF(E39<>L39,"Changed","Held") -> Held
A40: 36 | B40: ='AC Results'!A76 -> Uthiramerur | C40: ='AC Results'!Y76 -> Kancheepuram | D40: DMK | E40: DMK+INC+VCK | F40: ='AC Results'!H76 -> 25 | G40: ='AC Results'!S76 -> DMK+INC+VCK | H40: ='AC Results'!U76 -> 3.7 | I40: ='AC Results'!V76 -> Toss-up | J40: ='AC Results'!W76 -> Tie | K40: TVK | L40: TVK | M40: =IF(G40=L40,"Yes","No") -> No | N40: =IF(J40=L40,"Yes","No") -> No | O40: =IF(E40<>L40,"Changed","Held") -> Changed
A41: 37 | B41: ='AC Results'!A74 -> Kancheepuram | C41: ='AC Results'!Y74 -> Kancheepuram | D41: DMK | E41: DMK+INC+VCK | F41: ='AC Results'!H74 -> 62 | G41: ='AC Results'!S74 -> TVK | H41: ='AC Results'!U74 -> 26.6 | I41: ='AC Results'!V74 -> Strong | J41: ='AC Results'!W74 -> TVK | K41: TVK | L41: TVK | M41: =IF(G41=L41,"Yes","No") -> Yes | N41: =IF(J41=L41,"Yes","No") -> Yes | O41: =IF(E41<>L41,"Changed","Held") -> Changed
A42: 38 | B42: ='AC Results'!A127 -> Arakkonam | C42: ='AC Results'!Y127 -> Ranipet | D42: AIADMK | E42: AIADMK+BJP+PMK+AMMK | F42: ='AC Results'!H127 -> 31 | G42: ='AC Results'!S127 -> AIADMK+BJP+PMK+AMMK | H42: ='AC Results'!U127 -> 21.3 | I42: ='AC Results'!V127 -> Strong | J42: ='AC Results'!W127 -> AIADMK+BJP+PMK+AMMK | K42: TVK | L42: TVK | M42: =IF(G42=L42,"Yes","No") -> No | N42: =IF(J42=L42,"Yes","No") -> No | O42: =IF(E42<>L42,"Changed","Held") -> Changed
A43: 39 | B43: ='AC Results'!A130 -> Sholingur | C43: ='AC Results'!Y130 -> Ranipet | D43: INC | E43: DMK+INC+VCK | F43: ='AC Results'!H130 -> 17 | G43: ='AC Results'!S130 -> AIADMK+BJP+PMK+AMMK | H43: ='AC Results'!U130 -> 13.4 | I43: ='AC Results'!V130 -> Lean | J43: ='AC Results'!W130 -> AIADMK+BJP+PMK+AMMK | K43: TVK | L43: TVK | M43: =IF(G43=L43,"Yes","No") -> No | N43: =IF(J43=L43,"Yes","No") -> No | O43: =IF(E43<>L43,"Changed","Held") -> Changed
A44: 40 | B44: ='AC Results'!A222 -> Katpadi | C44: ='AC Results'!Y222 -> Vellore | D44: DMK | E44: DMK+INC+VCK | F44: ='AC Results'!H222 -> 44 | G44: ='AC Results'!S222 -> AIADMK+BJP+PMK+AMMK | H44: ='AC Results'!U222 -> 28.1 | I44: ='AC Results'!V222 -> Strong | J44: ='AC Results'!W222 -> AIADMK+BJP+PMK+AMMK | K44: TVK | L44: TVK | M44: =IF(G44=L44,"Yes","No") -> No | N44: =IF(J44=L44,"Yes","No") -> No | O44: =IF(E44<>L44,"Changed","Held") -> Changed
A45: 41 | B45: ='AC Results'!A129 -> Ranipet | C45: ='AC Results'!Y129 -> Ranipet | D45: DMK | E45: DMK+INC+VCK | F45: ='AC Results'!H129 -> 24 | G45: ='AC Results'!S129 -> TVK | H45: ='AC Results'!U129 -> 15.6 | I45: ='AC Results'!V129 -> Lean | J45: ='AC Results'!W129 -> TVK | K45: TVK | L45: TVK | M45: =IF(G45=L45,"Yes","No") -> Yes | N45: =IF(J45=L45,"Yes","No") -> Yes | O45: =IF(E45<>L45,"Changed","Held") -> Changed
A46: 42 | B46: ='AC Results'!A128 -> Arcot | C46: ='AC Results'!Y128 -> Ranipet | D46: DMK | E46: DMK+INC+VCK | F46: ='AC Results'!H128 -> 35 | G46: ='AC Results'!S128 -> DMK+INC+VCK | H46: ='AC Results'!U128 -> 3.2 | I46: ='AC Results'!V128 -> Toss-up | J46: ='AC Results'!W128 -> TVK | K46: ADMK | L46: AIADMK+BJP+PMK+AMMK | M46: =IF(G46=L46,"Yes","No") -> No | N46: =IF(J46=L46,"Yes","No") -> No | O46: =IF(E46<>L46,"Changed","Held") -> Changed
A47: 43 | B47: ='AC Results'!A224 -> Vellore | C47: ='AC Results'!Y224 -> Vellore | D47: DMK | E47: DMK+INC+VCK | F47: ='AC Results'!H224 -> 54 | G47: ='AC Results'!S224 -> DMK+INC+VCK | H47: ='AC Results'!U224 -> 5.2 | I47: ='AC Results'!V224 -> Lean | J47: ='AC Results'!W224 -> TVK | K47: TVK | L47: TVK | M47: =IF(G47=L47,"Yes","No") -> No | N47: =IF(J47=L47,"Yes","No") -> Yes | O47: =IF(E47<>L47,"Changed","Held") -> Changed
A48: 44 | B48: ='AC Results'!A220 -> Anaikattu | C48: ='AC Results'!Y220 -> Vellore | D48: DMK | E48: DMK+INC+VCK | F48: ='AC Results'!H220 -> 31 | G48: ='AC Results'!S220 -> TVK | H48: ='AC Results'!U220 -> 17.4 | I48: ='AC Results'!V220 -> Strong | J48: ='AC Results'!W220 -> TVK | K48: ADMK | L48: AIADMK+BJP+PMK+AMMK | M48: =IF(G48=L48,"Yes","No") -> No | N48: =IF(J48=L48,"Yes","No") -> No | O48: =IF(E48<>L48,"Changed","Held") -> Changed
A49: 45 | B49: ='AC Results'!A223 -> Kilvaithinankuppam | C49: ='AC Results'!Y223 -> Vellore | D49: AIADMK | E49: AIADMK+BJP+PMK+AMMK | F49: ='AC Results'!H223 -> 22 | G49: ='AC Results'!S223 -> TVK | H49: ='AC Results'!U223 -> 18.4 | I49: ='AC Results'!V223 -> Lean | J49: ='AC Results'!W223 -> TVK | K49: TVK | L49: TVK | M49: =IF(G49=L49,"Yes","No") -> Yes | N49: =IF(J49=L49,"Yes","No") -> Yes | O49: =IF(E49<>L49,"Changed","Held") -> Changed
A50: 46 | B50: ='AC Results'!A221 -> Gudiyatham | C50: ='AC Results'!Y221 -> Vellore | D50: DMK | E50: DMK+INC+VCK | F50: ='AC Results'!H221 -> 33 | G50: ='AC Results'!S221 -> TVK | H50: ='AC Results'!U221 -> 12.3 | I50: ='AC Results'!V221 -> Strong | J50: ='AC Results'!W221 -> TVK | K50: TVK | L50: TVK | M50: =IF(G50=L50,"Yes","No") -> Yes | N50: =IF(J50=L50,"Yes","No") -> Yes | O50: =IF(E50<>L50,"Changed","Held") -> Changed
A51: 47 | B51: ='AC Results'!A199 -> Vaniyambadi | C51: ='AC Results'!Y199 -> Tirupathur | D51: AIADMK | E51: AIADMK+BJP+PMK+AMMK | F51: ='AC Results'!H199 -> 19 | G51: ='AC Results'!S199 -> TVK | H51: ='AC Results'!U199 -> 36.9 | I51: ='AC Results'!V199 -> Lean | J51: ='AC Results'!W199 -> TVK | K51: IUML | L51: DMK+INC+VCK | M51: =IF(G51=L51,"Yes","No") -> No | N51: =IF(J51=L51,"Yes","No") -> No | O51: =IF(E51<>L51,"Changed","Held") -> Changed
A52: 48 | B52: ='AC Results'!A196 -> Ambur | C52: ='AC Results'!Y196 -> Tirupathur | D52: DMK | E52: DMK+INC+VCK | F52: ='AC Results'!H196 -> 37 | G52: ='AC Results'!S196 -> DMK+INC+VCK | H52: ='AC Results'!U196 -> 14.3 | I52: ='AC Results'!V196 -> Strong | J52: ='AC Results'!W196 -> DMK+INC+VCK | K52: DMK | L52: DMK+INC+VCK | M52: =IF(G52=L52,"Yes","No") -> Yes | N52: =IF(J52=L52,"Yes","No") -> Yes | O52: =IF(E52<>L52,"Changed","Held") -> Held
A53: 49 | B53: ='AC Results'!A197 -> Jolarpet | C53: ='AC Results'!Y197 -> Tirupathur | D53: DMK | E53: DMK+INC+VCK | F53: ='AC Results'!H197 -> 24 | G53: ='AC Results'!S197 -> TVK | H53: ='AC Results'!U197 -> 3.6 | I53: ='AC Results'!V197 -> Toss-up | J53: ='AC Results'!W197 -> TVK | K53: ADMK | L53: AIADMK+BJP+PMK+AMMK | M53: =IF(G53=L53,"Yes","No") -> No | N53: =IF(J53=L53,"Yes","No") -> No | O53: =IF(E53<>L53,"Changed","Held") -> Changed
A54: 50 | B54: ='AC Results'!A198 -> Tiruppattur | C54: ='AC Results'!Y198 -> Tirupathur | D54: DMK | E54: DMK+INC+VCK | F54: ='AC Results'!H198 -> 44 | G54: ='AC Results'!S198 -> DMK+INC+VCK | H54: ='AC Results'!U198 -> 8.9 | I54: ='AC Results'!V198 -> Lean | J54: ='AC Results'!W198 -> Tie | K54: TVK | L54: TVK | M54: =IF(G54=L54,"Yes","No") -> No | N54: =IF(J54=L54,"Yes","No") -> No | O54: =IF(E54<>L54,"Changed","Held") -> Changed
A55: 51 | B55: ='AC Results'!A91 -> Uthangarai | C55: ='AC Results'!Y91 -> Krishnagiri | D55: AIADMK | E55: AIADMK+BJP+PMK+AMMK | F55: ='AC Results'!H91 -> 33 | G55: ='AC Results'!S91 -> TVK | H55: ='AC Results'!U91 -> 3.9 | I55: ='AC Results'!V91 -> Toss-up | J55: ='AC Results'!W91 -> TVK | K55: TVK | L55: TVK | M55: =IF(G55=L55,"Yes","No") -> Yes | N55: =IF(J55=L55,"Yes","No") -> Yes | O55: =IF(E55<>L55,"Changed","Held") -> Changed
A56: 52 | B56: ='AC Results'!A87 -> Bargur | C56: ='AC Results'!Y87 -> Krishnagiri | D56: DMK | E56: DMK+INC+VCK | F56: ='AC Results'!H87 -> 41 | G56: ='AC Results'!S87 -> TVK | H56: ='AC Results'!U87 -> 4.6 | I56: ='AC Results'!V87 -> Toss-up | J56: ='AC Results'!W87 -> TVK | K56: ADMK | L56: AIADMK+BJP+PMK+AMMK | M56: =IF(G56=L56,"Yes","No") -> No | N56: =IF(J56=L56,"Yes","No") -> No | O56: =IF(E56<>L56,"Changed","Held") -> Changed
A57: 53 | B57: ='AC Results'!A89 -> Krishnagiri | C57: ='AC Results'!Y89 -> Krishnagiri | D57: AIADMK | E57: AIADMK+BJP+PMK+AMMK | F57: ='AC Results'!H89 -> 80 | G57: ='AC Results'!S89 -> TVK | H57: ='AC Results'!U89 -> 22.4 | I57: ='AC Results'!V89 -> Strong | J57: ='AC Results'!W89 -> TVK | K57: TVK | L57: TVK | M57: =IF(G57=L57,"Yes","No") -> Yes | N57: =IF(J57=L57,"Yes","No") -> Yes | O57: =IF(E57<>L57,"Changed","Held") -> Changed
A58: 54 | B58: ='AC Results'!A92 -> Veppanahalli | C58: ='AC Results'!Y92 -> Krishnagiri | D58: AIADMK | E58: AIADMK+BJP+PMK+AMMK | F58: ='AC Results'!H92 -> 35 | G58: ='AC Results'!S92 -> TVK | H58: ='AC Results'!U92 -> 11.1 | I58: ='AC Results'!V92 -> Strong | J58: ='AC Results'!W92 -> TVK | K58: DMK | L58: DMK+INC+VCK | M58: =IF(G58=L58,"Yes","No") -> No | N58: =IF(J58=L58,"Yes","No") -> No | O58: =IF(E58<>L58,"Changed","Held") -> Changed
A59: 55 | B59: ='AC Results'!A88 -> Hosur | C59: ='AC Results'!Y88 -> Krishnagiri | D59: DMK | E59: DMK+INC+VCK | F59: ='AC Results'!H88 -> 105 | G59: ='AC Results'!S88 -> AIADMK+BJP+PMK+AMMK | H59: ='AC Results'!U88 -> 4.3 | I59: ='AC Results'!V88 -> Toss-up | J59: ='AC Results'!W88 -> TVK | K59: ADMK | L59: AIADMK+BJP+PMK+AMMK | M59: =IF(G59=L59,"Yes","No") -> Yes | N59: =IF(J59=L59,"Yes","No") -> No | O59: =IF(E59<>L59,"Changed","Held") -> Changed
A60: 56 | B60: ='AC Results'!A90 -> Thalli | C60: ='AC Results'!Y90 -> Krishnagiri | D60: CPI | E60: DMK+INC+VCK | F60: ='AC Results'!H90 -> 33 | G60: ='AC Results'!S90 -> AIADMK+BJP+PMK+AMMK | H60: ='AC Results'!U90 -> 11.3 | I60: ='AC Results'!V90 -> Strong | J60: ='AC Results'!W90 -> AIADMK+BJP+PMK+AMMK | K60: CPI | L60: DMK+INC+VCK | M60: =IF(G60=L60,"Yes","No") -> No | N60: =IF(J60=L60,"Yes","No") -> No | O60: =IF(E60<>L60,"Changed","Held") -> Held
A61: 57 | B61: ='AC Results'!A51 -> Palacode | C61: ='AC Results'!Y51 -> Dharmapuri | D61: AIADMK | E61: AIADMK+BJP+PMK+AMMK | F61: ='AC Results'!H51 -> 36 | G61: ='AC Results'!S51 -> AIADMK+BJP+PMK+AMMK | H61: ='AC Results'!U51 -> 5.2 | I61: ='AC Results'!V51 -> Lean | J61: ='AC Results'!W51 -> Tie | K61: ADMK | L61: AIADMK+BJP+PMK+AMMK | M61: =IF(G61=L61,"Yes","No") -> Yes | N61: =IF(J61=L61,"Yes","No") -> No | O61: =IF(E61<>L61,"Changed","Held") -> Held
A62: 58 | B62: ='AC Results'!A53 -> Pennagaram | C62: ='AC Results'!Y53 -> Dharmapuri | D62: PMK | E62: AIADMK+BJP+PMK+AMMK | F62: ='AC Results'!H53 -> 42 | G62: ='AC Results'!S53 -> TVK | H62: ='AC Results'!U53 -> 4.3 | I62: ='AC Results'!V53 -> Toss-up | J62: ='AC Results'!W53 -> TVK | K62: TVK | L62: TVK | M62: =IF(G62=L62,"Yes","No") -> Yes | N62: =IF(J62=L62,"Yes","No") -> Yes | O62: =IF(E62<>L62,"Changed","Held") -> Changed
A63: 59 | B63: ='AC Results'!A49 -> Dharmapuri | C63: ='AC Results'!Y49 -> Dharmapuri | D63: PMK | E63: AIADMK+BJP+PMK+AMMK | F63: ='AC Results'!H49 -> 73 | G63: ='AC Results'!S49 -> AIADMK+BJP+PMK+AMMK | H63: ='AC Results'!U49 -> 13.4 | I63: ='AC Results'!V49 -> Strong | J63: ='AC Results'!W49 -> AIADMK+BJP+PMK+AMMK | K63: PMK | L63: AIADMK+BJP+PMK+AMMK | M63: =IF(G63=L63,"Yes","No") -> Yes | N63: =IF(J63=L63,"Yes","No") -> Yes | O63: =IF(E63<>L63,"Changed","Held") -> Held
A64: 60 | B64: ='AC Results'!A52 -> Pappireddippatti | C64: ='AC Results'!Y52 -> Dharmapuri | D64: AIADMK | E64: AIADMK+BJP+PMK+AMMK | F64: ='AC Results'!H52 -> 44 | G64: ='AC Results'!S52 -> AIADMK+BJP+PMK+AMMK | H64: ='AC Results'!U52 -> 34.9 | I64: ='AC Results'!V52 -> Strong | J64: ='AC Results'!W52 -> AIADMK+BJP+PMK+AMMK | K64: ADMK | L64: AIADMK+BJP+PMK+AMMK | M64: =IF(G64=L64,"Yes","No") -> Yes | N64: =IF(J64=L64,"Yes","No") -> Yes | O64: =IF(E64<>L64,"Changed","Held") -> Held
A65: 61 | B65: ='AC Results'!A50 -> Harur | C65: ='AC Results'!Y50 -> Dharmapuri | D65: AIADMK | E65: AIADMK+BJP+PMK+AMMK | F65: ='AC Results'!H50 -> 42 | G65: ='AC Results'!S50 -> AIADMK+BJP+PMK+AMMK | H65: ='AC Results'!U50 -> 5.2 | I65: ='AC Results'!V50 -> Lean | J65: ='AC Results'!W50 -> Tie | K65: ADMK | L65: AIADMK+BJP+PMK+AMMK | M65: =IF(G65=L65,"Yes","No") -> Yes | N65: =IF(J65=L65,"Yes","No") -> No | O65: =IF(E65<>L65,"Changed","Held") -> Held
A66: 62 | B66: ='AC Results'!A209 -> Chengam | C66: ='AC Results'!Y209 -> Tiruvannamalai | D66: DMK | E66: DMK+INC+VCK | F66: ='AC Results'!H209 -> 22 | G66: ='AC Results'!S209 -> TVK | H66: ='AC Results'!U209 -> 17.5 | I66: ='AC Results'!V209 -> Lean | J66: ='AC Results'!W209 -> TVK | K66: ADMK | L66: AIADMK+BJP+PMK+AMMK | M66: =IF(G66=L66,"Yes","No") -> No | N66: =IF(J66=L66,"Yes","No") -> No | O66: =IF(E66<>L66,"Changed","Held") -> Changed
A67: 63 | B67: ='AC Results'!A214 -> Tiruvannamalai | C67: ='AC Results'!Y214 -> Tiruvannamalai | D67: DMK | E67: DMK+INC+VCK | F67: ='AC Results'!H214 -> 33 | G67: ='AC Results'!S214 -> DMK+INC+VCK | H67: ='AC Results'!U214 -> 11.9 | I67: ='AC Results'!V214 -> Strong | J67: ='AC Results'!W214 -> DMK+INC+VCK | K67: DMK | L67: DMK+INC+VCK | M67: =IF(G67=L67,"Yes","No") -> Yes | N67: =IF(J67=L67,"Yes","No") -> Yes | O67: =IF(E67<>L67,"Changed","Held") -> Held
A68: 64 | B68: ='AC Results'!A212 -> Kilpennathur | C68: ='AC Results'!Y212 -> Tiruvannamalai | D68: DMK | E68: DMK+INC+VCK | F68: ='AC Results'!H212 -> 19 | G68: ='AC Results'!S212 -> TVK | H68: ='AC Results'!U212 -> 47.4 | I68: ='AC Results'!V212 -> Lean | J68: ='AC Results'!W212 -> TVK | K68: ADMK | L68: AIADMK+BJP+PMK+AMMK | M68: =IF(G68=L68,"Yes","No") -> No | N68: =IF(J68=L68,"Yes","No") -> No | O68: =IF(E68<>L68,"Changed","Held") -> Changed
A69: 65 | B69: ='AC Results'!A211 -> Kalasapakkam | C69: ='AC Results'!Y211 -> Tiruvannamalai | D69: DMK | E69: DMK+INC+VCK | F69: ='AC Results'!H211 -> 14 | G69: ='AC Results'!S211 -> TVK | H69: ='AC Results'!U211 -> 23.4 | I69: ='AC Results'!V211 -> Lean | J69: ='AC Results'!W211 -> TVK | K69: ADMK | L69: AIADMK+BJP+PMK+AMMK | M69: =IF(G69=L69,"Yes","No") -> No | N69: =IF(J69=L69,"Yes","No") -> No | O69: =IF(E69<>L69,"Changed","Held") -> Changed
A70: 66 | B70: ='AC Results'!A213 -> Polur | C70: ='AC Results'!Y213 -> Tiruvannamalai | D70: AIADMK | E70: AIADMK+BJP+PMK+AMMK | F70: ='AC Results'!H213 -> 25 | G70: ='AC Results'!S213 -> TVK | H70: ='AC Results'!U213 -> 6.8 | I70: ='AC Results'!V213 -> Lean | J70: ='AC Results'!W213 -> TVK | K70: TVK | L70: TVK | M70: =IF(G70=L70,"Yes","No") -> Yes | N70: =IF(J70=L70,"Yes","No") -> Yes | O70: =IF(E70<>L70,"Changed","Held") -> Changed
A71: 67 | B71: ='AC Results'!A208 -> Arani | C71: ='AC Results'!Y208 -> Tiruvannamalai | D71: AIADMK | E71: AIADMK+BJP+PMK+AMMK | F71: ='AC Results'!H208 -> 30 | G71: ='AC Results'!S208 -> TVK | H71: ='AC Results'!U208 -> 4.8 | I71: ='AC Results'!V208 -> Toss-up | J71: ='AC Results'!W208 -> TVK | K71: ADMK | L71: AIADMK+BJP+PMK+AMMK | M71: =IF(G71=L71,"Yes","No") -> No | N71: =IF(J71=L71,"Yes","No") -> No | O71: =IF(E71<>L71,"Changed","Held") -> Held
A72: 68 | B72: ='AC Results'!A210 -> Cheyyar | C72: ='AC Results'!Y210 -> Tiruvannamalai | D72: DMK | E72: DMK+INC+VCK | F72: ='AC Results'!H210 -> 16 | G72: ='AC Results'!S210 -> AIADMK+BJP+PMK+AMMK | H72: ='AC Results'!U210 -> 5.2 | I72: ='AC Results'!V210 -> Lean | J72: ='AC Results'!W210 -> Tie | K72: ADMK | L72: AIADMK+BJP+PMK+AMMK | M72: =IF(G72=L72,"Yes","No") -> Yes | N72: =IF(J72=L72,"Yes","No") -> No | O72: =IF(E72<>L72,"Changed","Held") -> Changed
A73: 69 | B73: ='AC Results'!A215 -> Vandavasi | C73: ='AC Results'!Y215 -> Tiruvannamalai | D73: DMK | E73: DMK+INC+VCK | F73: ='AC Results'!H215 -> 12 | G73: ='AC Results'!S215 -> TVK | H73: ='AC Results'!U215 -> 16.1 | I73: ='AC Results'!V215 -> Lean | J73: ='AC Results'!W215 -> TVK | K73: DMK | L73: DMK+INC+VCK | M73: =IF(G73=L73,"Yes","No") -> No | N73: =IF(J73=L73,"Yes","No") -> No | O73: =IF(E73<>L73,"Changed","Held") -> Held
A74: 70 | B74: ='AC Results'!A225 -> Gingee | C74: ='AC Results'!Y225 -> Villupuram | D74: DMK | E74: DMK+INC+VCK | F74: ='AC Results'!H225 -> 27 | G74: ='AC Results'!S225 -> AIADMK+BJP+PMK+AMMK | H74: ='AC Results'!U225 -> 14.8 | I74: ='AC Results'!V225 -> Lean | J74: ='AC Results'!W225 -> AIADMK+BJP+PMK+AMMK | K74: PMK | L74: AIADMK+BJP+PMK+AMMK | M74: =IF(G74=L74,"Yes","No") -> Yes | N74: =IF(J74=L74,"Yes","No") -> Yes | O74: =IF(E74<>L74,"Changed","Held") -> Changed
A75: 71 | B75: ='AC Results'!A226 -> Mailam | C75: ='AC Results'!Y226 -> Villupuram | D75: PMK | E75: AIADMK+BJP+PMK+AMMK | F75: ='AC Results'!H226 -> 13 | G75: ='AC Results'!S226 -> AIADMK+BJP+PMK+AMMK | H75: ='AC Results'!U226 -> 20.6 | I75: ='AC Results'!V226 -> Lean | J75: ='AC Results'!W226 -> AIADMK+BJP+PMK+AMMK | K75: ADMK | L75: AIADMK+BJP+PMK+AMMK | M75: =IF(G75=L75,"Yes","No") -> Yes | N75: =IF(J75=L75,"Yes","No") -> Yes | O75: =IF(E75<>L75,"Changed","Held") -> Held
A76: 72 | B76: ='AC Results'!A227 -> Tindivanam | C76: ='AC Results'!Y227 -> Villupuram | D76: AIADMK | E76: AIADMK+BJP+PMK+AMMK | F76: ='AC Results'!H227 -> 13 | G76: ='AC Results'!S227 -> DMK+INC+VCK | H76: ='AC Results'!U227 -> 24.3 | I76: ='AC Results'!V227 -> Lean | J76: ='AC Results'!W227 -> DMK+INC+VCK | K76: VCK | L76: DMK+INC+VCK | M76: =IF(G76=L76,"Yes","No") -> Yes | N76: =IF(J76=L76,"Yes","No") -> Yes | O76: =IF(E76<>L76,"Changed","Held") -> Changed
A77: 73 | B77: ='AC Results'!A229 -> Vanur | C77: ='AC Results'!Y229 -> Villupuram | D77: AIADMK | E77: AIADMK+BJP+PMK+AMMK | F77: ='AC Results'!H229 -> 28 | G77: ='AC Results'!S229 -> AIADMK+BJP+PMK+AMMK | H77: ='AC Results'!U229 -> 3.4 | I77: ='AC Results'!V229 -> Toss-up | J77: ='AC Results'!W229 -> AIADMK+BJP+PMK+AMMK | K77: DMK | L77: DMK+INC+VCK | M77: =IF(G77=L77,"Yes","No") -> No | N77: =IF(J77=L77,"Yes","No") -> No | O77: =IF(E77<>L77,"Changed","Held") -> Changed
A78: 74 | B78: ='AC Results'!A231 -> Villupuram | C78: ='AC Results'!Y231 -> Villupuram | D78: DMK | E78: DMK+INC+VCK | F78: ='AC Results'!H231 -> 48 | G78: ='AC Results'!S231 -> AIADMK+BJP+PMK+AMMK | H78: ='AC Results'!U231 -> 6.7 | I78: ='AC Results'!V231 -> Lean | J78: ='AC Results'!W231 -> AIADMK+BJP+PMK+AMMK | K78: DMK | L78: DMK+INC+VCK | M78: =IF(G78=L78,"Yes","No") -> No | N78: =IF(J78=L78,"Yes","No") -> No | O78: =IF(E78<>L78,"Changed","Held") -> Held
A79: 75 | B79: ='AC Results'!A230 -> Vikravandi | C79: ='AC Results'!Y230 -> Villupuram | D79: DMK | E79: DMK+INC+VCK | F79: ='AC Results'!H230 -> 26 | G79: ='AC Results'!S230 -> AIADMK+BJP+PMK+AMMK | H79: ='AC Results'!U230 -> 1.4 | I79: ='AC Results'!V230 -> Toss-up | J79: ='AC Results'!W230 -> TVK | K79: PMK | L79: AIADMK+BJP+PMK+AMMK | M79: =IF(G79=L79,"Yes","No") -> Yes | N79: =IF(J79=L79,"Yes","No") -> No | O79: =IF(E79<>L79,"Changed","Held") -> Changed
A80: 76 | B80: ='AC Results'!A228 -> Tirukkoyilur | C80: ='AC Results'!Y228 -> Villupuram | D80: DMK | E80: DMK+INC+VCK | F80: ='AC Results'!H228 -> 20 | G80: ='AC Results'!S228 -> AIADMK+BJP+PMK+AMMK | H80: ='AC Results'!U228 -> 5.2 | I80: ='AC Results'!V228 -> Lean | J80: ='AC Results'!W228 -> Tie | K80: ADMK | L80: AIADMK+BJP+PMK+AMMK | M80: =IF(G80=L80,"Yes","No") -> Yes | N80: =IF(J80=L80,"Yes","No") -> No | O80: =IF(E80<>L80,"Changed","Held") -> Changed
A81: 77 | B81: ='AC Results'!A72 -> Ulundurpettai | C81: ='AC Results'!Y72 -> Kallakurichi | D81: DMK | E81: DMK+INC+VCK | F81: ='AC Results'!H72 -> 25 | G81: ='AC Results'!S72 -> TVK | H81: ='AC Results'!U72 -> 15.1 | I81: ='AC Results'!V72 -> Lean | J81: ='AC Results'!W72 -> TVK | K81: DMK | L81: DMK+INC+VCK | M81: =IF(G81=L81,"Yes","No") -> No | N81: =IF(J81=L81,"Yes","No") -> No | O81: =IF(E81<>L81,"Changed","Held") -> Held
A82: 78 | B82: ='AC Results'!A70 -> Rishivandiyam | C82: ='AC Results'!Y70 -> Kallakurichi | D82: DMK | E82: DMK+INC+VCK | F82: ='AC Results'!H70 -> 23 | G82: ='AC Results'!S70 -> TVK | H82: ='AC Results'!U70 -> 8.5 | I82: ='AC Results'!V70 -> Lean | J82: ='AC Results'!W70 -> TVK | K82: DMK | L82: DMK+INC+VCK | M82: =IF(G82=L82,"Yes","No") -> No | N82: =IF(J82=L82,"Yes","No") -> No | O82: =IF(E82<>L82,"Changed","Held") -> Held
A83: 79 | B83: ='AC Results'!A71 -> Sankarapuram | C83: ='AC Results'!Y71 -> Kallakurichi | D83: DMK | E83: DMK+INC+VCK | F83: ='AC Results'!H71 -> 25 | G83: ='AC Results'!S71 -> TVK | H83: ='AC Results'!U71 -> 39.1 | I83: ='AC Results'!V71 -> Lean | J83: ='AC Results'!W71 -> TVK | K83: ADMK | L83: AIADMK+BJP+PMK+AMMK | M83: =IF(G83=L83,"Yes","No") -> No | N83: =IF(J83=L83,"Yes","No") -> No | O83: =IF(E83<>L83,"Changed","Held") -> Changed
A84: 80 | B84: ='AC Results'!A69 -> Kallakurichi | C84: ='AC Results'!Y69 -> Kallakurichi | D84: AIADMK | E84: AIADMK+BJP+PMK+AMMK | F84: ='AC Results'!H69 -> 32 | G84: ='AC Results'!S69 -> TVK | H84: ='AC Results'!U69 -> 22.4 | I84: ='AC Results'!V69 -> Strong | J84: ='AC Results'!W69 -> TVK | K84: TVK | L84: TVK | M84: =IF(G84=L84,"Yes","No") -> Yes | N84: =IF(J84=L84,"Yes","No") -> Yes | O84: =IF(E84<>L84,"Changed","Held") -> Changed
A85: 81 | B85: ='AC Results'!A133 -> Gangavalli | C85: ='AC Results'!Y133 -> Salem | D85: AIADMK | E85: AIADMK+BJP+PMK+AMMK | F85: ='AC Results'!H133 -> 40 | G85: ='AC Results'!S133 -> DMK+INC+VCK | H85: ='AC Results'!U133 -> 6.2 | I85: ='AC Results'!V133 -> Lean | J85: ='AC Results'!W133 -> DMK+INC+VCK | K85: ADMK | L85: AIADMK+BJP+PMK+AMMK | M85: =IF(G85=L85,"Yes","No") -> No | N85: =IF(J85=L85,"Yes","No") -> No | O85: =IF(E85<>L85,"Changed","Held") -> Held
A86: 82 | B86: ='AC Results'!A131 -> Attur | C86: ='AC Results'!Y131 -> Salem | D86: AIADMK | E86: AIADMK+BJP+PMK+AMMK | F86: ='AC Results'!H131 -> 30 | G86: ='AC Results'!S131 -> AIADMK+BJP+PMK+AMMK | H86: ='AC Results'!U131 -> 5.2 | I86: ='AC Results'!V131 -> Lean | J86: ='AC Results'!W131 -> Tie | K86: ADMK | L86: AIADMK+BJP+PMK+AMMK | M86: =IF(G86=L86,"Yes","No") -> Yes | N86: =IF(J86=L86,"Yes","No") -> No | O86: =IF(E86<>L86,"Changed","Held") -> Held
A87: 83 | B87: ='AC Results'!A141 -> Yercaud | C87: ='AC Results'!Y141 -> Salem | D87: AIADMK | E87: AIADMK+BJP+PMK+AMMK | F87: ='AC Results'!H141 -> 35 | G87: ='AC Results'!S141 -> DMK+INC+VCK | H87: ='AC Results'!U141 -> 12.3 | I87: ='AC Results'!V141 -> Strong | J87: ='AC Results'!W141 -> DMK+INC+VCK | K87: ADMK | L87: AIADMK+BJP+PMK+AMMK | M87: =IF(G87=L87,"Yes","No") -> No | N87: =IF(J87=L87,"Yes","No") -> No | O87: =IF(E87<>L87,"Changed","Held") -> Held
A88: 84 | B88: ='AC Results'!A135 -> Omalur | C88: ='AC Results'!Y135 -> Salem | D88: AIADMK | E88: AIADMK+BJP+PMK+AMMK | F88: ='AC Results'!H135 -> 46 | G88: ='AC Results'!S135 -> AIADMK+BJP+PMK+AMMK | H88: ='AC Results'!U135 -> 0.9 | I88: ='AC Results'!V135 -> Toss-up | J88: ='AC Results'!W135 -> TVK | K88: ADMK | L88: AIADMK+BJP+PMK+AMMK | M88: =IF(G88=L88,"Yes","No") -> Yes | N88: =IF(J88=L88,"Yes","No") -> No | O88: =IF(E88<>L88,"Changed","Held") -> Held
A89: 85 | B89: ='AC Results'!A134 -> Mettur | C89: ='AC Results'!Y134 -> Salem | D89: PMK | E89: AIADMK+BJP+PMK+AMMK | F89: ='AC Results'!H134 -> 28 | G89: ='AC Results'!S134 -> AIADMK+BJP+PMK+AMMK | H89: ='AC Results'!U134 -> 8.8 | I89: ='AC Results'!V134 -> Lean | J89: ='AC Results'!W134 -> AIADMK+BJP+PMK+AMMK | K89: ADMK | L89: AIADMK+BJP+PMK+AMMK | M89: =IF(G89=L89,"Yes","No") -> Yes | N89: =IF(J89=L89,"Yes","No") -> Yes | O89: =IF(E89<>L89,"Changed","Held") -> Held
A90: 86 | B90: ='AC Results'!A132 -> Edappadi | C90: ='AC Results'!Y132 -> Salem | D90: AIADMK | E90: AIADMK+BJP+PMK+AMMK | F90: ='AC Results'!H132 -> 53 | G90: ='AC Results'!S132 -> TVK | H90: ='AC Results'!U132 -> 0.5 | I90: ='AC Results'!V132 -> Toss-up | J90: ='AC Results'!W132 -> TVK | K90: ADMK | L90: AIADMK+BJP+PMK+AMMK | M90: =IF(G90=L90,"Yes","No") -> No | N90: =IF(J90=L90,"Yes","No") -> No | O90: =IF(E90<>L90,"Changed","Held") -> Held
A91: 87 | B91: ='AC Results'!A139 -> Sankari | C91: ='AC Results'!Y139 -> Salem | D91: AIADMK | E91: AIADMK+BJP+PMK+AMMK | F91: ='AC Results'!H139 -> 37 | G91: ='AC Results'!S139 -> TVK | H91: ='AC Results'!U139 -> 4.5 | I91: ='AC Results'!V139 -> Toss-up | J91: ='AC Results'!W139 -> TVK | K91: ADMK | L91: AIADMK+BJP+PMK+AMMK | M91: =IF(G91=L91,"Yes","No") -> No | N91: =IF(J91=L91,"Yes","No") -> No | O91: =IF(E91<>L91,"Changed","Held") -> Held
A92: 88 | B92: ='AC Results'!A138 -> Salem (West) | C92: ='AC Results'!Y138 -> Salem | D92: PMK | E92: AIADMK+BJP+PMK+AMMK | F92: ='AC Results'!H138 -> 57 | G92: ='AC Results'!S138 -> TVK | H92: ='AC Results'!U138 -> 7.1 | I92: ='AC Results'!V138 -> Lean | J92: ='AC Results'!W138 -> TVK | K92: TVK | L92: TVK | M92: =IF(G92=L92,"Yes","No") -> Yes | N92: =IF(J92=L92,"Yes","No") -> Yes | O92: =IF(E92<>L92,"Changed","Held") -> Changed
A93: 89 | B93: ='AC Results'!A136 -> Salem (North) | C93: ='AC Results'!Y136 -> Salem | D93: DMK | E93: DMK+INC+VCK | F93: ='AC Results'!H136 -> 59 | G93: ='AC Results'!S136 -> TVK | H93: ='AC Results'!U136 -> 1.3 | I93: ='AC Results'!V136 -> Toss-up | J93: ='AC Results'!W136 -> TVK | K93: TVK | L93: TVK | M93: =IF(G93=L93,"Yes","No") -> Yes | N93: =IF(J93=L93,"Yes","No") -> Yes | O93: =IF(E93<>L93,"Changed","Held") -> Changed
A94: 90 | B94: ='AC Results'!A137 -> Salem (South) | C94: ='AC Results'!Y137 -> Salem | D94: AIADMK | E94: AIADMK+BJP+PMK+AMMK | F94: ='AC Results'!H137 -> 48 | G94: ='AC Results'!S137 -> TVK | H94: ='AC Results'!U137 -> 26.5 | I94: ='AC Results'!V137 -> Strong | J94: ='AC Results'!W137 -> TVK | K94: TVK | L94: TVK | M94: =IF(G94=L94,"Yes","No") -> Yes | N94: =IF(J94=L94,"Yes","No") -> Yes | O94: =IF(E94<>L94,"Changed","Held") -> Changed
A95: 91 | B95: ='AC Results'!A140 -> Veerapandi | C95: ='AC Results'!Y140 -> Salem | D95: AIADMK | E95: AIADMK+BJP+PMK+AMMK | F95: ='AC Results'!H140 -> 44 | G95: ='AC Results'!S140 -> TVK | H95: ='AC Results'!U140 -> 19.8 | I95: ='AC Results'!V140 -> Strong | J95: ='AC Results'!W140 -> TVK | K95: TVK | L95: TVK | M95: =IF(G95=L95,"Yes","No") -> Yes | N95: =IF(J95=L95,"Yes","No") -> Yes | O95: =IF(E95<>L95,"Changed","Held") -> Changed
A96: 92 | B96: ='AC Results'!A112 -> Rasipuram | C96: ='AC Results'!Y112 -> Namakkal | D96: DMK | E96: DMK+INC+VCK | F96: ='AC Results'!H112 -> 51 | G96: ='AC Results'!S112 -> AIADMK+BJP+PMK+AMMK | H96: ='AC Results'!U112 -> 3.2 | I96: ='AC Results'!V112 -> Toss-up | J96: ='AC Results'!W112 -> TVK | K96: TVK | L96: TVK | M96: =IF(G96=L96,"Yes","No") -> No | N96: =IF(J96=L96,"Yes","No") -> Yes | O96: =IF(E96<>L96,"Changed","Held") -> Changed
A97: 93 | B97: ='AC Results'!A113 -> Senthamangalam | C97: ='AC Results'!Y113 -> Namakkal | D97: DMK | E97: DMK+INC+VCK | F97: ='AC Results'!H113 -> 20 | G97: ='AC Results'!S113 -> AIADMK+BJP+PMK+AMMK | H97: ='AC Results'!U113 -> 21.3 | I97: ='AC Results'!V113 -> Lean | J97: ='AC Results'!W113 -> AIADMK+BJP+PMK+AMMK | K97: TVK | L97: TVK | M97: =IF(G97=L97,"Yes","No") -> No | N97: =IF(J97=L97,"Yes","No") -> No | O97: =IF(E97<>L97,"Changed","Held") -> Changed
A98: 94 | B98: ='AC Results'!A110 -> Namakkal | C98: ='AC Results'!Y110 -> Namakkal | D98: DMK | E98: DMK+INC+VCK | F98: ='AC Results'!H110 -> 47 | G98: ='AC Results'!S110 -> AIADMK+BJP+PMK+AMMK | H98: ='AC Results'!U110 -> 0.9 | I98: ='AC Results'!V110 -> Toss-up | J98: ='AC Results'!W110 -> TVK | K98: TVK | L98: TVK | M98: =IF(G98=L98,"Yes","No") -> No | N98: =IF(J98=L98,"Yes","No") -> Yes | O98: =IF(E98<>L98,"Changed","Held") -> Changed
A99: 95 | B99: ='AC Results'!A111 -> Paramathi Velur | C99: ='AC Results'!Y111 -> Namakkal | D99: AIADMK | E99: AIADMK+BJP+PMK+AMMK | F99: ='AC Results'!H111 -> 19 | G99: ='AC Results'!S111 -> TVK | H99: ='AC Results'!U111 -> 5.3 | I99: ='AC Results'!V111 -> Lean | J99: ='AC Results'!W111 -> TVK | K99: ADMK | L99: AIADMK+BJP+PMK+AMMK | M99: =IF(G99=L99,"Yes","No") -> No | N99: =IF(J99=L99,"Yes","No") -> No | O99: =IF(E99<>L99,"Changed","Held") -> Held
A100: 96 | B100: ='AC Results'!A114 -> Tiruchengodu | C100: ='AC Results'!Y114 -> Namakkal | D100: DMK | E100: DMK+INC+VCK | F100: ='AC Results'!H114 -> 39 | G100: ='AC Results'!S114 -> AIADMK+BJP+PMK+AMMK | H100: ='AC Results'!U114 -> 7.8 | I100: ='AC Results'!V114 -> Lean | J100: ='AC Results'!W114 -> AIADMK+BJP+PMK+AMMK | K100: TVK | L100: TVK | M100: =IF(G100=L100,"Yes","No") -> No | N100: =IF(J100=L100,"Yes","No") -> No | O100: =IF(E100<>L100,"Changed","Held") -> Changed
A101: 97 | B101: ='AC Results'!A109 -> Kumarapalayam | C101: ='AC Results'!Y109 -> Namakkal | D101: AIADMK | E101: AIADMK+BJP+PMK+AMMK | F101: ='AC Results'!H109 -> 38 | G101: ='AC Results'!S109 -> TVK | H101: ='AC Results'!U109 -> 5.3 | I101: ='AC Results'!V109 -> Lean | J101: ='AC Results'!W109 -> TVK | K101: TVK | L101: TVK | M101: =IF(G101=L101,"Yes","No") -> Yes | N101: =IF(J101=L101,"Yes","No") -> Yes | O101: =IF(E101<>L101,"Changed","Held") -> Changed
...

Sheet District Results
A1: Party vote share and seats, by district — shifted to all 31,316 votes
A2: District = constituency the respondent picked (current 38 districts), else the district they picked. Seats = constituencies each party leads after the shift.
A4: District | B4: TVK votes | C4: AIADMK+ votes | D4: DMK+ votes | E4: NTK votes | F4: NOTA votes | G4: Responses (n) | H4: TVK adjusted % | I4: AIADMK+ adjusted % | J4: DMK+ adjusted % | K4: NTK adjusted % | L4: NOTA adjusted % | M4: Leader | N4: Lead (pts) | O4: TVK lead/deficit (pts) | P4: ACs | Q4: TVK seats | R4: AIADMK+ seats | S4: DMK+ seats | T4: Other / tie
A5: Ariyalur | B5: 34 | C5: 33 | D5: 17 | E5: 10 | F5: 0 | G5: =SUM(B5:F5) -> 94 | H5: =MAX(0,IF($G5=0,0,B5/$G5)+'Statewide Votes'!$H$9/100) -> 0.31707553 | I5: =MAX(0,IF($G5=0,0,C5/$G5)+'Statewide Votes'!$I$9/100) -> 0.35846334 | J5: =MAX(0,IF($G5=0,0,D5/$G5)+'Statewide Votes'!$J$9/100) -> 0.22519902 | K5: =MAX(0,IF($G5=0,0,E5/$G5)+'Statewide Votes'!$K$9/100) -> 0.097599662 | L5: =MAX(0,IF($G5=0,0,F5/$G5)+'Statewide Votes'!$L$9/100) -> 0.0016624482 | M5: =INDEX({"TVK","AIADMK+BJP+PMK+AMMK","DMK+INC+VCK","NTK","NOTA"},MATCH(MAX(H5:L5),H5:L5,0)) -> AIADMK+BJP+PMK+AMMK | N5: =ROUND((LARGE(H5:L5,1)-LARGE(H5:L5,2))*100,1) -> 4.1 | O5: =ROUND((H5-MAX(I5:L5))*100,1) -> -4.1 | P5: =COUNTIF('AC Results'!$B$5:$B$238,$A5) -> 2 | Q5: =COUNTIFS('AC Results'!$B$5:$B$238,$A5,'AC Results'!$S$5:$S$238,"TVK") -> 1 | R5: =COUNTIFS('AC Results'!$B$5:$B$238,$A5,'AC Results'!$S$5:$S$238,"AIADMK+BJP+PMK+AMMK") -> 1 | S5: =COUNTIFS('AC Results'!$B$5:$B$238,$A5,'AC Results'!$S$5:$S$238,"DMK+INC+VCK") -> 0 | T5: =P5-SUM(Q5:S5) -> 0
A6: Chengalpattu | B6: 188 | C6: 135 | D6: 102 | E6: 29 | F6: 5 | G6: =SUM(B6:F6) -> 459 | H6: =MAX(0,IF($G6=0,0,B6/$G6)+'Statewide Votes'!$H$9/100) -> 0.36495946 | I6: =MAX(0,IF($G6=0,0,C6/$G6)+'Statewide Votes'!$I$9/100) -> 0.30151715 | J6: =MAX(0,IF($G6=0,0,D6/$G6)+'Statewide Votes'!$J$9/100) -> 0.26657018 | K6: =MAX(0,IF($G6=0,0,E6/$G6)+'Statewide Votes'!$K$9/100) -> 0.054397511 | L6: =MAX(0,IF($G6=0,0,F6/$G6)+'Statewide Votes'!$L$9/100) -> 0.012555694 | M6: =INDEX({"TVK","AIADMK+BJP+PMK+AMMK","DMK+INC+VCK","NTK","NOTA"},MATCH(MAX(H6:L6),H6:L6,0)) -> TVK | N6: =ROUND((LARGE(H6:L6,1)-LARGE(H6:L6,2))*100,1) -> 6.3 | O6: =ROUND((H6-MAX(I6:L6))*100,1) -> 6.3 | P6: =COUNTIF('AC Results'!$B$5:$B$238,$A6) -> 7 | Q6: =COUNTIFS('AC Results'!$B$5:$B$238,$A6,'AC Results'!$S$5:$S$238,"TVK") -> 5 | R6: =COUNTIFS('AC Results'!$B$5:$B$238,$A6,'AC Results'!$S$5:$S$238,"AIADMK+BJP+PMK+AMMK") -> 1 | S6: =COUNTIFS('AC Results'!$B$5:$B$238,$A6,'AC Results'!$S$5:$S$238,"DMK+INC+VCK") -> 1 | T6: =P6-SUM(Q6:S6) -> 0
A7: Chennai | B7: 372 | C7: 214 | D7: 226 | E7: 28 | F7: 4 | G7: =SUM(B7:F7) -> 844 | H7: =MAX(0,IF($G7=0,0,B7/$G7)+'Statewide Votes'!$H$9/100) -> 0.3961317 | I7: =MAX(0,IF($G7=0,0,C7/$G7)+'Statewide Votes'!$I$9/100) -> 0.26095401 | J7: =MAX(0,IF($G7=0,0,D7/$G7)+'Statewide Votes'!$J$9/100) -> 0.31212047 | K7: =MAX(0,IF($G7=0,0,E7/$G7)+'Statewide Votes'!$K$9/100) -> 0.024392039 | L7: =MAX(0,IF($G7=0,0,F7/$G7)+'Statewide Votes'!$L$9/100) -> 0.0064017847 | M7: =INDEX({"TVK","AIADMK+BJP+PMK+AMMK","DMK+INC+VCK","NTK","NOTA"},MATCH(MAX(H7:L7),H7:L7,0)) -> TVK | N7: =ROUND((LARGE(H7:L7,1)-LARGE(H7:L7,2))*100,1) -> 8.4 | O7: =ROUND((H7-MAX(I7:L7))*100,1) -> 8.4 | P7: =COUNTIF('AC Results'!$B$5:$B$238,$A7) -> 16 | Q7: =COUNTIFS('AC Results'!$B$5:$B$238,$A7,'AC Results'!$S$5:$S$238,"TVK") -> 9 | R7: =COUNTIFS('AC Results'!$B$5:$B$238,$A7,'AC Results'!$S$5:$S$238,"AIADMK+BJP+PMK+AMMK") -> 2 | S7: =COUNTIFS('AC Results'!$B$5:$B$238,$A7,'AC Results'!$S$5:$S$238,"DMK+INC+VCK") -> 5 | T7: =P7-SUM(Q7:S7) -> 0
A8: Coimbatore | B8: 285 | C8: 186 | D8: 183 | E8: 41 | F8: 3 | G8: =SUM(B8:F8) -> 698 | H8: =MAX(0,IF($G8=0,0,B8/$G8)+'Statewide Votes'!$H$9/100) -> 0.36368286 | I8: =MAX(0,IF($G8=0,0,C8/$G8)+'Statewide Votes'!$I$9/100) -> 0.27387515 | J8: =MAX(0,IF($G8=0,0,D8/$G8)+'Statewide Votes'!$J$9/100) -> 0.30652561 | K8: =MAX(0,IF($G8=0,0,E8/$G8)+'Statewide Votes'!$K$9/100) -> 0.049955938 | L8: =MAX(0,IF($G8=0,0,F8/$G8)+'Statewide Votes'!$L$9/100) -> 0.0059604425 | M8: =INDEX({"TVK","AIADMK+BJP+PMK+AMMK","DMK+INC+VCK","NTK","NOTA"},MATCH(MAX(H8:L8),H8:L8,0)) -> TVK | N8: =ROUND((LARGE(H8:L8,1)-LARGE(H8:L8,2))*100,1) -> 5.7 | O8: =ROUND((H8-MAX(I8:L8))*100,1) -> 5.7 | P8: =COUNTIF('AC Results'!$B$5:$B$238,$A8) -> 10 | Q8: =COUNTIFS('AC Results'!$B$5:$B$238,$A8,'AC Results'!$S$5:$S$238,"TVK") -> 7 | R8: =COUNTIFS('AC Results'!$B$5:$B$238,$A8,'AC Results'!$S$5:$S$238,"AIADMK+BJP+PMK+AMMK") -> 0 | S8: =COUNTIFS('AC Results'!$B$5:$B$238,$A8,'AC Results'!$S$5:$S$238,"DMK+INC+VCK") -> 3 | T8: =P8-SUM(Q8:S8) -> 0
A9: Cuddalore | B9: 57 | C9: 79 | D9: 51 | E9: 14 | F9: 0 | G9: =SUM(B9:F9) -> 201 | H9: =MAX(0,IF($G9=0,0,B9/$G9)+'Statewide Votes'!$H$9/100) -> 0.2389555 | I9: =MAX(0,IF($G9=0,0,C9/$G9)+'Statewide Votes'!$I$9/100) -> 0.40043433 | J9: =MAX(0,IF($G9=0,0,D9/$G9)+'Statewide Votes'!$J$9/100) -> 0.2980793 | K9: =MAX(0,IF($G9=0,0,E9/$G9)+'Statewide Votes'!$K$9/100) -> 0.060868425 | L9: =MAX(0,IF($G9=0,0,F9/$G9)+'Statewide Votes'!$L$9/100) -> 0.0016624482 | M9: =INDEX({"TVK","AIADMK+BJP+PMK+AMMK","DMK+INC+VCK","NTK","NOTA"},MATCH(MAX(H9:L9),H9:L9,0)) -> AIADMK+BJP+PMK+AMMK | N9: =ROUND((LARGE(H9:L9,1)-LARGE(H9:L9,2))*100,1) -> 10.2 | O9: =ROUND((H9-MAX(I9:L9))*100,1) -> -16.1 | P9: =COUNTIF('AC Results'!$B$5:$B$238,$A9) -> 9 | Q9: =COUNTIFS('AC Results'!$B$5:$B$238,$A9,'AC Results'!$S$5:$S$238,"TVK") -> 1 | R9: =COUNTIFS('AC Results'!$B$5:$B$238,$A9,'AC Results'!$S$5:$S$238,"AIADMK+BJP+PMK+AMMK") -> 6 | S9: =COUNTIFS('AC Results'!$B$5:$B$238,$A9,'AC Results'!$S$5:$S$238,"DMK+INC+VCK") -> 2 | T9: =P9-SUM(Q9:S9) -> 0
A10: Dharmapuri | B10: 82 | C10: 99 | D10: 50 | E10: 16 | F10: 2 | G10: =SUM(B10:F10) -> 249 | H10: =MAX(0,IF($G10=0,0,B10/$G10)+'Statewide Votes'!$H$9/100) -> 0.28469067 | I10: =MAX(0,IF($G10=0,0,C10/$G10)+'Statewide Votes'!$I$9/100) -> 0.40498987 | J10: =MAX(0,IF($G10=0,0,D10/$G10)+'Statewide Votes'!$J$9/100) -> 0.24515117 | K10: =MAX(0,IF($G10=0,0,E10/$G10)+'Statewide Votes'!$K$9/100) -> 0.055473711 | L10: =MAX(0,IF($G10=0,0,F10/$G10)+'Statewide Votes'!$L$9/100) -> 0.0096945767 | M10: =INDEX({"TVK","AIADMK+BJP+PMK+AMMK","DMK+INC+VCK","NTK","NOTA"},MATCH(MAX(H10:L10),H10:L10,0)) -> AIADMK+BJP+PMK+AMMK | N10: =ROUND((LARGE(H10:L10,1)-LARGE(H10:L10,2))*100,1) -> 12 | O10: =ROUND((H10-MAX(I10:L10))*100,1) -> -12 | P10: =COUNTIF('AC Results'!$B$5:$B$238,$A10) -> 5 | Q10: =COUNTIFS('AC Results'!$B$5:$B$238,$A10,'AC Results'!$S$5:$S$238,"TVK") -> 1 | R10: =COUNTIFS('AC Results'!$B$5:$B$238,$A10,'AC Results'!$S$5:$S$238,"AIADMK+BJP+PMK+AMMK") -> 4 | S10: =COUNTIFS('AC Results'!$B$5:$B$238,$A10,'AC Results'!$S$5:$S$238,"DMK+INC+VCK") -> 0 | T10: =P10-SUM(Q10:S10) -> 0
A11: Dindigul | B11: 151 | C11: 74 | D11: 82 | E11: 21 | F11: 3 | G11: =SUM(B11:F11) -> 331 | H11: =MAX(0,IF($G11=0,0,B11/$G11)+'Statewide Votes'!$H$9/100) -> 0.41156676 | I11: =MAX(0,IF($G11=0,0,C11/$G11)+'Statewide Votes'!$I$9/100) -> 0.23096446 | J11: =MAX(0,IF($G11=0,0,D11/$G11)+'Statewide Votes'!$J$9/100) -> 0.2920821 | K11: =MAX(0,IF($G11=0,0,E11/$G11)+'Statewide Votes'!$K$9/100) -> 0.054660792 | L11: =MAX(0,IF($G11=0,0,F11/$G11)+'Statewide Votes'!$L$9/100) -> 0.010725892 | M11: =INDEX({"TVK","AIADMK+BJP+PMK+AMMK","DMK+INC+VCK","NTK","NOTA"},MATCH(MAX(H11:L11),H11:L11,0)) -> TVK | N11: =ROUND((LARGE(H11:L11,1)-LARGE(H11:L11,2))*100,1) -> 11.9 | O11: =ROUND((H11-MAX(I11:L11))*100,1) -> 11.9 | P11: =COUNTIF('AC Results'!$B$5:$B$238,$A11) -> 7 | Q11: =COUNTIFS('AC Results'!$B$5:$B$238,$A11,'AC Results'!$S$5:$S$238,"TVK") -> 6 | R11: =COUNTIFS('AC Results'!$B$5:$B$238,$A11,'AC Results'!$S$5:$S$238,"AIADMK+BJP+PMK+AMMK") -> 0 | S11: =COUNTIFS('AC Results'!$B$5:$B$238,$A11,'AC Results'!$S$5:$S$238,"DMK+INC+VCK") -> 1 | T11: =P11-SUM(Q11:S11) -> 0
A12: Erode | B12: 129 | C12: 152 | D12: 74 | E12: 21 | F12: 2 | G12: =SUM(B12:F12) -> 378 | H12: =MAX(0,IF($G12=0,0,B12/$G12)+'Statewide Votes'!$H$9/100) -> 0.29664325 | I12: =MAX(0,IF($G12=0,0,C12/$G12)+'Statewide Votes'!$I$9/100) -> 0.40951591 | J12: =MAX(0,IF($G12=0,0,D12/$G12)+'Statewide Votes'!$J$9/100) -> 0.24011515 | K12: =MAX(0,IF($G12=0,0,E12/$G12)+'Statewide Votes'!$K$9/100) -> 0.046772239 | L12: =MAX(0,IF($G12=0,0,F12/$G12)+'Statewide Votes'!$L$9/100) -> 0.0069534535 | M12: =INDEX({"TVK","AIADMK+BJP+PMK+AMMK","DMK+INC+VCK","NTK","NOTA"},MATCH(MAX(H12:L12),H12:L12,0)) -> AIADMK+BJP+PMK+AMMK | N12: =ROUND((LARGE(H12:L12,1)-LARGE(H12:L12,2))*100,1) -> 11.3 | O12: =ROUND((H12-MAX(I12:L12))*100,1) -> -11.3 | P12: =COUNTIF('AC Results'!$B$5:$B$238,$A12) -> 8 | Q12: =COUNTIFS('AC Results'!$B$5:$B$238,$A12,'AC Results'!$S$5:$S$238,"TVK") -> 1 | R12: =COUNTIFS('AC Results'!$B$5:$B$238,$A12,'AC Results'!$S$5:$S$238,"AIADMK+BJP+PMK+AMMK") -> 6 | S12: =COUNTIFS('AC Results'!$B$5:$B$238,$A12,'AC Results'!$S$5:$S$238,"DMK+INC+VCK") -> 1 | T12: =P12-SUM(Q12:S12) -> 0
A13: Kallakurichi | B13: 62 | C13: 17 | D13: 27 | E13: 10 | F13: 0 | G13: =SUM(B13:F13) -> 116 | H13: =MAX(0,IF($G13=0,0,B13/$G13)+'Statewide Votes'!$H$9/100) -> 0.48985616 | I13: =MAX(0,IF($G13=0,0,C13/$G13)+'Statewide Votes'!$I$9/100) -> 0.15395123 | J13: =MAX(0,IF($G13=0,0,D13/$G13)+'Statewide Votes'!$J$9/100) -> 0.27710658 | K13: =MAX(0,IF($G13=0,0,E13/$G13)+'Statewide Votes'!$K$9/100) -> 0.07742358 | L13: =MAX(0,IF($G13=0,0,F13/$G13)+'Statewide Votes'!$L$9/100) -> 0.0016624482 | M13: =INDEX({"TVK","AIADMK+BJP+PMK+AMMK","DMK+INC+VCK","NTK","NOTA"},MATCH(MAX(H13:L13),H13:L13,0)) -> TVK | N13: =ROUND((LARGE(H13:L13,1)-LARGE(H13:L13,2))*100,1) -> 21.3 | O13: =ROUND((H13-MAX(I13:L13))*100,1) -> 21.3 | P13: =COUNTIF('AC Results'!$B$5:$B$238,$A13) -> 4 | Q13: =COUNTIFS('AC Results'!$B$5:$B$238,$A13,'AC Results'!$S$5:$S$238,"TVK") -> 4 | R13: =COUNTIFS('AC Results'!$B$5:$B$238,$A13,'AC Results'!$S$5:$S$238,"AIADMK+BJP+PMK+AMMK") -> 0 | S13: =COUNTIFS('AC Results'!$B$5:$B$238,$A13,'AC Results'!$S$5:$S$238,"DMK+INC+VCK") -> 0 | T13: =P13-SUM(Q13:S13) -> 0
A14: Kancheepuram | B14: 72 | C14: 58 | D14: 60 | E14: 13 | F14: 0 | G14: =SUM(B14:F14) -> 203 | H14: =MAX(0,IF($G14=0,0,B14/$G14)+'Statewide Votes'!$H$9/100) -> 0.31005321 | I14: =MAX(0,IF($G14=0,0,C14/$G14)+'Statewide Votes'!$I$9/100) -> 0.29311379 | J14: =MAX(0,IF($G14=0,0,D14/$G14)+'Statewide Votes'!$J$9/100) -> 0.33991446 | K14: =MAX(0,IF($G14=0,0,E14/$G14)+'Statewide Votes'!$K$9/100) -> 0.055256092 | L14: =MAX(0,IF($G14=0,0,F14/$G14)+'Statewide Votes'!$L$9/100) -> 0.0016624482 | M14: =INDEX({"TVK","AIADMK+BJP+PMK+AMMK","DMK+INC+VCK","NTK","NOTA"},MATCH(MAX(H14:L14),H14:L14,0)) -> DMK+INC+VCK | N14: =ROUND((LARGE(H14:L14,1)-LARGE(H14:L14,2))*100,1) -> 3 | O14: =ROUND((H14-MAX(I14:L14))*100,1) -> -3 | P14: =COUNTIF('AC Results'!$B$5:$B$238,$A14) -> 4 | Q14: =COUNTIFS('AC Results'!$B$5:$B$238,$A14,'AC Results'!$S$5:$S$238,"TVK") -> 1 | R14: =COUNTIFS('AC Results'!$B$5:$B$238,$A14,'AC Results'!$S$5:$S$238,"AIADMK+BJP+PMK+AMMK") -> 1 | S14: =COUNTIFS('AC Results'!$B$5:$B$238,$A14,'AC Results'!$S$5:$S$238,"DMK+INC+VCK") -> 2 | T14: =P14-SUM(Q14:S14) -> 0
A15: Kanniyakumari | B15: 143 | C15: 133 | D15: 121 | E15: 22 | F15: 2 | G15: =SUM(B15:F15) -> 421 | H15: =MAX(0,IF($G15=0,0,B15/$G15)+'Statewide Votes'!$H$9/100) -> 0.29504086 | I15: =MAX(0,IF($G15=0,0,C15/$G15)+'Statewide Votes'!$I$9/100) -> 0.323314 | J15: =MAX(0,IF($G15=0,0,D15/$G15)+'Statewide Votes'!$J$9/100) -> 0.33175888 | K15: =MAX(0,IF($G15=0,0,E15/$G15)+'Statewide Votes'!$K$9/100) -> 0.043473215 | L15: =MAX(0,IF($G15=0,0,F15/$G15)+'Statewide Votes'!$L$9/100) -> 0.006413042 | M15: =INDEX({"TVK","AIADMK+BJP+PMK+AMMK","DMK+INC+VCK","NTK","NOTA"},MATCH(MAX(H15:L15),H15:L15,0)) -> DMK+INC+VCK | N15: =ROUND((LARGE(H15:L15,1)-LARGE(H15:L15,2))*100,1) -> 0.8 | O15: =ROUND((H15-MAX(I15:L15))*100,1) -> -3.7 | P15: =COUNTIF('AC Results'!$B$5:$B$238,$A15) -> 6 | Q15: =COUNTIFS('AC Results'!$B$5:$B$238,$A15,'AC Results'!$S$5:$S$238,"TVK") -> 3 | R15: =COUNTIFS('AC Results'!$B$5:$B$238,$A15,'AC Results'!$S$5:$S$238,"AIADMK+BJP+PMK+AMMK") -> 2 | S15: =COUNTIFS('AC Results'!$B$5:$B$238,$A15,'AC Results'!$S$5:$S$238,"DMK+INC+VCK") -> 1 | T15: =P15-SUM(Q15:S15) -> 0
A16: Karur | B16: 106 | C16: 57 | D16: 38 | E16: 17 | F16: 7 | G16: =SUM(B16:F16) -> 225 | H16: =MAX(0,IF($G16=0,0,B16/$G16)+'Statewide Votes'!$H$9/100) -> 0.42648452 | I16: =MAX(0,IF($G16=0,0,C16/$G16)+'Statewide Votes'!$I$9/100) -> 0.26073284 | J16: =MAX(0,IF($G16=0,0,D16/$G16)+'Statewide Votes'!$J$9/100) -> 0.21323685 | K16: =MAX(0,IF($G16=0,0,E16/$G16)+'Statewide Votes'!$K$9/100) -> 0.066772239 | L16: =MAX(0,IF($G16=0,0,F16/$G16)+'Statewide Votes'!$L$9/100) -> 0.032773559 | M16: =INDEX({"TVK","AIADMK+BJP+PMK+AMMK","DMK+INC+VCK","NTK","NOTA"},MATCH(MAX(H16:L16),H16:L16,0)) -> TVK | N16: =ROUND((LARGE(H16:L16,1)-LARGE(H16:L16,2))*100,1) -> 16.6 | O16: =ROUND((H16-MAX(I16:L16))*100,1) -> 16.6 | P16: =COUNTIF('AC Results'!$B$5:$B$238,$A16) -> 4 | Q16: =COUNTIFS('AC Results'!$B$5:$B$238,$A16,'AC Results'!$S$5:$S$238,"TVK") -> 4 | R16: =COUNTIFS('AC Results'!$B$5:$B$238,$A16,'AC Results'!$S$5:$S$238,"AIADMK+BJP+PMK+AMMK") -> 0 | S16: =COUNTIFS('AC Results'!$B$5:$B$238,$A16,'AC Results'!$S$5:$S$238,"DMK+INC+VCK") -> 0 | T16: =P16-SUM(Q16:S16) -> 0
... A42: Virudhunagar | B42: 143 | C42: 97 | D42: 71 | E42: 27 | F42: 1 | G42: =SUM(B42:F42) -> 339 | H42: =MAX(0,IF($G42=0,0,B42/$G42)+'Statewide Votes'!$H$9/100) -> 0.37720231 | I42: =MAX(0,IF($G42=0,0,C42/$G42)+'Statewide Votes'!$I$9/100) -> 0.2935352 | J42: =MAX(0,IF($G42=0,0,D42/$G42)+'Statewide Votes'!$J$9/100) -> 0.25378748 | K42: =MAX(0,IF($G42=0,0,E42/$G42)+'Statewide Votes'!$K$9/100) -> 0.070862701 | L42: =MAX(0,IF($G42=0,0,F42/$G42)+'Statewide Votes'!$L$9/100) -> 0.0046123007 | M42: =INDEX({"TVK","AIADMK+BJP+PMK+AMMK","DMK+INC+VCK","NTK","NOTA"},MATCH(MAX(H42:L42),H42:L42,0)) -> TVK | N42: =ROUND((LARGE(H42:L42,1)-LARGE(H42:L42,2))*100,1) -> 8.4 | O42: =ROUND((H42-MAX(I42:L42))*100,1) -> 8.4 | P42: =COUNTIF('AC Results'!$B$5:$B$238,$A42) -> 7 | Q42: =COUNTIFS('AC Results'!$B$5:$B$238,$A42,'AC Results'!$S$5:$S$238,"TVK") -> 6 | R42: =COUNTIFS('AC Results'!$B$5:$B$238,$A42,'AC Results'!$S$5:$S$238,"AIADMK+BJP+PMK+AMMK") -> 1 | S42: =COUNTIFS('AC Results'!$B$5:$B$238,$A42,'AC Results'!$S$5:$S$238,"DMK+INC+VCK") -> 0 | T42: =P42-SUM(Q42:S42) -> 0
A43: Tamil Nadu | B43: =SUM(B5:B42) -> 4493 | C43: =SUM(C5:C42) -> 3153 | D43: =SUM(D5:D42) -> 2836 | E43: =SUM(E5:E42) -> 895 | F43: =SUM(F5:F42) -> 72 | G43: =SUM(G5:G42) -> 11449 | P43: =SUM(P5:P42) -> 234 | Q43: =SUM(Q5:Q42) -> 115 | R43: =SUM(R5:R42) -> 60 | S43: =SUM(S5:S42) -> 56 | T43: =SUM(T5:T42) -> 3

Sheet Who Voted How
A1: Vote split by age group, religion and survey form
A2: Only some forms asked age and religion, so those groups are smaller. Shares = % of that group voting for each party; each row adds to 100%.
A4: Dimension | B4: Group | C4: TVK votes | D4: AIADMK+ votes | E4: DMK+ votes | F4: NTK votes | G4: NOTA votes | H4: n | I4: TVK % | J4: AIADMK+ % | K4: DMK+ % | L4: NTK % | M4: NOTA %
A5: Age group | B5: 18 - 25 | C5: 509 | D5: 137 | E5: 105 | F5: 81 | G5: 8 | H5: =SUM(C5:G5) -> 840 | I5: =IF($H5=0,0,C5/$H5) -> 0.60595238 | J5: =IF($H5=0,0,D5/$H5) -> 0.16309524 | K5: =IF($H5=0,0,E5/$H5) -> 0.125 | L5: =IF($H5=0,0,F5/$H5) -> 0.096428571 | M5: =IF($H5=0,0,G5/$H5) -> 0.0095238095
A6: Age group | B6: 26 - 35 | C6: 705 | D6: 195 | E6: 184 | F6: 117 | G6: 3 | H6: =SUM(C6:G6) -> 1204 | I6: =IF($H6=0,0,C6/$H6) -> 0.58554817 | J6: =IF($H6=0,0,D6/$H6) -> 0.16196013 | K6: =IF($H6=0,0,E6/$H6) -> 0.15282392 | L6: =IF($H6=0,0,F6/$H6) -> 0.09717608 | M6: =IF($H6=0,0,G6/$H6) -> 0.0024916944
A7: Age group | B7: 36 - 45 | C7: 228 | D7: 156 | E7: 152 | F7: 25 | G7: 6 | H7: =SUM(C7:G7) -> 567 | I7: =IF($H7=0,0,C7/$H7) -> 0.4021164 | J7: =IF($H7=0,0,D7/$H7) -> 0.27513228 | K7: =IF($H7=0,0,E7/$H7) -> 0.2680776 | L7: =IF($H7=0,0,F7/$H7) -> 0.044091711 | M7: =IF($H7=0,0,G7/$H7) -> 0.010582011
A8: Age group | B8: 46 - 55 | C8: 99 | D8: 158 | E8: 186 | F8: 12 | G8: 5 | H8: =SUM(C8:G8) -> 460 | I8: =IF($H8=0,0,C8/$H8) -> 0.21521739 | J8: =IF($H8=0,0,D8/$H8) -> 0.34347826 | K8: =IF($H8=0,0,E8/$H8) -> 0.40434783 | L8: =IF($H8=0,0,F8/$H8) -> 0.026086957 | M8: =IF($H8=0,0,G8/$H8) -> 0.010869565
A9: Age group | B9: 56 - 65 | C9: 46 | D9: 197 | E9: 226 | F9: 19 | G9: 9 | H9: =SUM(C9:G9) -> 497 | I9: =IF($H9=0,0,C9/$H9) -> 0.092555332 | J9: =IF($H9=0,0,D9/$H9) -> 0.39637827 | K9: =IF($H9=0,0,E9/$H9) -> 0.45472837 | L9: =IF($H9=0,0,F9/$H9) -> 0.038229376 | M9: =IF($H9=0,0,G9/$H9) -> 0.018108652
A10: Age group | B10: 66 & above | C10: 35 | D10: 119 | E10: 191 | F10: 15 | G10: 5 | H10: =SUM(C10:G10) -> 365 | I10: =IF($H10=0,0,C10/$H10) -> 0.095890411 | J10: =IF($H10=0,0,D10/$H10) -> 0.3260274 | K10: =IF($H10=0,0,E10/$H10) -> 0.52328767 | L10: =IF($H10=0,0,F10/$H10) -> 0.04109589 | M10: =IF($H10=0,0,G10/$H10) -> 0.01369863
A12: Religion | B12: Hindu | C12: 1240 | D12: 857 | E12: 717 | F12: 212 | G12: 26 | H12: =SUM(C12:G12) -> 3052 | I12: =IF($H12=0,0,C12/$H12) -> 0.40629096 | J12: =IF($H12=0,0,D12/$H12) -> 0.28079948 | K12: =IF($H12=0,0,E12/$H12) -> 0.23492792 | L12: =IF($H12=0,0,F12/$H12) -> 0.069462647 | M12: =IF($H12=0,0,G12/$H12) -> 0.0085190039
A13: Religion | B13: Christian | C13: 167 | D13: 19 | E13: 122 | F13: 26 | G13: 2 | H13: =SUM(C13:G13) -> 336 | I13: =IF($H13=0,0,C13/$H13) -> 0.49702381 | J13: =IF($H13=0,0,D13/$H13) -> 0.056547619 | K13: =IF($H13=0,0,E13/$H13) -> 0.36309524 | L13: =IF($H13=0,0,F13/$H13) -> 0.077380952 | M13: =IF($H13=0,0,G13/$H13) -> 0.005952381
A14: Religion | B14: Muslim | C14: 97 | D14: 18 | E14: 116 | F14: 8 | G14: 3 | H14: =SUM(C14:G14) -> 242 | I14: =IF($H14=0,0,C14/$H14) -> 0.40082645 | J14: =IF($H14=0,0,D14/$H14) -> 0.074380165 | K14: =IF($H14=0,0,E14/$H14) -> 0.47933884 | L14: =IF($H14=0,0,F14/$H14) -> 0.033057851 | M14: =IF($H14=0,0,G14/$H14) -> 0.012396694
A15: Religion | B15: Others | C15: 36 | D15: 8 | E15: 22 | F15: 11 | G15: 2 | H15: =SUM(C15:G15) -> 79 | I15: =IF($H15=0,0,C15/$H15) -> 0.4556962 | J15: =IF($H15=0,0,D15/$H15) -> 0.10126582 | K15: =IF($H15=0,0,E15/$H15) -> 0.27848101 | L15: =IF($H15=0,0,F15/$H15) -> 0.13924051 | M15: =IF($H15=0,0,G15/$H15) -> 0.025316456
A17: Survey form | B17: State Wide | C17: 2785 | D17: 2345 | E17: 2507 | F17: 538 | G17: 64 | H17: =SUM(C17:G17) -> 8239 | I17: =IF($H17=0,0,C17/$H17) -> 0.33802646 | J17: =IF($H17=0,0,D17/$H17) -> 0.28462192 | K17: =IF($H17=0,0,E17/$H17) -> 0.3042845 | L17: =IF($H17=0,0,F17/$H17) -> 0.065299187 | M17: =IF($H17=0,0,G17/$H17) -> 0.007767933
A18: Survey form | B18: Central Zone | C18: 1976 | D18: 1538 | E18: 1668 | F18: 417 | G18: 53 | H18: =SUM(C18:G18) -> 5652 | I18: =IF($H18=0,0,C18/$H18) -> 0.34961076 | J18: =IF($H18=0,0,D18/$H18) -> 0.27211607 | K18: =IF($H18=0,0,E18/$H18) -> 0.29511677 | L18: =IF($H18=0,0,F18/$H18) -> 0.073779193 | M18: =IF($H18=0,0,G18/$H18) -> 0.0093772116
... A23: Survey form | B23: State Wide Demographics Beta | C23: 463 | D23: 277 | E23: 388 | F23: 98 | G23: 13 | H23: =SUM(C23:G23) -> 1239 | I23: =IF($H23=0,0,C23/$H23) -> 0.37368846 | J23: =IF($H23=0,0,D23/$H23) -> 0.22356739 | K23: =IF($H23=0,0,E23/$H23) -> 0.31315577 | L23: =IF($H23=0,0,F23/$H23) -> 0.079096045 | M23: =IF($H23=0,0,G23/$H23) -> 0.010492333

Sheet Model Validation
A1: Categorical models of party choice — validation
A2: Outcome: party chosen (NOTA excluded). 80/20 stratified train/test split, 5-fold CV. Best = lowest test log loss. Full detail: TN-2026-Party-Choice-Models.xlsx.
A4: Sample | B4: Model | C4: n | D4: CV accuracy % | E4: CV SD | F4: Train % | G4: Test % | H4: Balanced % | I4: Macro F1 % | J4: Log loss | K4: AUC | L4: Share MAPE % | M4: Best
A5: A · All votes | B5: Baseline (most common party) | C5: 31067 | D5: 35.1 | E5: 0 | F5: 35.1 | G5: 35.1 | H5: 25 | I5: 13 | J5: 1.271 | K5: 0.5 | L5: 0.04
A6: A · All votes | B6: Multinomial logistic | C6: 31067 | D6: 49.4 | E6: 0.5 | F6: 49.7 | G6: 49.4 | H6: 38.6 | I6: 36.6 | J6: 1.137 | K6: 0.686 | L6: 0.28
A7: A · All votes | B7: Naive Bayes | C7: 31067 | D7: 49 | E7: 0.4 | F7: 49.3 | G7: 48.7 | H7: 37.9 | I7: 35.6 | J7: 1.28 | K7: 0.678 | L7: 4.72
A8: A · All votes | B8: Decision tree | C8: 31067 | D8: 49.2 | E8: 0.5 | F8: 49.9 | G8: 49.6 | H8: 38.8 | I8: 36.9 | J8: 1.163 | K8: 0.675 | L8: 0.4
A9: A · All votes | B9: Random forest | C9: 31067 | D9: 49.7 | E9: 0.4 | F9: 54.8 | G9: 49.5 | H9: 38.7 | I9: 36.8 | J9: 1.132 | K9: 0.689 | L9: 0.56 | M9: Yes
A10: A · All votes | B10: XGBoost | C10: 31067 | D10: 49.4 | E10: 0.6 | F10: 52.2 | G10: 49.5 | H10: 38.7 | I10: 36.8 | J10: 1.132 | K10: 0.69 | L10: 0.36
A11: B · With location | B11: Baseline (most common party) | C11: 11377 | D11: 39.5 | E11: 0 | F11: 39.5 | G11: 39.5 | H11: 25 | I11: 14.2 | J11: 1.269 | K11: 0.5 | L11: 0.04
A12: B · With location | B12: Multinomial logistic | C12: 11377 | D12: 52.2 | E12: 0.7 | F12: 53.3 | G12: 50.9 | H12: 38.4 | I12: 36.7 | J12: 1.152 | K12: 0.677 | L12: 0.62
A13: B · With location | B13: Naive Bayes | C13: 11377 | D13: 50.5 | E13: 0.3 | F13: 51.9 | G13: 49 | H13: 37.9 | I13: 36.9 | J13: 1.366 | K13: 0.677 | L13: 7.27
A14: B · With location | B14: Decision tree | C14: 11377 | D14: 50.7 | E14: 0.5 | F14: 53.3 | G14: 50 | H14: 37.6 | I14: 35.8 | J14: 1.215 | K14: 0.654 | L14: 0.79
A15: B · With location | B15: Random forest | C15: 11377 | D15: 53 | E15: 0.8 | F15: 58.6 | G15: 50.7 | H15: 38 | I15: 36.1 | J15: 1.138 | K15: 0.688 | L15: 1.08 | M15: Yes
A16: B · With location | B16: XGBoost | C16: 11377 | D16: 53.3 | E16: 1.3 | F16: 58.8 | G16: 50.9 | H16: 38.4 | I16: 36.8 | J16: 1.142 | K16: 0.686 | L16: 0.94
A17: C · With age & religion | B17: Baseline (most common party) | C17: 3660 | D17: 42 | E17: 0.1 | F17: 42 | G17: 41.9 | H17: 25 | I17: 14.8 | J17: 1.247 | K17: 0.5 | L17: 0.32
A18: C · With age & religion | B18: Multinomial logistic | C18: 3660 | D18: 56.1 | E18: 1 | F18: 58.3 | G18: 54 | H18: 39.7 | I18: 38.2 | J18: 1.084 | K18: 0.71 | L18: 1.33
A19: C · With age & religion | B19: Naive Bayes | C19: 3660 | D19: 54.8 | E19: 0.5 | F19: 56 | G19: 54 | H19: 40.2 | I19: 38.7 | J19: 1.445 | K19: 0.693 | L19: 5.02
A20: C · With age & religion | B20: Decision tree | C20: 3660 | D20: 55.7 | E20: 1.8 | F20: 58.3 | G20: 52.3 | H20: 38 | I20: 36.4 | J20: 1.106 | K20: 0.693 | L20: 1.72
A21: C · With age & religion | B21: Random forest | C21: 3660 | D21: 56.7 | E21: 1.4 | F21: 61.8 | G21: 53.4 | H21: 38.9 | I21: 37.1 | J21: 1.067 | K21: 0.724 | L21: 0.81 | M21: Yes
A22: C · With age & religion | B22: XGBoost | C22: 3660 | D22: 56.8 | E22: 1.3 | F22: 68.9 | G22: 55.3 | H22: 40.8 | I22: 39.4 | J22: 1.093 | K22: 0.709 | L22: 2.9

Sheet Significant Variables
A1: Significant predictors (p < 0.05) — multinomial logit, relative risk ratio vs TVK
A3: Variable | B3: Group | C3: Reference | D3: Party (vs TVK) | E3: RRR | F3: 95% CI low | G3: 95% CI high | H3: p-value | I3: Effect
A4: Age group | B4: 46 - 55 | C4: 18 - 25 | D4: AIADMK alliance | E4: 2.27 | F4: 1.55 | G4: 3.33 | H4: 0 | I4: =IF(E4>1,"More likely than TVK","Less likely than TVK") -> More likely than TVK
A5: Age group | B5: 56 - 65 | C5: 18 - 25 | D5: AIADMK alliance | E5: 6.35 | F5: 4.09 | G5: 9.85 | H5: 0 | I5: =IF(E5>1,"More likely than TVK","Less likely than TVK") -> More likely than TVK
A6: Age group | B6: 66 & above | C6: 18 - 25 | D6: AIADMK alliance | E6: 3.91 | F6: 2.32 | G6: 6.58 | H6: 0 | I6: =IF(E6>1,"More likely than TVK","Less likely than TVK") -> More likely than TVK
A7: Religion | B7: Christian | C7: Hindu | D7: AIADMK alliance | E7: 0.16 | F7: 0.09 | G7: 0.28 | H7: 0 | I7: =IF(E7>1,"More likely than TVK","Less likely than TVK") -> Less likely than TVK
A8: Religion | B8: Muslim | C8: Hindu | D8: AIADMK alliance | E8: 0.33 | F8: 0.19 | G8: 0.56 | H8: 0.0001 | I8: =IF(E8>1,"More likely than TVK","Less likely than TVK") -> Less likely than TVK
A9: Religion | B9: Others | C9: Hindu | D9: AIADMK alliance | E9: 0.29 | F9: 0.11 | G9: 0.73 | H9: 0.0086 | I9: =IF(E9>1,"More likely than TVK","Less likely than TVK") -> Less likely than TVK
A10: Opened via | B10: Facebook | C10: Instagram | D10: AIADMK alliance | E10: 4.81 | F10: 3.77 | G10: 6.13 | H10: 0 | I10: =IF(E10>1,"More likely than TVK","Less likely than TVK") -> More likely than TVK
A11: Region | B11: Central/Delta | C11: Chennai metro | D11: AIADMK alliance | E11: 1.52 | F11: 1.08 | G11: 2.15 | H11: 0.0169 | I11: =IF(E11>1,"More likely than TVK","Less likely than TVK") -> More likely than TVK
A12: Region | B12: North | C12: Chennai metro | D12: AIADMK alliance | E12: 2.2 | F12: 1.59 | G12: 3.02 | H12: 0 | I12: =IF(E12>1,"More likely than TVK","Less likely than TVK") -> More likely than TVK
A13: Region | B13: South | C13: Chennai metro | D13: AIADMK alliance | E13: 1.63 | F13: 1.21 | G13: 2.2 | H13: 0.0012 | I13: =IF(E13>1,"More likely than TVK","Less likely than TVK") -> More likely than TVK
A14: Region | B14: West (Kongu) | C14: Chennai metro | D14: AIADMK alliance | E14: 1.41 | F14: 1.04 | G14: 1.91 | H14: 0.0253 | I14: =IF(E14>1,"More likely than TVK","Less likely than TVK") -> More likely than TVK
A15: Age group | B15: 36 - 45 | C15: 18 - 25 | D15: DMK alliance | E15: 1.66 | F15: 1.17 | G15: 2.35 | H15: 0.0046 | I15: =IF(E15>1,"More likely than TVK","Less likely than TVK") -> More likely than TVK
... A25: Region | B25: West (Kongu) | C25: Chennai metro | D25: NTK | E25: 1.8 | F25: 1.11 | G25: 2.92 | H25: 0.018 | I25: =IF(E25>1,"More likely than TVK","Less likely than TVK") -> More likely than TVK
